ISO-10303-21;
HEADER;
FILE_DESCRIPTION (( 'STEP AP214' ),
    '1' );
FILE_NAME ('Pedestal Housing_TY.STEP',
    '2026-06-02T21:34:42',
    ( '' ),
    ( '' ),
    'SwSTEP 2.0',
    'SolidWorks 2024',
    '' );
FILE_SCHEMA (( 'AUTOMOTIVE_DESIGN' ));
ENDSEC;

DATA;
#1 = AXIS2_PLACEMENT_3D ( 'NONE', #2661, #2601, #1888 ) ;
#2 = CARTESIAN_POINT ( 'NONE',  ( -9.475230867899737675, 6.875000000000000888, 9.475230867899737675 ) ) ;
#3 = ORIENTED_EDGE ( 'NONE', *, *, #3346, .F. ) ;
#4 = SURFACE_STYLE_USAGE ( .BOTH. , #2761 ) ;
#5 = EDGE_CURVE ( 'NONE', #866, #866, #3169, .T. ) ;
#6 = COLOUR_RGB ( '',0.2941176470588235392, 0.2745098039215686514, 1.000000000000000000 ) ;
#7 = ADVANCED_FACE ( 'NONE', ( #1262 ), #2359, .T. ) ;
#8 = CARTESIAN_POINT ( 'NONE',  ( 13.40214012082286743, 1.599723201635751435, -0.5532662132139193334 ) ) ;
#9 =( NAMED_UNIT ( * ) SI_UNIT ( $, .STERADIAN. ) SOLID_ANGLE_UNIT ( ) );
#10 = CARTESIAN_POINT ( 'NONE',  ( -13.40000000000000036, 6.887500000000000178, -5.550461735799474106 ) ) ;
#11 = MECHANICAL_DESIGN_GEOMETRIC_PRESENTATION_REPRESENTATION (  '', ( #1411 ), #2116 ) ;
#12 = PLANE ( 'NONE',  #4336 ) ;
#13 = ORIENTED_EDGE ( 'NONE', *, *, #869, .F. ) ;
#14 = CARTESIAN_POINT ( 'NONE',  ( -13.78568851628465808, 3.218914651395904158, -14.65781290106666823 ) ) ;
#15 = CARTESIAN_POINT ( 'NONE',  ( 9.970205614730319965, 8.106295175475212389, -9.970205614730321741 ) ) ;
#16 = DIRECTION ( 'NONE',  ( 0.000000000000000000, 1.000000000000000000, 0.000000000000000000 ) ) ;
#17 = CARTESIAN_POINT ( 'NONE',  ( 13.35319599413872993, 0.6555434369793337046, -1.118998716816826056 ) ) ;
#18 = CARTESIAN_POINT ( 'NONE',  ( -5.550461735799474106, 8.137500000000001066, 13.40000000000000036 ) ) ;
#19 = SURFACE_SIDE_STYLE ('',( #2910 ) ) ;
#20 = ADVANCED_FACE ( 'NONE', ( #3064 ), #2623, .T. ) ;
#21 = CIRCLE ( 'NONE', #3548, 12.48482314205645238 ) ;
#22 = PLANE ( 'NONE',  #3450 ) ;
#23 = DIRECTION ( 'NONE',  ( -0.000000000000000000, 0.000000000000000000, 1.000000000000000000 ) ) ;
#24 = LINE ( 'NONE', #2851, #406 ) ;
#25 = EDGE_LOOP ( 'NONE', ( #2958, #562, #3571, #646 ) ) ;
#26 = UNCERTAINTY_MEASURE_WITH_UNIT (LENGTH_MEASURE( 1.000000000000000082E-05 ), #1258, 'distance_accuracy_value', 'NONE');
#27 = SURFACE_STYLE_FILL_AREA ( #3189 ) ;
#28 = CARTESIAN_POINT ( 'NONE',  ( 13.39999999999999680, 7.312500000000000888, -5.550461735799482099 ) ) ;
#29 = ORIENTED_EDGE ( 'NONE', *, *, #1518, .T. ) ;
#30 = DIRECTION ( 'NONE',  ( 1.000000000000000000, -0.000000000000000000, -0.000000000000000000 ) ) ;
#31 = MECHANICAL_DESIGN_GEOMETRIC_PRESENTATION_REPRESENTATION (  '', ( #1072 ), #3408 ) ;
#32 = VECTOR ( 'NONE', #3391, 1000.000000000000000 ) ;
#33 = ADVANCED_FACE ( 'NONE', ( #1309 ), #1001, .T. ) ;
#34 = DIRECTION ( 'NONE',  ( 0.000000000000000000, -0.3583679495452976593, 0.9335804264972027422 ) ) ;
#35 = DIRECTION ( 'NONE',  ( 0.000000000000000000, 1.000000000000000000, 0.000000000000000000 ) ) ;
#36 =( NAMED_UNIT ( * ) PLANE_ANGLE_UNIT ( ) SI_UNIT ( $, .RADIAN. ) );
#37 = VECTOR ( 'NONE', #2992, 1000.000000000000114 ) ;
#38 = ORIENTED_EDGE ( 'NONE', *, *, #3551, .F. ) ;
#39 = PRESENTATION_STYLE_ASSIGNMENT (( #340 ) ) ;
#40 = CARTESIAN_POINT ( 'NONE',  ( -5.840411229460641174, 6.668795175475212389, 14.10000000000000320 ) ) ;
#41 = LINE ( 'NONE', #794, #1729 ) ;
#42 = SURFACE_SIDE_STYLE ('',( #1798 ) ) ;
#43 = CARTESIAN_POINT ( 'NONE',  ( -14.10000000000000320, 6.156204824524792230, -5.840411229460639397 ) ) ;
#44 = DIRECTION ( 'NONE',  ( -1.000000000000000000, 0.000000000000000000, -0.000000000000000000 ) ) ;
#45 = CARTESIAN_POINT ( 'NONE',  ( 13.29877818578855475, 0.4847194053627608135, -0.4140250288283042202 ) ) ;
#46 = CARTESIAN_POINT ( 'NONE',  ( -7.490708688590950182, 10.00000000000000000, -11.11077330084040860 ) ) ;
#47 = MECHANICAL_DESIGN_GEOMETRIC_PRESENTATION_REPRESENTATION (  '', ( #1157 ), #2641 ) ;
#48 = SURFACE_STYLE_FILL_AREA ( #447 ) ;
#49 = CARTESIAN_POINT ( 'NONE',  ( -13.40000000000000036, 6.687500000000000888, -5.550461735799474106 ) ) ;
#50 = EDGE_LOOP ( 'NONE', ( #134, #2809, #1083, #3025, #4037, #1983, #289, #2709, #2476, #2301 ) ) ;
#51 = STYLED_ITEM ( 'NONE', ( #199 ), #3116 ) ;
#52 = LINE ( 'NONE', #3944, #88 ) ;
#53 = CARTESIAN_POINT ( 'NONE',  ( -4.962382004931043866, 13.15621570892968606, 11.50959012463679620 ) ) ;
#54 = DIRECTION ( 'NONE',  ( 0.000000000000000000, -1.000000000000000000, 0.000000000000000000 ) ) ;
#55 =( GEOMETRIC_REPRESENTATION_CONTEXT ( 3 ) GLOBAL_UNCERTAINTY_ASSIGNED_CONTEXT ( ( #2953 ) ) GLOBAL_UNIT_ASSIGNED_CONTEXT ( ( #1531, #1172, #2306 ) ) REPRESENTATION_CONTEXT ( 'NONE', 'WORKASPACE' ) );
#56 = DIRECTION ( 'NONE',  ( -1.000000000000000000, 0.000000000000000000, -1.635972270951187843E-16 ) ) ;
#57 = ADVANCED_FACE ( 'NONE', ( #2486 ), #558, .T. ) ;
#58 = ORIENTED_EDGE ( 'NONE', *, *, #180, .T. ) ;
#59 = DIRECTION ( 'NONE',  ( -0.8712137661464369742, 0.000000000000000000, -0.4909038334306846108 ) ) ;
#60 =( NAMED_UNIT ( * ) SI_UNIT ( $, .STERADIAN. ) SOLID_ANGLE_UNIT ( ) );
#61 = LINE ( 'NONE', #4209, #4006 ) ;
#62 = PRESENTATION_STYLE_ASSIGNMENT (( #1490 ) ) ;
#63 = CARTESIAN_POINT ( 'NONE',  ( -9.970205614730319965, 6.093704824524790453, -9.970205614730319965 ) ) ;
#64 = AXIS2_PLACEMENT_3D ( 'NONE', #3958, #487, #23 ) ;
#65 = CARTESIAN_POINT ( 'NONE',  ( 13.39386407330357720, 10.00000000000000000, 0.4054690936036221549 ) ) ;
#66 = CARTESIAN_POINT ( 'NONE',  ( 0.000000000000000000, 1.600000000000000311, 12.84999999999999964 ) ) ;
#67 = EDGE_CURVE ( 'NONE', #3260, #4083, #778, .T. ) ;
#68 = DIRECTION ( 'NONE',  ( 0.000000000000000000, 1.000000000000000000, 0.000000000000000000 ) ) ;
#69 = MECHANICAL_DESIGN_GEOMETRIC_PRESENTATION_REPRESENTATION (  '', ( #1546 ), #2054 ) ;
#70 = VERTEX_POINT ( 'NONE', #1139 ) ;
#71 =( LENGTH_UNIT ( ) NAMED_UNIT ( * ) SI_UNIT ( .MILLI., .METRE. ) );
#72 = ORIENTED_EDGE ( 'NONE', *, *, #223, .F. ) ;
#73 = DIRECTION ( 'NONE',  ( 0.000000000000000000, 1.000000000000000000, -0.000000000000000000 ) ) ;
#74 = MECHANICAL_DESIGN_GEOMETRIC_PRESENTATION_REPRESENTATION (  '', ( #1612 ), #1844 ) ;
#75 = COLOUR_RGB ( '',0.2941176470588235392, 0.2745098039215686514, 1.000000000000000000 ) ;
#76 = DIRECTION ( 'NONE',  ( 0.000000000000000000, 0.000000000000000000, -1.000000000000000000 ) ) ;
#77 = CARTESIAN_POINT ( 'NONE',  ( 0.000000000000000000, 4.600000000000000533, 13.40000000000000036 ) ) ;
#78 = FILL_AREA_STYLE_COLOUR ( '', #675 ) ;
#79 = PRESENTATION_LAYER_ASSIGNMENT (  '', '', ( #4400 ) ) ;
#80 = VERTEX_POINT ( 'NONE', #441 ) ;
#81 = COLOUR_RGB ( '',0.2941176470588235392, 0.2745098039215686514, 1.000000000000000000 ) ;
#82 = SURFACE_STYLE_USAGE ( .BOTH. , #2117 ) ;
#83 = DIRECTION ( 'NONE',  ( -0.000000000000000000, -1.000000000000000000, -0.000000000000000000 ) ) ;
#84 = CARTESIAN_POINT ( 'NONE',  ( 13.35427153842905490, 0.5057917966545079080, -1.106102986191737081 ) ) ;
#85 = ADVANCED_FACE ( 'NONE', ( #2576 ), #3227, .T. ) ;
#86 = VECTOR ( 'NONE', #273, 1000.000000000000000 ) ;
#87 = CARTESIAN_POINT ( 'NONE',  ( 5.840411229460637621, 5.906204824524792230, -14.10000000000000497 ) ) ;
#88 = VECTOR ( 'NONE', #2879, 1000.000000000000000 ) ;
#89 = CARTESIAN_POINT ( 'NONE',  ( -13.29877818578986215, -1.800000000000000044, 1.104898520454776101 ) ) ;
#90 = UNCERTAINTY_MEASURE_WITH_UNIT (LENGTH_MEASURE( 1.000000000000000082E-05 ), #889, 'distance_accuracy_value', 'NONE');
#91 = DIRECTION ( 'NONE',  ( 0.000000000000000000, 1.000000000000000000, 0.000000000000000000 ) ) ;
#92 = SURFACE_SIDE_STYLE ('',( #800 ) ) ;
#93 = DIRECTION ( 'NONE',  ( 0.000000000000000000, 1.000000000000000000, -0.000000000000000000 ) ) ;
#94 = ADVANCED_FACE ( 'NONE', ( #1427, #400, #2850, #4341, #1974, #3014, #4025, #3373, #1197 ), #1556, .T. ) ;
#95 = FILL_AREA_STYLE ('',( #3249 ) ) ;
#96 = VERTEX_POINT ( 'NONE', #3397 ) ;
#97 = CARTESIAN_POINT ( 'NONE',  ( 13.33899174830665224, -1.799999999999999600, -1.277223214088685666 ) ) ;
#98 = DIRECTION ( 'NONE',  ( 0.000000000000000000, 1.000000000000000000, 0.000000000000000000 ) ) ;
#99 = ORIENTED_EDGE ( 'NONE', *, *, #3490, .T. ) ;
#100 = FACE_OUTER_BOUND ( 'NONE', #2369, .T. ) ;
#101 = FILL_AREA_STYLE_COLOUR ( '', #3630 ) ;
#102 = CARTESIAN_POINT ( 'NONE',  ( 5.840411229460638509, 7.906204824524790453, -14.10000000000000320 ) ) ;
#103 = MECHANICAL_DESIGN_GEOMETRIC_PRESENTATION_REPRESENTATION (  '', ( #3051 ), #2099 ) ;
#104 = ORIENTED_EDGE ( 'NONE', *, *, #119, .F. ) ;
#105 = CARTESIAN_POINT ( 'NONE',  ( -9.970205614730319965, 7.606295175475212389, 9.970205614730319965 ) ) ;
#106 =( LENGTH_UNIT ( ) NAMED_UNIT ( * ) SI_UNIT ( .MILLI., .METRE. ) );
#107 = DIRECTION ( 'NONE',  ( 0.000000000000000000, 1.000000000000000000, 0.000000000000000000 ) ) ;
#108 = CARTESIAN_POINT ( 'NONE',  ( -3.367574150264197819, 1.779508393036489666, 12.40088482095017142 ) ) ;
#109 = CARTESIAN_POINT ( 'NONE',  ( 0.000000000000000000, 5.468704824524791341, 14.09999999999999964 ) ) ;
#110 = DIRECTION ( 'NONE',  ( 0.000000000000000000, 0.000000000000000000, -1.000000000000000000 ) ) ;
#111 = CARTESIAN_POINT ( 'NONE',  ( 13.40129048890766761, 0.5147330579053517319, -0.4380997397692683593 ) ) ;
#112 = LINE ( 'NONE', #2687, #3218 ) ;
#113 = VERTEX_POINT ( 'NONE', #3837 ) ;
#114 =( NAMED_UNIT ( * ) SI_UNIT ( $, .STERADIAN. ) SOLID_ANGLE_UNIT ( ) );
#115 = PRESENTATION_STYLE_ASSIGNMENT (( #2290 ) ) ;
#116 = ORIENTED_EDGE ( 'NONE', *, *, #3830, .F. ) ;
#117 = LINE ( 'NONE', #2855, #2963 ) ;
#118 = COLOUR_RGB ( '',0.7921568627450980005, 0.8196078431372548767, 0.9333333333333333481 ) ;
#119 = EDGE_CURVE ( 'NONE', #1168, #4311, #2799, .T. ) ;
#120 = SURFACE_STYLE_USAGE ( .BOTH. , #1587 ) ;
#121 = CARTESIAN_POINT ( 'NONE',  ( 12.58291269623122055, 3.218914651395904158, 4.607635844880021203 ) ) ;
#122 = ORIENTED_EDGE ( 'NONE', *, *, #2786, .F. ) ;
#123 = MECHANICAL_DESIGN_GEOMETRIC_PRESENTATION_REPRESENTATION (  '', ( #4095 ), #1892 ) ;
#124 = ORIENTED_EDGE ( 'NONE', *, *, #2264, .T. ) ;
#125 = CARTESIAN_POINT ( 'NONE',  ( -5.840411229460641174, 6.668795175475212389, 14.10000000000000142 ) ) ;
#126 = CIRCLE ( 'NONE', #3807, 1.289999999999999591 ) ;
#127 = CARTESIAN_POINT ( 'NONE',  ( 0.000000000000000000, 5.731295175475212389, 14.09999999999999964 ) ) ;
#128 = FILL_AREA_STYLE_COLOUR ( '', #3235 ) ;
#129 = CARTESIAN_POINT ( 'NONE',  ( 0.000000000000000000, 5.200000000000001066, 13.40000000000000036 ) ) ;
#130 = SURFACE_STYLE_FILL_AREA ( #1231 ) ;
#131 = UNCERTAINTY_MEASURE_WITH_UNIT (LENGTH_MEASURE( 1.000000000000000082E-05 ), #2550, 'distance_accuracy_value', 'NONE');
#132 = CARTESIAN_POINT ( 'NONE',  ( 0.000000000000000000, -2.160025235603923566, 0.000000000000000000 ) ) ;
#133 = DIRECTION ( 'NONE',  ( 0.000000000000000000, -0.4512830391435769806, 0.8923808708064829842 ) ) ;
#134 = ORIENTED_EDGE ( 'NONE', *, *, #67, .F. ) ;
#135 = CARTESIAN_POINT ( 'NONE',  ( 13.39999999999999858, 5.187500000000001776, 5.550461735799477658 ) ) ;
#136 = FACE_OUTER_BOUND ( 'NONE', #2126, .T. ) ;
#137 = ORIENTED_EDGE ( 'NONE', *, *, #3013, .T. ) ;
#138 = EDGE_CURVE ( 'NONE', #1010, #648, #1647, .T. ) ;
#139 = AXIS2_PLACEMENT_3D ( 'NONE', #2790, #2766, #4135 ) ;
#140 = FACE_OUTER_BOUND ( 'NONE', #3550, .T. ) ;
#141 = COLOUR_RGB ( '',0.2941176470588235392, 0.2745098039215686514, 1.000000000000000000 ) ;
#142 = LINE ( 'NONE', #1505, #680 ) ;
#143 = DIRECTION ( 'NONE',  ( -0.5024751611312195942, 0.000000000000000000, 0.8645916449088291156 ) ) ;
#144 = CARTESIAN_POINT ( 'NONE',  ( -13.40000000000000036, 5.012500000000000178, 5.550461735799474994 ) ) ;
#145 = ADVANCED_FACE ( 'NONE', ( #2478, #2401 ), #2026, .T. ) ;
#146 =( NAMED_UNIT ( * ) SI_UNIT ( $, .STERADIAN. ) SOLID_ANGLE_UNIT ( ) );
#147 = MECHANICAL_DESIGN_GEOMETRIC_PRESENTATION_REPRESENTATION (  '', ( #4117 ), #4044 ) ;
#148 = STYLED_ITEM ( 'NONE', ( #3056 ), #277 ) ;
#149 = ORIENTED_EDGE ( 'NONE', *, *, #4170, .F. ) ;
#150 = CARTESIAN_POINT ( 'NONE',  ( -14.09999999999999964, 5.481295175475212389, 8.633759933988839975E-16 ) ) ;
#152 = FILL_AREA_STYLE_COLOUR ( '', #1432 ) ;
#151 = STYLED_ITEM ( 'NONE', ( #973 ), #3526 ) ;
#153 = CARTESIAN_POINT ( 'NONE',  ( 13.39999999999999858, 5.387500000000001066, 5.550461735799477658 ) ) ;
#154 = FILL_AREA_STYLE_COLOUR ( '', #3225 ) ;
#155 = AXIS2_PLACEMENT_3D ( 'NONE', #246, #607, #1042 ) ;
#156 = VECTOR ( 'NONE', #2578, 1000.000000000000227 ) ;
#157 = FILL_AREA_STYLE_COLOUR ( '', #669 ) ;
#158 = CARTESIAN_POINT ( 'NONE',  ( -11.32179765614438693, -1.300000000000000044, 5.358669153046897726 ) ) ;
#159 = CARTESIAN_POINT ( 'NONE',  ( -3.777794512114691194, 13.15621570892968606, 12.02032730936375593 ) ) ;
#160 = STYLED_ITEM ( 'NONE', ( #545 ), #2411 ) ;
#161 = ORIENTED_EDGE ( 'NONE', *, *, #3196, .T. ) ;
#162 = CARTESIAN_POINT ( 'NONE',  ( 0.000000000000000000, 9.000000000000001776, 13.40000000000000036 ) ) ;
#163 = PLANE ( 'NONE',  #3017 ) ;
#164 = ORIENTED_EDGE ( 'NONE', *, *, #3400, .F. ) ;
#165 = SURFACE_SIDE_STYLE ('',( #2628 ) ) ;
#166 = FILL_AREA_STYLE ('',( #1540 ) ) ;
#167 = CARTESIAN_POINT ( 'NONE',  ( -13.39948290902319528, 10.00000000000000000, 0.1177190332752888480 ) ) ;
#168 = CARTESIAN_POINT ( 'NONE',  ( 5.550461735799472329, 5.637500000000000178, -13.40000000000000391 ) ) ;
#169 = DIRECTION ( 'NONE',  ( 0.000000000000000000, -1.000000000000000000, 0.000000000000000000 ) ) ;
#170 = EDGE_CURVE ( 'NONE', #2494, #3927, #4162, .T. ) ;
#171 = EDGE_LOOP ( 'NONE', ( #4099, #1651, #3231, #1630 ) ) ;
#172 = CARTESIAN_POINT ( 'NONE',  ( 14.09999999999999964, 4.918795175475214165, 5.840411229460643838 ) ) ;
#173 =( NAMED_UNIT ( * ) PLANE_ANGLE_UNIT ( ) SI_UNIT ( $, .RADIAN. ) );
#174 = CARTESIAN_POINT ( 'NONE',  ( 13.39999999999999858, 7.387500000000001066, 5.550461735799477658 ) ) ;
#175 = FILL_AREA_STYLE_COLOUR ( '', #1451 ) ;
#176 = UNCERTAINTY_MEASURE_WITH_UNIT (LENGTH_MEASURE( 1.000000000000000082E-05 ), #1557, 'distance_accuracy_value', 'NONE');
#177 = STYLED_ITEM ( 'NONE', ( #1810 ), #1521 ) ;
#178 =( NAMED_UNIT ( * ) PLANE_ANGLE_UNIT ( ) SI_UNIT ( $, .RADIAN. ) );
#179 = CARTESIAN_POINT ( 'NONE',  ( 0.000000000000000000, 1.766390046959026572, 0.000000000000000000 ) ) ;
#180 = EDGE_CURVE ( 'NONE', #1341, #3727, #3095, .T. ) ;
#181 = DIRECTION ( 'NONE',  ( 0.000000000000000000, 0.000000000000000000, -1.000000000000000000 ) ) ;
#182 = AXIS2_PLACEMENT_3D ( 'NONE', #435, #1086, #2884 ) ;
#183 = EDGE_LOOP ( 'NONE', ( #1181, #2001, #3067, #3280 ) ) ;
#184 = CARTESIAN_POINT ( 'NONE',  ( -13.40000000000000036, 8.812500000000000000, 5.550461735799474106 ) ) ;
#185 = VERTEX_POINT ( 'NONE', #2425 ) ;
#186 = FILL_AREA_STYLE ('',( #4327 ) ) ;
#187 = SURFACE_SIDE_STYLE ('',( #3340 ) ) ;
#188 = FILL_AREA_STYLE ('',( #3687 ) ) ;
#189 = CARTESIAN_POINT ( 'NONE',  ( 5.550461735799472329, 6.637500000000001066, -13.40000000000000391 ) ) ;
#190 = CARTESIAN_POINT ( 'NONE',  ( 13.29877818578986748, 0.3266472289246684091, -1.058562788464465720 ) ) ;
#191 = ORIENTED_EDGE ( 'NONE', *, *, #4313, .F. ) ;
#192 = CARTESIAN_POINT ( 'NONE',  ( -5.840411229460643838, 8.031204824524790453, -14.10000000000000320 ) ) ;
#193 = FACE_BOUND ( 'NONE', #233, .T. ) ;
#194 = CARTESIAN_POINT ( 'NONE',  ( 0.9806196540244083160, 1.700000000000000178, 13.29790144351676950 ) ) ;
#195 = EDGE_CURVE ( 'NONE', #2199, #4222, #678, .T. ) ;
#196 = DIRECTION ( 'NONE',  ( 0.000000000000000000, 1.000000000000000000, 0.000000000000000000 ) ) ;
#197 =( GEOMETRIC_REPRESENTATION_CONTEXT ( 3 ) GLOBAL_UNCERTAINTY_ASSIGNED_CONTEXT ( ( #1884 ) ) GLOBAL_UNIT_ASSIGNED_CONTEXT ( ( #3654, #1517, #4404 ) ) REPRESENTATION_CONTEXT ( 'NONE', 'WORKASPACE' ) );
#198 = SURFACE_SIDE_STYLE ('',( #1624 ) ) ;
#199 = PRESENTATION_STYLE_ASSIGNMENT (( #1236 ) ) ;
#200 = EDGE_CURVE ( 'NONE', #2720, #4486, #2069, .T. ) ;
#201 = ORIENTED_EDGE ( 'NONE', *, *, #170, .T. ) ;
#202 = CARTESIAN_POINT ( 'NONE',  ( 5.550461735799471441, 6.437500000000000888, -13.40000000000000391 ) ) ;
#203 = ORIENTED_EDGE ( 'NONE', *, *, #4024, .F. ) ;
#204 = SURFACE_SIDE_STYLE ('',( #1947 ) ) ;
#205 = PRESENTATION_STYLE_ASSIGNMENT (( #3729 ) ) ;
#206 = CARTESIAN_POINT ( 'NONE',  ( -14.10000000000000142, 5.543795175475212389, 5.840411229460642950 ) ) ;
#207 = FILL_AREA_STYLE ('',( #3410 ) ) ;
#208 = FILL_AREA_STYLE_COLOUR ( '', #4449 ) ;
#209 = CARTESIAN_POINT ( 'NONE',  ( 14.09999999999999787, 7.656204824524792230, 5.840411229460643838 ) ) ;
#210 = VECTOR ( 'NONE', #2420, 1000.000000000000000 ) ;
#211 = VECTOR ( 'NONE', #3271, 1000.000000000000000 ) ;
#212 = CARTESIAN_POINT ( 'NONE',  ( 0.9806196540244083160, -0.2294871794871792547, 13.29790144351676950 ) ) ;
#213 = COLOUR_RGB ( '',0.000000000000000000, 0.2274509803921568596, 0.8078431372549019773 ) ;
#214 = ORIENTED_EDGE ( 'NONE', *, *, #1474, .F. ) ;
#215 = CARTESIAN_POINT ( 'NONE',  ( 14.09999999999999964, 6.718704824524791341, -2.590127980196652091E-15 ) ) ;
#216 = SURFACE_SIDE_STYLE ('',( #2373 ) ) ;
#217 = LINE ( 'NONE', #1998, #1759 ) ;
#218 = CARTESIAN_POINT ( 'NONE',  ( 13.40000000000000036, 6.450000000000001066, -2.461540066286179870E-15 ) ) ;
#219 = CARTESIAN_POINT ( 'NONE',  ( 14.09999999999999964, 7.981295175475211501, -2.590127980196652091E-15 ) ) ;
#220 = UNCERTAINTY_MEASURE_WITH_UNIT (LENGTH_MEASURE( 1.000000000000000082E-05 ), #3590, 'distance_accuracy_value', 'NONE');
#221 = VECTOR ( 'NONE', #2921, 1000.000000000000000 ) ;
#222 = COLOUR_RGB ( '',0.2941176470588235392, 0.2745098039215686514, 1.000000000000000000 ) ;
#223 = EDGE_CURVE ( 'NONE', #1870, #4017, #1861, .T. ) ;
#224 = FILL_AREA_STYLE ('',( #3354 ) ) ;
#225 = SURFACE_STYLE_USAGE ( .BOTH. , #1198 ) ;
#226 = CARTESIAN_POINT ( 'NONE',  ( 13.29877818578986215, 0.08429546918749647455, -0.9164026799045478233 ) ) ;
#227 = AXIS2_PLACEMENT_3D ( 'NONE', #4093, #954, #2098 ) ;
#228 = COLOUR_RGB ( '',0.2941176470588235392, 0.2745098039215686514, 1.000000000000000000 ) ;
#229 = ADVANCED_FACE ( 'NONE', ( #2927 ), #281, .F. ) ;
#230 = EDGE_LOOP ( 'NONE', ( #1217, #4325, #1713, #1398 ) ) ;
#231 = CARTESIAN_POINT ( 'NONE',  ( -13.40000000000000036, 6.750000000000000888, 8.205133554287266562E-16 ) ) ;
#232 = DIRECTION ( 'NONE',  ( 1.000000000000000000, -0.000000000000000000, -0.000000000000000000 ) ) ;
#233 = EDGE_LOOP ( 'NONE', ( #4121, #2612, #4495, #4292 ) ) ;
#234 = DIRECTION ( 'NONE',  ( -1.000000000000000000, 0.000000000000000000, 0.000000000000000000 ) ) ;
#235 = CARTESIAN_POINT ( 'NONE',  ( -14.10000000000000142, 7.543795175475212389, 5.840411229460642950 ) ) ;
#236 = PRESENTATION_STYLE_ASSIGNMENT (( #3096 ) ) ;
#237 = CARTESIAN_POINT ( 'NONE',  ( 5.840411229460638509, 5.906204824524791341, -14.10000000000000320 ) ) ;
#238 = ORIENTED_EDGE ( 'NONE', *, *, #4112, .T. ) ;
#239 = VERTEX_POINT ( 'NONE', #1372 ) ;
#240 = LINE ( 'NONE', #2764, #2886 ) ;
#241 = PRESENTATION_STYLE_ASSIGNMENT (( #1715 ) ) ;
#242 = CARTESIAN_POINT ( 'NONE',  ( 14.09999999999999964, 5.918795175475213277, 5.840411229460643838 ) ) ;
#243 = ORIENTED_EDGE ( 'NONE', *, *, #3163, .T. ) ;
#244 = PRESENTATION_STYLE_ASSIGNMENT (( #341 ) ) ;
#245 = CARTESIAN_POINT ( 'NONE',  ( 0.000000000000000000, 1.766390046959026572, 0.000000000000000000 ) ) ;
#246 = CARTESIAN_POINT ( 'NONE',  ( 0.000000000000000000, 3.400000000000000355, 0.000000000000000000 ) ) ;
#247 = CARTESIAN_POINT ( 'NONE',  ( 13.39232934043298329, 0.6782190362826261421, -1.119527969859622107 ) ) ;
#248 = MECHANICAL_DESIGN_GEOMETRIC_PRESENTATION_REPRESENTATION (  '', ( #177 ), #2845 ) ;
#249 = ORIENTED_EDGE ( 'NONE', *, *, #4206, .T. ) ;
#250 = FILL_AREA_STYLE_COLOUR ( '', #3742 ) ;
#251 = CARTESIAN_POINT ( 'NONE',  ( -11.32179765614438693, -1.300000000000000044, -5.244954800604853418 ) ) ;
#252 = ORIENTED_EDGE ( 'NONE', *, *, #1494, .F. ) ;
#253 = FILL_AREA_STYLE_COLOUR ( '', #841 ) ;
#254 = CARTESIAN_POINT ( 'NONE',  ( 13.29877818578986215, 0.7692081590232864308, -0.4898545755309412497 ) ) ;
#255 = CARTESIAN_POINT ( 'NONE',  ( 9.970205614730319965, 5.106295175475212389, -9.970205614730321741 ) ) ;
#256 = FACE_OUTER_BOUND ( 'NONE', #4535, .T. ) ;
#257 = CARTESIAN_POINT ( 'NONE',  ( -9.970205614730319965, 6.343704824524790453, 9.970205614730319965 ) ) ;
#258 = ORIENTED_EDGE ( 'NONE', *, *, #2812, .T. ) ;
#259 = DIRECTION ( 'NONE',  ( 0.000000000000000000, 0.000000000000000000, -1.000000000000000000 ) ) ;
#260 = EDGE_CURVE ( 'NONE', #3432, #3927, #240, .T. ) ;
#261 = ORIENTED_EDGE ( 'NONE', *, *, #4233, .T. ) ;
#262 = FILL_AREA_STYLE_COLOUR ( '', #2695 ) ;
#263 = CARTESIAN_POINT ( 'NONE',  ( -6.146969497747394762, 13.15621570892968606, 10.99885293990983293 ) ) ;
#264 = FILL_AREA_STYLE ('',( #3812 ) ) ;
#265 = CARTESIAN_POINT ( 'NONE',  ( 9.970205614730321741, 6.856295175475212389, 9.970205614730318189 ) ) ;
#266 = ORIENTED_EDGE ( 'NONE', *, *, #2611, .F. ) ;
#267 = SURFACE_SIDE_STYLE ('',( #1670 ) ) ;
#268 = DIRECTION ( 'NONE',  ( 0.000000000000000000, 0.000000000000000000, 1.000000000000000000 ) ) ;
#269 = PRESENTATION_STYLE_ASSIGNMENT (( #1977 ) ) ;
#270 = STYLED_ITEM ( 'NONE', ( #2642 ), #3073 ) ;
#271 = PRESENTATION_LAYER_ASSIGNMENT (  '', '', ( #2046 ) ) ;
#272 = VERTEX_POINT ( 'NONE', #3460 ) ;
#273 = DIRECTION ( 'NONE',  ( 0.000000000000000000, -1.000000000000000000, 0.000000000000000000 ) ) ;
#274 = DIRECTION ( 'NONE',  ( 0.000000000000000000, 0.000000000000000000, 1.000000000000000000 ) ) ;
#275 = FILL_AREA_STYLE ('',( #665 ) ) ;
#276 = DIRECTION ( 'NONE',  ( 0.000000000000000000, -0.000000000000000000, -1.000000000000000000 ) ) ;
#277 = ADVANCED_FACE ( 'NONE', ( #2789 ), #995, .T. ) ;
#278 = CARTESIAN_POINT ( 'NONE',  ( 0.000000000000000000, 5.468704824524791341, 14.09999999999999964 ) ) ;
#279 = ORIENTED_EDGE ( 'NONE', *, *, #3760, .F. ) ;
#280 = CARTESIAN_POINT ( 'NONE',  ( -13.29877818578986215, -1.171794871794871851, 1.104898520454776101 ) ) ;
#281 =( BOUNDED_SURFACE ( )  B_SPLINE_SURFACE ( 1, 2, ( 
 ( #1134, #1815, #3860, #434, #3219, #2906, #1769, #3513, #3951, #2842, #15, #813, #1422, #4236, #1460, #2525, #4300, #2140, #2190, #2213, #1085, #2547, #3928, #724, #3605, #458, #3536, #2503, #745, #394, #3199, #1796, #3262, #40, #2862, #1105, #3907, #771, #2164, #3557, #1551, #3995, #1592, #3976, #2614, #4038, #2991, #4018, #127, #4352, #2324, #1904, #150, #838, #4377, #884, #3008, #503, #1528, #3646, #907, #172, #3714, #2972, #1251 ),
 ( #3667, #3622, #1968, #2302, #3302, #1228, #3283, #192, #1574, #2655, #862, #2948, #4063, #1191, #930, #3693, #1209, #2257, #547, #3370, #1953, #3348, #2634, #2281, #524, #1932, #482, #3035, #215, #4393, #2680, #1616, #3327, #572, #4422, #2589, #2235, #1881, #4335, #3081, #2372, #1036, #3810, #3127, #2346, #3390, #1275, #1714, #4133, #697, #2443, #2092, #2721, #313, #3486, #1663, #3104, #672, #2066, #650, #4514, #3736, #948, #596, #1995 ) ),
 .UNSPECIFIED., .F., .F., .F. ) 
 B_SPLINE_SURFACE_WITH_KNOTS ( ( 2, 2 ),
 ( 3, 2, 2, 2, 2, 2, 2, 2, 2, 2, 2, 2, 2, 2, 2, 2, 2, 2, 2, 2, 2, 2, 2, 2, 2, 2, 2, 2, 2, 2, 2, 2, 3 ),
 ( 0.000000000000000000, 1.000000000000000000 ),
 ( 0.000000000000000000, 0.03125000000000000000, 0.06250000000000000000, 0.09375000000000000000, 0.1250000000000000000, 0.1562500000000000000, 0.1875000000000000000, 0.2187500000000000000, 0.2500000000000000000, 0.2812500000000000000, 0.3125000000000000000, 0.3437500000000000000, 0.3750000000000000000, 0.4062500000000000000, 0.4375000000000000000, 0.4687500000000000000, 0.5000000000000000000, 0.5312500000000000000, 0.5625000000000000000, 0.5937500000000000000, 0.6250000000000000000, 0.6562500000000000000, 0.6875000000000000000, 0.7187500000000000000, 0.7500000000000000000, 0.7812500000000000000, 0.8125000000000000000, 0.8437500000000000000, 0.8750000000000000000, 0.9062500000000000000, 0.9375000000000000000, 0.9687500000000000000, 1.000000000000000000 ),
 .UNSPECIFIED. ) 
 GEOMETRIC_REPRESENTATION_ITEM ( )  RATIONAL_B_SPLINE_SURFACE ( (
 ( 1.000000000000000000, 0.9238795325112867385, 1.000000000000000000, 0.9238795325112867385, 1.000000000000000000, 0.9238795325112867385, 1.000000000000000000, 0.9238795325112867385, 1.000000000000000000, 0.9238795325112867385, 1.000000000000000000, 0.9238795325112867385, 1.000000000000000000, 0.9238795325112867385, 1.000000000000000000, 0.9238795325112867385, 1.000000000000000000, 0.9238795325112867385, 1.000000000000000000, 0.9238795325112867385, 1.000000000000000000, 0.9238795325112867385, 1.000000000000000000, 0.9238795325112867385, 1.000000000000000000, 0.9238795325112867385, 1.000000000000000000, 0.9238795325112867385, 1.000000000000000000, 0.9238795325112867385, 1.000000000000000000, 0.9238795325112867385, 1.000000000000000000, 0.9238795325112867385, 1.000000000000000000, 0.9238795325112867385, 1.000000000000000000, 0.9238795325112867385, 1.000000000000000000, 0.9238795325112867385, 1.000000000000000000, 0.9238795325112867385, 1.000000000000000000, 0.9238795325112867385, 1.000000000000000000, 0.9238795325112867385, 1.000000000000000000, 0.9238795325112867385, 1.000000000000000000, 0.9238795325112867385, 1.000000000000000000, 0.9238795325112867385, 1.000000000000000000, 0.9238795325112867385, 1.000000000000000000, 0.9238795325112867385, 1.000000000000000000, 0.9238795325112867385, 1.000000000000000000, 0.9238795325112867385, 1.000000000000000000, 0.9238795325112867385, 1.000000000000000000, 0.9238795325112867385, 1.000000000000000000),
 ( 1.000000000000000000, 0.9238795325112867385, 1.000000000000000000, 0.9238795325112867385, 1.000000000000000000, 0.9238795325112867385, 1.000000000000000000, 0.9238795325112867385, 1.000000000000000000, 0.9238795325112867385, 1.000000000000000000, 0.9238795325112867385, 1.000000000000000000, 0.9238795325112867385, 1.000000000000000000, 0.9238795325112867385, 1.000000000000000000, 0.9238795325112867385, 1.000000000000000000, 0.9238795325112867385, 1.000000000000000000, 0.9238795325112867385, 1.000000000000000000, 0.9238795325112867385, 1.000000000000000000, 0.9238795325112867385, 1.000000000000000000, 0.9238795325112867385, 1.000000000000000000, 0.9238795325112867385, 1.000000000000000000, 0.9238795325112867385, 1.000000000000000000, 0.9238795325112867385, 1.000000000000000000, 0.9238795325112867385, 1.000000000000000000, 0.9238795325112867385, 1.000000000000000000, 0.9238795325112867385, 1.000000000000000000, 0.9238795325112867385, 1.000000000000000000, 0.9238795325112867385, 1.000000000000000000, 0.9238795325112867385, 1.000000000000000000, 0.9238795325112867385, 1.000000000000000000, 0.9238795325112867385, 1.000000000000000000, 0.9238795325112867385, 1.000000000000000000, 0.9238795325112867385, 1.000000000000000000, 0.9238795325112867385, 1.000000000000000000, 0.9238795325112867385, 1.000000000000000000, 0.9238795325112867385, 1.000000000000000000, 0.9238795325112867385, 1.000000000000000000, 0.9238795325112867385, 1.000000000000000000) ) ) 
 REPRESENTATION_ITEM ( '' )  SURFACE ( )  );
#282 = VERTEX_POINT ( 'NONE', #1324 ) ;
#283 = CARTESIAN_POINT ( 'NONE',  ( 13.29877818578986393, 1.699497978603069281, 0.1602657242171739993 ) ) ;
#284 = EDGE_CURVE ( 'NONE', #671, #1733, #1930, .T. ) ;
#285 = DIRECTION ( 'NONE',  ( 0.000000000000000000, 1.000000000000000000, 0.000000000000000000 ) ) ;
#286 =( LENGTH_UNIT ( ) NAMED_UNIT ( * ) SI_UNIT ( .MILLI., .METRE. ) );
#287 = SURFACE_STYLE_USAGE ( .BOTH. , #3767 ) ;
#288 = CARTESIAN_POINT ( 'NONE',  ( -14.10000000000000320, 7.418795175475211501, -5.840411229460639397 ) ) ;
#289 = ORIENTED_EDGE ( 'NONE', *, *, #3802, .F. ) ;
#290 = DIRECTION ( 'NONE',  ( 0.000000000000000000, -0.000000000000000000, 1.000000000000000000 ) ) ;
#291 = DIRECTION ( 'NONE',  ( 0.000000000000000000, 0.000000000000000000, -1.000000000000000000 ) ) ;
#292 = MECHANICAL_DESIGN_GEOMETRIC_PRESENTATION_REPRESENTATION (  '', ( #3240 ), #3770 ) ;
#293 = CARTESIAN_POINT ( 'NONE',  ( 13.29877818578986215, -0.2028445512820512553, -0.4695309063963780116 ) ) ;
#294 = COLOUR_RGB ( '',0.2941176470588235392, 0.2745098039215686514, 1.000000000000000000 ) ;
#295 = UNCERTAINTY_MEASURE_WITH_UNIT (LENGTH_MEASURE( 1.000000000000000082E-05 ), #2608, 'distance_accuracy_value', 'NONE');
#296 = COLOUR_RGB ( '',0.2549019607843137081, 0.2549019607843137081, 0.4980392156862745168 ) ;
#297 = CARTESIAN_POINT ( 'NONE',  ( 13.29877818578855653, 0.3538461538461538103, 0.1607775871933657397 ) ) ;
#298 = CARTESIAN_POINT ( 'NONE',  ( 13.40103461748984159, 0.9535903604883861906, -0.3853873851655121863 ) ) ;
#299 =( GEOMETRIC_REPRESENTATION_CONTEXT ( 3 ) GLOBAL_UNCERTAINTY_ASSIGNED_CONTEXT ( ( #1938 ) ) GLOBAL_UNIT_ASSIGNED_CONTEXT ( ( #3287, #1625, #3016 ) ) REPRESENTATION_CONTEXT ( 'NONE', 'WORKASPACE' ) );
#300 = VECTOR ( 'NONE', #1992, 1000.000000000000000 ) ;
#301 = ORIENTED_EDGE ( 'NONE', *, *, #2491, .T. ) ;
#302 = SURFACE_STYLE_USAGE ( .BOTH. , #3479 ) ;
#303 = CARTESIAN_POINT ( 'NONE',  ( 13.29877818578986393, 1.071794871794872206, 0.1916269461677245767 ) ) ;
#304 = CIRCLE ( 'NONE', #2742, 13.40000000000000036 ) ;
#305 = FILL_AREA_STYLE ('',( #2413 ) ) ;
#306 =( GEOMETRIC_REPRESENTATION_CONTEXT ( 3 ) GLOBAL_UNCERTAINTY_ASSIGNED_CONTEXT ( ( #1514 ) ) GLOBAL_UNIT_ASSIGNED_CONTEXT ( ( #2106, #2386, #3140 ) ) REPRESENTATION_CONTEXT ( 'NONE', 'WORKASPACE' ) );
#307 = CARTESIAN_POINT ( 'NONE',  ( -5.840411229460641174, 5.406204824524790453, 14.10000000000000142 ) ) ;
#308 = MECHANICAL_DESIGN_GEOMETRIC_PRESENTATION_REPRESENTATION (  '', ( #2534 ), #1127 ) ;
#309 = ORIENTED_EDGE ( 'NONE', *, *, #3825, .T. ) ;
#310 = CARTESIAN_POINT ( 'NONE',  ( 13.29877818578986215, 1.700000000000000178, 0.3017030679625964384 ) ) ;
#311 = ORIENTED_EDGE ( 'NONE', *, *, #5, .F. ) ;
#312 =( LENGTH_UNIT ( ) NAMED_UNIT ( * ) SI_UNIT ( .MILLI., .METRE. ) );
#313 = CARTESIAN_POINT ( 'NONE',  ( -14.10000000000000320, 5.156204824524790453, -5.840411229460639397 ) ) ;
#314 = CYLINDRICAL_SURFACE ( 'NONE', #3560, 1.289999999999904112 ) ;
#315 = CARTESIAN_POINT ( 'NONE',  ( 13.39177138126016153, -0.2028445512820512553, -0.4695309063963780116 ) ) ;
#316 = CARTESIAN_POINT ( 'NONE',  ( 13.29877818578986215, -1.800000000000000044, 0.4054690936036221549 ) ) ;
#317 = CARTESIAN_POINT ( 'NONE',  ( -14.10000000000000320, 5.418795175475214165, -5.840411229460639397 ) ) ;
#318 = ORIENTED_EDGE ( 'NONE', *, *, #4308, .T. ) ;
#319 = PRESENTATION_STYLE_ASSIGNMENT (( #1746 ) ) ;
#320 = SURFACE_SIDE_STYLE ('',( #3399 ) ) ;
#321 = CARTESIAN_POINT ( 'NONE',  ( 13.29877818578986748, 0.3266472289246684091, -1.058562788464465720 ) ) ;
#322 = SURFACE_STYLE_USAGE ( .BOTH. , #4187 ) ;
#323 = EDGE_CURVE ( 'NONE', #1488, #3922, #4485, .T. ) ;
#324 = CARTESIAN_POINT ( 'NONE',  ( 13.29877818578986393, 1.071600985783798032, 0.1666202485525372368 ) ) ;
#325 = STYLED_ITEM ( 'NONE', ( #3082 ), #1463 ) ;
#326 = ORIENTED_EDGE ( 'NONE', *, *, #1918, .T. ) ;
#327 = DIRECTION ( 'NONE',  ( 0.000000000000000000, 0.8924498855307665401, 0.4511465413988249296 ) ) ;
#328 = MECHANICAL_DESIGN_GEOMETRIC_PRESENTATION_REPRESENTATION (  '', ( #1642 ), #858 ) ;
#329 = DIRECTION ( 'NONE',  ( 0.000000000000000000, 0.000000000000000000, 1.000000000000000000 ) ) ;
#330 = CARTESIAN_POINT ( 'NONE',  ( 13.40000000000000036, 5.250000000000000888, -2.461540066286179870E-15 ) ) ;
#331 = VERTEX_POINT ( 'NONE', #1687 ) ;
#332 = FACE_OUTER_BOUND ( 'NONE', #4309, .T. ) ;
#333 = PRESENTATION_LAYER_ASSIGNMENT (  '', '', ( #2986 ) ) ;
#334 = EDGE_LOOP ( 'NONE', ( #3806, #3314, #4012, #4462, #3253, #1767 ) ) ;
#335 = DIRECTION ( 'NONE',  ( 0.000000000000000000, 0.000000000000000000, -1.000000000000000000 ) ) ;
#336 = FILL_AREA_STYLE ('',( #1485 ) ) ;
#337 =( NAMED_UNIT ( * ) SI_UNIT ( $, .STERADIAN. ) SOLID_ANGLE_UNIT ( ) );
#338 = CARTESIAN_POINT ( 'NONE',  ( -13.29877818578986215, 1.700000000000000178, -0.5104860949298393180 ) ) ;
#339 = VERTEX_POINT ( 'NONE', #4490 ) ;
#340 = SURFACE_STYLE_USAGE ( .BOTH. , #3512 ) ;
#341 = SURFACE_STYLE_USAGE ( .BOTH. , #267 ) ;
#342 = CARTESIAN_POINT ( 'NONE',  ( -12.53396428571428700, 10.00000000000000000, 1.288308691439584264 ) ) ;
#343 = SURFACE_SIDE_STYLE ('',( #3133 ) ) ;
#344 = EDGE_CURVE ( 'NONE', #3849, #738, #2419, .T. ) ;
#345 =( LENGTH_UNIT ( ) NAMED_UNIT ( * ) SI_UNIT ( .MILLI., .METRE. ) );
#346 = SURFACE_STYLE_FILL_AREA ( #1044 ) ;
#347 =( NAMED_UNIT ( * ) PLANE_ANGLE_UNIT ( ) SI_UNIT ( $, .RADIAN. ) );
#348 = DIRECTION ( 'NONE',  ( 0.000000000000000000, 1.000000000000000000, 0.000000000000000000 ) ) ;
#349 = ADVANCED_FACE ( 'NONE', ( #4531 ), #716, .T. ) ;
#350 = VERTEX_POINT ( 'NONE', #2133 ) ;
#351 = PRESENTATION_LAYER_ASSIGNMENT (  '', '', ( #270 ) ) ;
#352 = PLANE ( 'NONE',  #3650 ) ;
#353 = EDGE_CURVE ( 'NONE', #2762, #2494, #52, .T. ) ;
#354 = FILL_AREA_STYLE ('',( #941 ) ) ;
#355 = MECHANICAL_DESIGN_GEOMETRIC_PRESENTATION_REPRESENTATION (  '', ( #3077 ), #883 ) ;
#356 = SURFACE_STYLE_USAGE ( .BOTH. , #3501 ) ;
#357 = CARTESIAN_POINT ( 'NONE',  ( -3.777794512114691194, 10.00000000000000000, 12.02032730936375593 ) ) ;
#358 = EDGE_LOOP ( 'NONE', ( #2188, #446, #104, #584 ) ) ;
#359 = CARTESIAN_POINT ( 'NONE',  ( 13.29877818578986215, -1.800000000000000044, 1.033674221808750238 ) ) ;
#360 = LINE ( 'NONE', #1686, #519 ) ;
#361 = SURFACE_SIDE_STYLE ('',( #2470 ) ) ;
#362 = CARTESIAN_POINT ( 'NONE',  ( 13.29877818578986215, 0.4359593604985664284, -0.3512098482858209136 ) ) ;
#363 = SURFACE_STYLE_USAGE ( .BOTH. , #2816 ) ;
#364 = PLANE ( 'NONE',  #1125 ) ;
#365 = VECTOR ( 'NONE', #91, 1000.000000000000000 ) ;
#366 = EDGE_LOOP ( 'NONE', ( #1902, #1202, #3657, #4290 ) ) ;
#367 = CARTESIAN_POINT ( 'NONE',  ( 13.40035088347260128, 1.699409330119660666, 0.1352902827380770834 ) ) ;
#368 =( NAMED_UNIT ( * ) SI_UNIT ( $, .STERADIAN. ) SOLID_ANGLE_UNIT ( ) );
#369 = CARTESIAN_POINT ( 'NONE',  ( 5.840411229460650056, 4.531204824524790453, 14.09999999999999787 ) ) ;
#370 = VECTOR ( 'NONE', #767, 1000.000000000000000 ) ;
#371 = MECHANICAL_DESIGN_GEOMETRIC_PRESENTATION_REPRESENTATION (  '', ( #3597 ), #3164 ) ;
#372 = EDGE_CURVE ( 'NONE', #515, #2714, #1259, .T. ) ;
#373 = SURFACE_STYLE_FILL_AREA ( #1068 ) ;
#374 = DIRECTION ( 'NONE',  ( 0.000000000000000000, 0.000000000000000000, -1.000000000000000000 ) ) ;
#375 = ORIENTED_EDGE ( 'NONE', *, *, #2727, .F. ) ;
#376 = LINE ( 'NONE', #1781, #577 ) ;
#377 = DIRECTION ( 'NONE',  ( 0.9999844766847799660, 0.000000000000000000, 0.005571928702579168752 ) ) ;
#378 = EDGE_CURVE ( 'NONE', #3176, #2335, #4054, .T. ) ;
#379 = PRESENTATION_LAYER_ASSIGNMENT (  '', '', ( #1896 ) ) ;
#380 = VECTOR ( 'NONE', #3707, 1000.000000000000000 ) ;
#381 = CARTESIAN_POINT ( 'NONE',  ( 13.39999999999999858, 8.187500000000000000, 5.550461735799477658 ) ) ;
#382 = EDGE_LOOP ( 'NONE', ( #238, #2108, #4104, #4245 ) ) ;
#383 = CARTESIAN_POINT ( 'NONE',  ( -11.32179765614438693, 0.6999999999999999556, -5.244954800604853418 ) ) ;
#384 = STYLED_ITEM ( 'NONE', ( #491 ), #2040 ) ;
#385 = CIRCLE ( 'NONE', #461, 13.40000000000000036 ) ;
#386 = CARTESIAN_POINT ( 'NONE',  ( 13.29877818578986037, 1.202086020166140523, -1.001640809316218794 ) ) ;
#387 = DIRECTION ( 'NONE',  ( 0.000000000000000000, 1.000000000000000000, 0.000000000000000000 ) ) ;
#388 = DIRECTION ( 'NONE',  ( 1.000000000000000000, -0.000000000000000000, -0.000000000000000000 ) ) ;
#389 = CARTESIAN_POINT ( 'NONE',  ( 9.475230867899735898, 7.575000000000001066, -9.475230867899739451 ) ) ;
#390 = AXIS2_PLACEMENT_3D ( 'NONE', #4413, #3683, #921 ) ;
#391 = FILL_AREA_STYLE_COLOUR ( '', #3677 ) ;
#392 = ORIENTED_EDGE ( 'NONE', *, *, #4547, .F. ) ;
#393 = DIRECTION ( 'NONE',  ( 0.4909038334306846663, 0.000000000000000000, -0.8712137661464370852 ) ) ;
#394 = CARTESIAN_POINT ( 'NONE',  ( 14.09999999999999964, 6.918795175475212389, 5.840411229460643838 ) ) ;
#395 =( NAMED_UNIT ( * ) SI_UNIT ( $, .STERADIAN. ) SOLID_ANGLE_UNIT ( ) );
#396 = FILL_AREA_STYLE ('',( #2141 ) ) ;
#397 =( NAMED_UNIT ( * ) PLANE_ANGLE_UNIT ( ) SI_UNIT ( $, .RADIAN. ) );
#398 = COLOUR_RGB ( '',0.2941176470588235392, 0.2745098039215686514, 1.000000000000000000 ) ;
#399 = SURFACE_STYLE_FILL_AREA ( #2485 ) ;
#400 = FACE_BOUND ( 'NONE', #1750, .T. ) ;
#401 = CARTESIAN_POINT ( 'NONE',  ( -13.29877818578986215, -1.800000000000000044, -0.5104860949298393180 ) ) ;
#402 = DIRECTION ( 'NONE',  ( 0.000000000000000000, -0.000000000000000000, 1.000000000000000000 ) ) ;
#403 = CARTESIAN_POINT ( 'NONE',  ( -13.29877818578986215, 0.000000000000000000, 0.000000000000000000 ) ) ;
#404 = CARTESIAN_POINT ( 'NONE',  ( 5.550461735799472329, 8.437500000000000000, -13.40000000000000391 ) ) ;
#405 = ORIENTED_EDGE ( 'NONE', *, *, #2181, .F. ) ;
#406 = VECTOR ( 'NONE', #4241, 1000.000000000000000 ) ;
#407 = COLOUR_RGB ( '',0.2941176470588235392, 0.2745098039215686514, 1.000000000000000000 ) ;
#408 = DIRECTION ( 'NONE',  ( -0.000000000000000000, -1.000000000000000000, -0.000000000000000000 ) ) ;
#409 = CARTESIAN_POINT ( 'NONE',  ( 13.29877818578986393, 0.4158862584580907962, -0.3117549823513498519 ) ) ;
#410 = CIRCLE ( 'NONE', #3341, 13.40000000000000036 ) ;
#411 = EDGE_CURVE ( 'NONE', #3191, #4464, #2204, .T. ) ;
#412 = VERTEX_POINT ( 'NONE', #2183 ) ;
#413 = SURFACE_STYLE_USAGE ( .BOTH. , #2570 ) ;
#414 = DIRECTION ( 'NONE',  ( 0.000000000000000000, 1.000000000000000000, 0.000000000000000000 ) ) ;
#415 = CARTESIAN_POINT ( 'NONE',  ( 0.000000000000000000, 7.468704824524791341, 14.09999999999999964 ) ) ;
#416 = DIRECTION ( 'NONE',  ( 1.000000000000000000, -0.000000000000000000, -0.000000000000000000 ) ) ;
#417 = UNCERTAINTY_MEASURE_WITH_UNIT (LENGTH_MEASURE( 1.000000000000000082E-05 ), #585, 'distance_accuracy_value', 'NONE');
#418 = CARTESIAN_POINT ( 'NONE',  ( 13.29877818578855475, 0.6684504717627619552, -0.4908665070233156347 ) ) ;
#419 = LINE ( 'NONE', #2934, #4541 ) ;
#420 = CARTESIAN_POINT ( 'NONE',  ( 0.000000000000000000, 1.600000000000000311, 0.000000000000000000 ) ) ;
#421 = ORIENTED_EDGE ( 'NONE', *, *, #4308, .F. ) ;
#422 = FACE_OUTER_BOUND ( 'NONE', #3643, .T. ) ;
#423 = CARTESIAN_POINT ( 'NONE',  ( 9.475230867899739451, 8.125000000000000000, 9.475230867899734122 ) ) ;
#424 = ORIENTED_EDGE ( 'NONE', *, *, #2449, .F. ) ;
#425 = CARTESIAN_POINT ( 'NONE',  ( 13.29877818578986393, 1.371596899075002707, -0.8819547247948693602 ) ) ;
#426 = AXIS2_PLACEMENT_3D ( 'NONE', #3634, #2311, #4027 ) ;
#427 = EDGE_CURVE ( 'NONE', #2762, #1312, #1483, .T. ) ;
#428 = DIRECTION ( 'NONE',  ( -0.000000000000000000, -1.000000000000000000, -0.000000000000000000 ) ) ;
#429 = CARTESIAN_POINT ( 'NONE',  ( 13.29877818578986570, 0.3650310396993430295, -0.08361842437796433714 ) ) ;
#430 = CARTESIAN_POINT ( 'NONE',  ( 13.40000000000000036, 7.450000000000001066, -2.461540066286179870E-15 ) ) ;
#431 = EDGE_CURVE ( 'NONE', #2730, #185, #3598, .T. ) ;
#432 = ORIENTED_EDGE ( 'NONE', *, *, #1632, .F. ) ;
#433 = CARTESIAN_POINT ( 'NONE',  ( 0.000000000000000000, 8.731295175475212389, 14.09999999999999964 ) ) ;
#434 = CARTESIAN_POINT ( 'NONE',  ( -14.10000000000000320, 8.543795175475214165, 5.840411229460642950 ) ) ;
#435 = CARTESIAN_POINT ( 'NONE',  ( 0.000000000000000000, 3.237935071945527543, 0.000000000000000000 ) ) ;
#436 = CARTESIAN_POINT ( 'NONE',  ( 5.840411229460650056, 7.531204824524791341, 14.09999999999999787 ) ) ;
#437 = PRESENTATION_LAYER_ASSIGNMENT (  '', '', ( #3592 ) ) ;
#438 = CARTESIAN_POINT ( 'NONE',  ( 13.29877818578986215, 0.7142227564102565651, -0.4919668038322754233 ) ) ;
#439 = DIRECTION ( 'NONE',  ( -1.000000000000000000, 0.000000000000000000, -0.000000000000000000 ) ) ;
#440 =( BOUNDED_CURVE ( )  B_SPLINE_CURVE ( 2, ( #3600, #1568, #1525, #2278, #2942, #4332, #1858, #454, #832, #102, #3324, #1224, #589, #209, #1292, #1271, #4389, #1009, #1964, #2700, #3732, #2414, #3385, #2340, #1611, #2759, #567, #3431, #1990, #3758, #2057, #964, #3031, #1681, #257, #666, #4419, #619, #944, #2717, #4440, #237, #4103, #1635, #3052, #2368, #3452, #2014, #278, #307, #1656, #2734, #3412, #1710, #3074, #3367, #4461, #1318, #3783, #1246, #2391, #4127, #989, #4080, #645 ),
 .UNSPECIFIED., .F., .F. ) 
 B_SPLINE_CURVE_WITH_KNOTS ( ( 3, 2, 2, 2, 2, 2, 2, 2, 2, 2, 2, 2, 2, 2, 2, 2, 2, 2, 2, 2, 2, 2, 2, 2, 2, 2, 2, 2, 2, 2, 2, 2, 3 ),
 ( 0.000000000000000000, 0.03125000000000000000, 0.06250000000000000000, 0.09375000000000000000, 0.1250000000000000000, 0.1562500000000000000, 0.1875000000000000000, 0.2187500000000000000, 0.2500000000000000000, 0.2812500000000000000, 0.3125000000000000000, 0.3437500000000000000, 0.3750000000000000000, 0.4062500000000000000, 0.4375000000000000000, 0.4687500000000000000, 0.5000000000000000000, 0.5312500000000000000, 0.5625000000000000000, 0.5937500000000000000, 0.6250000000000000000, 0.6562500000000000000, 0.6875000000000000000, 0.7187500000000000000, 0.7500000000000000000, 0.7812500000000000000, 0.8125000000000000000, 0.8437500000000000000, 0.8750000000000000000, 0.9062500000000000000, 0.9375000000000000000, 0.9687500000000000000, 1.000000000000000000 ),
 .UNSPECIFIED. ) 
 CURVE ( )  GEOMETRIC_REPRESENTATION_ITEM ( )  RATIONAL_B_SPLINE_CURVE ( ( 1.000000000000000000, 0.9238795325112867385, 1.000000000000000000, 0.9238795325112867385, 1.000000000000000000, 0.9238795325112867385, 1.000000000000000000, 0.9238795325112867385, 1.000000000000000000, 0.9238795325112867385, 1.000000000000000000, 0.9238795325112867385, 1.000000000000000000, 0.9238795325112867385, 1.000000000000000000, 0.9238795325112867385, 1.000000000000000000, 0.9238795325112867385, 1.000000000000000000, 0.9238795325112867385, 1.000000000000000000, 0.9238795325112867385, 1.000000000000000000, 0.9238795325112867385, 1.000000000000000000, 0.9238795325112867385, 1.000000000000000000, 0.9238795325112867385, 1.000000000000000000, 0.9238795325112867385, 1.000000000000000000, 0.9238795325112867385, 1.000000000000000000, 0.9238795325112867385, 1.000000000000000000, 0.9238795325112867385, 1.000000000000000000, 0.9238795325112867385, 1.000000000000000000, 0.9238795325112867385, 1.000000000000000000, 0.9238795325112867385, 1.000000000000000000, 0.9238795325112867385, 1.000000000000000000, 0.9238795325112867385, 1.000000000000000000, 0.9238795325112867385, 1.000000000000000000, 0.9238795325112867385, 1.000000000000000000, 0.9238795325112867385, 1.000000000000000000, 0.9238795325112867385, 1.000000000000000000, 0.9238795325112867385, 1.000000000000000000, 0.9238795325112867385, 1.000000000000000000, 0.9238795325112867385, 1.000000000000000000, 0.9238795325112867385, 1.000000000000000000, 0.9238795325112867385, 1.000000000000000000 ) ) 
 REPRESENTATION_ITEM ( '' )  );
#441 = CARTESIAN_POINT ( 'NONE',  ( -8.933277224193398425, 0.6999999999999999556, 8.780375578197118003 ) ) ;
#442 = PLANE ( 'NONE',  #4185 ) ;
#443 = STYLED_ITEM ( 'NONE', ( #4378 ), #3947 ) ;
#444 = CARTESIAN_POINT ( 'NONE',  ( 13.39983310894874613, 1.061622603703701095, -0.09859564801285240765 ) ) ;
#445 = PRESENTATION_LAYER_ASSIGNMENT (  '', '', ( #899 ) ) ;
#446 = ORIENTED_EDGE ( 'NONE', *, *, #1380, .T. ) ;
#447 = FILL_AREA_STYLE ('',( #3920 ) ) ;
#448 = ORIENTED_EDGE ( 'NONE', *, *, #378, .T. ) ;
#449 = CARTESIAN_POINT ( 'NONE',  ( 13.29877818578985860, 0.8603374611566679819, -1.110985552951445188 ) ) ;
#450 = CIRCLE ( 'NONE', #2065, 12.84999999999999964 ) ;
#451 = CIRCLE ( 'NONE', #4048, 12.84999999999999964 ) ;
#452 = LINE ( 'NONE', #2497, #1855 ) ;
#453 = CYLINDRICAL_SURFACE ( 'NONE', #1296, 13.40000000000000036 ) ;
#454 = CARTESIAN_POINT ( 'NONE',  ( -5.840411229460643838, 8.031204824524790453, -14.10000000000000142 ) ) ;
#455 = VECTOR ( 'NONE', #169, 1000.000000000000000 ) ;
#456 = EDGE_LOOP ( 'NONE', ( #3836, #997, #2233, #1177 ) ) ;
#457 = CARTESIAN_POINT ( 'NONE',  ( -14.09999999999999964, 7.481295175475212389, 8.633759933988839975E-16 ) ) ;
#458 = CARTESIAN_POINT ( 'NONE',  ( 5.840411229460637621, 7.168795175475213277, -14.10000000000000497 ) ) ;
#459 = FILL_AREA_STYLE ('',( #3929 ) ) ;
#460 = DIRECTION ( 'NONE',  ( 1.000000000000000000, -0.000000000000000000, -0.000000000000000000 ) ) ;
#461 = AXIS2_PLACEMENT_3D ( 'NONE', #4503, #3753, #3499 ) ;
#462 = CARTESIAN_POINT ( 'NONE',  ( 14.09999999999999964, 4.656204824524791341, 5.840411229460643838 ) ) ;
#463 =( NAMED_UNIT ( * ) SI_UNIT ( $, .STERADIAN. ) SOLID_ANGLE_UNIT ( ) );
#464 = UNCERTAINTY_MEASURE_WITH_UNIT (LENGTH_MEASURE( 1.000000000000000082E-05 ), #4312, 'distance_accuracy_value', 'NONE');
#465 = DIRECTION ( 'NONE',  ( 1.000000000000000000, 0.000000000000000000, 0.000000000000000000 ) ) ;
#466 = CARTESIAN_POINT ( 'NONE',  ( 13.29877818578855297, 0.3997339720748564473, -0.2651288928314520232 ) ) ;
#467 = CARTESIAN_POINT ( 'NONE',  ( -4.962382004931043866, 0.6999999999999999556, 11.50959012463679620 ) ) ;
#468 =( LENGTH_UNIT ( ) NAMED_UNIT ( * ) SI_UNIT ( .MILLI., .METRE. ) );
#469 = UNCERTAINTY_MEASURE_WITH_UNIT (LENGTH_MEASURE( 1.000000000000000082E-05 ), #1415, 'distance_accuracy_value', 'NONE');
#470 = EDGE_CURVE ( 'NONE', #4527, #2255, #452, .T. ) ;
#471 = ORIENTED_EDGE ( 'NONE', *, *, #2187, .F. ) ;
#472 =( NAMED_UNIT ( * ) PLANE_ANGLE_UNIT ( ) SI_UNIT ( $, .RADIAN. ) );
#473 = LINE ( 'NONE', #3656, #968 ) ;
#474 = ORIENTED_EDGE ( 'NONE', *, *, #2970, .F. ) ;
#475 = CARTESIAN_POINT ( 'NONE',  ( 13.29877818578986393, 1.464244991027819909, -0.7849884997877852877 ) ) ;
#476 =( NAMED_UNIT ( * ) SI_UNIT ( $, .STERADIAN. ) SOLID_ANGLE_UNIT ( ) );
#477 = CARTESIAN_POINT ( 'NONE',  ( -9.475230867899737675, 6.075000000000000178, 9.475230867899737675 ) ) ;
#478 = COLOUR_RGB ( '',0.2941176470588235392, 0.2745098039215686514, 1.000000000000000000 ) ;
#479 = CIRCLE ( 'NONE', #1430, 12.60000000000000142 ) ;
#480 = EDGE_LOOP ( 'NONE', ( #1813, #2633, #559, #3820 ) ) ;
#481 = CARTESIAN_POINT ( 'NONE',  ( -9.970205614730319965, 8.356295175475212389, -9.970205614730319965 ) ) ;
#482 = CARTESIAN_POINT ( 'NONE',  ( 9.970205614730319965, 6.843704824524791341, -9.970205614730321741 ) ) ;
#483 = CARTESIAN_POINT ( 'NONE',  ( 9.475230867899735898, 5.575000000000000178, -9.475230867899739451 ) ) ;
#484 = CARTESIAN_POINT ( 'NONE',  ( 0.000000000000000000, 3.218914651395904158, 0.000000000000000000 ) ) ;
#485 = VERTEX_POINT ( 'NONE', #66 ) ;
#486 = EDGE_CURVE ( 'NONE', #272, #976, #1128, .T. ) ;
#487 = DIRECTION ( 'NONE',  ( -1.000000000000000000, 0.000000000000000000, -0.000000000000000000 ) ) ;
#488 = SURFACE_STYLE_USAGE ( .BOTH. , #198 ) ;
#489 = EDGE_CURVE ( 'NONE', #4083, #3326, #1098, .T. ) ;
#490 = EDGE_LOOP ( 'NONE', ( #3216, #4502, #2032, #3882 ) ) ;
#491 = PRESENTATION_STYLE_ASSIGNMENT (( #2246 ) ) ;
#492 = DIRECTION ( 'NONE',  ( -1.000000000000000000, -0.000000000000000000, -0.000000000000000000 ) ) ;
#493 = ORIENTED_EDGE ( 'NONE', *, *, #1918, .F. ) ;
#494 = EDGE_CURVE ( 'NONE', #1168, #515, #1761, .T. ) ;
#495 = CARTESIAN_POINT ( 'NONE',  ( -13.29877818578986215, -1.800000000000000044, -0.5104860949298393180 ) ) ;
#496 = STYLED_ITEM ( 'NONE', ( #1743 ), #1782 ) ;
#497 =( LENGTH_UNIT ( ) NAMED_UNIT ( * ) SI_UNIT ( .MILLI., .METRE. ) );
#498 = CARTESIAN_POINT ( 'NONE',  ( -5.550461735799475882, 5.762500000000000178, -13.40000000000000036 ) ) ;
#499 = CARTESIAN_POINT ( 'NONE',  ( -13.29877818578986215, -1.171794871794871851, 1.104898520454776101 ) ) ;
#500 = ORIENTED_EDGE ( 'NONE', *, *, #3808, .T. ) ;
#501 = CARTESIAN_POINT ( 'NONE',  ( -14.09999999999999964, 8.481295175475212389, 8.633759933988839975E-16 ) ) ;
#502 = MECHANICAL_DESIGN_GEOMETRIC_PRESENTATION_REPRESENTATION (  '', ( #2046 ), #4251 ) ;
#503 = CARTESIAN_POINT ( 'NONE',  ( 5.840411229460637621, 5.168795175475214165, -14.10000000000000497 ) ) ;
#504 = LINE ( 'NONE', #548, #3701 ) ;
#505 = CARTESIAN_POINT ( 'NONE',  ( 13.29877818578986215, -1.800000000000000044, 1.033674221808750238 ) ) ;
#506 = CARTESIAN_POINT ( 'NONE',  ( 9.475230867899735898, 7.575000000000001066, -9.475230867899739451 ) ) ;
#507 = CARTESIAN_POINT ( 'NONE',  ( -11.32179765614438693, -1.300000000000000044, -5.244954800604853418 ) ) ;
#508 = UNCERTAINTY_MEASURE_WITH_UNIT (LENGTH_MEASURE( 1.000000000000000082E-05 ), #4235, 'distance_accuracy_value', 'NONE');
#509 = SURFACE_STYLE_USAGE ( .BOTH. , #4342 ) ;
#510 = FACE_OUTER_BOUND ( 'NONE', #1019, .T. ) ;
#511 = DIRECTION ( 'NONE',  ( 0.000000000000000000, -0.8923808708064828732, -0.4512830391435769251 ) ) ;
#512 =( GEOMETRIC_REPRESENTATION_CONTEXT ( 3 ) GLOBAL_UNCERTAINTY_ASSIGNED_CONTEXT ( ( #3797 ) ) GLOBAL_UNIT_ASSIGNED_CONTEXT ( ( #1512, #173, #1529 ) ) REPRESENTATION_CONTEXT ( 'NONE', 'WORKASPACE' ) );
#513 = ORIENTED_EDGE ( 'NONE', *, *, #1304, .F. ) ;
#514 = CARTESIAN_POINT ( 'NONE',  ( -13.40000000000000036, 7.687500000000000888, -5.550461735799473217 ) ) ;
#515 = VERTEX_POINT ( 'NONE', #1394 ) ;
#516 = DIRECTION ( 'NONE',  ( 0.000000000000000000, 0.000000000000000000, -1.000000000000000000 ) ) ;
#517 = EDGE_CURVE ( 'NONE', #2461, #3021, #4248, .T. ) ;
#518 = VECTOR ( 'NONE', #1825, 1000.000000000000227 ) ;
#519 = VECTOR ( 'NONE', #649, 1000.000000000000000 ) ;
#520 = SURFACE_STYLE_FILL_AREA ( #188 ) ;
#521 = CARTESIAN_POINT ( 'NONE',  ( -5.875951837458691429, 0.6999999999999999556, 10.55720291093416563 ) ) ;
#522 = FILL_AREA_STYLE_COLOUR ( '', #1048 ) ;
#523 = VERTEX_POINT ( 'NONE', #2518 ) ;
#524 = CARTESIAN_POINT ( 'NONE',  ( -1.726751986797767995E-15, 6.968704824524791341, -14.09999999999999964 ) ) ;
#526 = FACE_BOUND ( 'NONE', #667, .T. ) ;
#525 =( GEOMETRIC_REPRESENTATION_CONTEXT ( 3 ) GLOBAL_UNCERTAINTY_ASSIGNED_CONTEXT ( ( #3672 ) ) GLOBAL_UNIT_ASSIGNED_CONTEXT ( ( #1650, #4455, #2729 ) ) REPRESENTATION_CONTEXT ( 'NONE', 'WORKASPACE' ) );
#527 =( GEOMETRIC_REPRESENTATION_CONTEXT ( 3 ) GLOBAL_UNCERTAINTY_ASSIGNED_CONTEXT ( ( #2262 ) ) GLOBAL_UNIT_ASSIGNED_CONTEXT ( ( #1222, #3364, #900 ) ) REPRESENTATION_CONTEXT ( 'NONE', 'WORKASPACE' ) );
#528 = DIRECTION ( 'NONE',  ( 0.000000000000000000, 1.000000000000000000, 0.000000000000000000 ) ) ;
#529 = CARTESIAN_POINT ( 'NONE',  ( 13.39999999999999858, 4.387500000000001066, 5.550461735799477658 ) ) ;
#530 = DIRECTION ( 'NONE',  ( 0.006627662448678010854, -0.000000000000000000, -0.9999780368040421807 ) ) ;
#531 = VECTOR ( 'NONE', #2792, 1000.000000000000114 ) ;
#532 = CIRCLE ( 'NONE', #3539, 12.48482314205645238 ) ;
#533 = PRESENTATION_LAYER_ASSIGNMENT (  '', '', ( #2534 ) ) ;
#534 = DIRECTION ( 'NONE',  ( 0.000000000000000000, -0.000000000000000000, -1.000000000000000000 ) ) ;
#535 = LINE ( 'NONE', #159, #2421 ) ;
#536 = AXIS2_PLACEMENT_3D ( 'NONE', #1248, #3368, #2702 ) ;
#537 = CARTESIAN_POINT ( 'NONE',  ( 0.000000000000000000, -1.300000000000000044, 0.000000000000000000 ) ) ;
#538 = CARTESIAN_POINT ( 'NONE',  ( 9.475230867899735898, 6.375000000000000888, -9.475230867899739451 ) ) ;
#539 = CARTESIAN_POINT ( 'NONE',  ( -14.10000000000000320, 8.156204824524790453, -5.840411229460639397 ) ) ;
#540 = ORIENTED_EDGE ( 'NONE', *, *, #4473, .F. ) ;
#541 = DIRECTION ( 'NONE',  ( -0.000000000000000000, -1.000000000000000000, -0.000000000000000000 ) ) ;
#542 = FILL_AREA_STYLE ('',( #3685 ) ) ;
#543 = EDGE_CURVE ( 'NONE', #2199, #96, #450, .T. ) ;
#544 = CARTESIAN_POINT ( 'NONE',  ( -5.550461735799474994, 5.137500000000000178, 13.40000000000000036 ) ) ;
#545 = PRESENTATION_STYLE_ASSIGNMENT (( #1927 ) ) ;
#546 = ORIENTED_EDGE ( 'NONE', *, *, #2329, .F. ) ;
#547 = CARTESIAN_POINT ( 'NONE',  ( -9.970205614730319965, 7.343704824524790453, 9.970205614730319965 ) ) ;
#548 = CARTESIAN_POINT ( 'NONE',  ( -0.09630342289866861138, 1.071794871794871984, 13.29790144351676950 ) ) ;
#549 = SURFACE_STYLE_FILL_AREA ( #885 ) ;
#550 = CARTESIAN_POINT ( 'NONE',  ( 0.000000000000000000, 6.200000000000001066, 13.40000000000000036 ) ) ;
#551 = EDGE_CURVE ( 'NONE', #3125, #3468, #142, .T. ) ;
#552 = UNCERTAINTY_MEASURE_WITH_UNIT (LENGTH_MEASURE( 1.000000000000000082E-05 ), #1281, 'distance_accuracy_value', 'NONE');
#553 = COLOUR_RGB ( '',0.2941176470588235392, 0.2745098039215686514, 1.000000000000000000 ) ;
#554 = PRESENTATION_LAYER_ASSIGNMENT (  '', '', ( #710 ) ) ;
#555 = FILL_AREA_STYLE ('',( #3015 ) ) ;
#556 = PLANE ( 'NONE',  #155 ) ;
#557 = AXIS2_PLACEMENT_3D ( 'NONE', #4163, #3398, #2048 ) ;
#558 = B_SPLINE_SURFACE_WITH_KNOTS ( 'NONE', 3, 1, ( 
 ( #2826, #730 ),
 ( #2123, #3775 ),
 ( #2753, #848 ),
 ( #3185, #2933 ),
 ( #820, #3565 ),
 ( #2509, #1822 ),
 ( #3270, #3206 ),
 ( #466, #1866 ),
 ( #4287, #4240 ),
 ( #1495, #2531 ),
 ( #3890, #2221 ),
 ( #45, #752 ),
 ( #1800, #111 ),
 ( #2171, #1448 ),
 ( #2599, #1155 ),
 ( #3915, #1113 ),
 ( #418, #1091 ),
 ( #3981, #3612 ),
 ( #2241, #3934 ) ),
 .UNSPECIFIED., .F., .F., .F.,
 ( 4, 1, 1, 1, 1, 1, 1, 1, 1, 1, 1, 1, 1, 1, 1, 1, 4 ),
 ( 2, 2 ),
 ( 0.000000000000000000, 0.1055399964402575219, 0.2020864154635872989, 0.2906848989424217766, 0.3705526096211915199, 0.4426702615663767881, 0.5076749275738738909, 0.5655732034810464492, 0.6164546657486228431, 0.6633313570051059260, 0.7088620244966143957, 0.7534118003496284022, 0.7985150107871089586, 0.8450643214401184489, 0.8938731190084056033, 0.9447078060036521174, 1.000000000000000000 ),
 ( 0.000000000000000000, 1.000000000000000000 ),
 .UNSPECIFIED. ) ;
#559 = ORIENTED_EDGE ( 'NONE', *, *, #119, .T. ) ;
#560 = CARTESIAN_POINT ( 'NONE',  ( -5.550461735799474994, 7.562500000000001776, -13.40000000000000036 ) ) ;
#561 = DIRECTION ( 'NONE',  ( 0.000000000000000000, 0.000000000000000000, -1.000000000000000000 ) ) ;
#562 = ORIENTED_EDGE ( 'NONE', *, *, #1699, .F. ) ;
#563 = CARTESIAN_POINT ( 'NONE',  ( -3.367574150264197819, 3.237935071945527543, 12.96994388355140160 ) ) ;
#564 = DIRECTION ( 'NONE',  ( 0.000000000000000000, 1.000000000000000000, 0.000000000000000000 ) ) ;
#565 =( NAMED_UNIT ( * ) PLANE_ANGLE_UNIT ( ) SI_UNIT ( $, .RADIAN. ) );
#566 = CARTESIAN_POINT ( 'NONE',  ( -13.39027273609030289, -1.799999999999999600, -0.5104860949298393180 ) ) ;
#567 = CARTESIAN_POINT ( 'NONE',  ( 9.970205614730319965, 6.843704824524791341, -9.970205614730321741 ) ) ;
#568 = CARTESIAN_POINT ( 'NONE',  ( 13.29877818578986393, -0.1010598553365410629, -0.6909192667720412961 ) ) ;
#569 = PRESENTATION_LAYER_ASSIGNMENT (  '', '', ( #1157 ) ) ;
#570 = ADVANCED_FACE ( 'NONE', ( #1543 ), #1566, .F. ) ;
#571 = ORIENTED_EDGE ( 'NONE', *, *, #3054, .T. ) ;
#572 = CARTESIAN_POINT ( 'NONE',  ( -5.840411229460641174, 6.406204824524791341, 14.10000000000000320 ) ) ;
#573 = LINE ( 'NONE', #3036, #2516 ) ;
#574 = CARTESIAN_POINT ( 'NONE',  ( 13.39999999999999680, 5.512500000000000178, -5.550461735799481211 ) ) ;
#575 = CARTESIAN_POINT ( 'NONE',  ( 9.970205614730321741, 7.856295175475211501, 9.970205614730318189 ) ) ;
#576 = EDGE_CURVE ( 'NONE', #3191, #523, #2251, .T. ) ;
#577 = VECTOR ( 'NONE', #3333, 1000.000000000000000 ) ;
#578 = CARTESIAN_POINT ( 'NONE',  ( -6.146969497747394762, 1.600000000000000755, 10.99885293990983293 ) ) ;
#579 = FILL_AREA_STYLE ('',( #4068 ) ) ;
#580 = CARTESIAN_POINT ( 'NONE',  ( 13.29877818578986215, 0.7058092948717948900, -1.120171932037403506 ) ) ;
#581 = EDGE_LOOP ( 'NONE', ( #2392, #3919, #2095, #1322 ) ) ;
#582 = CARTESIAN_POINT ( 'NONE',  ( -1.641026710857453312E-15, 5.500000000000001776, -13.40000000000000036 ) ) ;
#583 = SURFACE_STYLE_FILL_AREA ( #2713 ) ;
#584 = ORIENTED_EDGE ( 'NONE', *, *, #2995, .T. ) ;
#585 =( LENGTH_UNIT ( ) NAMED_UNIT ( * ) SI_UNIT ( .MILLI., .METRE. ) );
#586 = DIRECTION ( 'NONE',  ( -0.000000000000000000, -1.000000000000000000, -0.000000000000000000 ) ) ;
#587 = CARTESIAN_POINT ( 'NONE',  ( -14.10000000000000142, 5.418795175475214165, -5.840411229460639397 ) ) ;
#588 = SURFACE_SIDE_STYLE ('',( #3781 ) ) ;
#589 = CARTESIAN_POINT ( 'NONE',  ( 14.09999999999999964, 7.718704824524791341, -2.590127980196652091E-15 ) ) ;
#590 = EDGE_LOOP ( 'NONE', ( #3043, #882, #3594, #124 ) ) ;
#591 = COLOUR_RGB ( '',0.2941176470588235392, 0.2745098039215686514, 1.000000000000000000 ) ;
#592 = VECTOR ( 'NONE', #68, 1000.000000000000000 ) ;
#593 = DIRECTION ( 'NONE',  ( 0.000000000000000000, 0.000000000000000000, 1.000000000000000000 ) ) ;
#594 = AXIS2_PLACEMENT_3D ( 'NONE', #2135, #3855, #2857 ) ;
#595 = EDGE_LOOP ( 'NONE', ( #258, #4138, #1535, #1900 ) ) ;
#596 = CARTESIAN_POINT ( 'NONE',  ( 5.840411229460650056, 4.531204824524790453, 14.09999999999999787 ) ) ;
#597 = DIRECTION ( 'NONE',  ( 1.000000000000000000, 0.000000000000000000, 0.000000000000000000 ) ) ;
#598 = CARTESIAN_POINT ( 'NONE',  ( -13.29877818578986215, -1.800000000000000044, -0.5104860949298393180 ) ) ;
#599 = AXIS2_PLACEMENT_3D ( 'NONE', #1726, #4543, #3137 ) ;
#600 = CARTESIAN_POINT ( 'NONE',  ( -3.777794512114691194, 1.600000000000000755, 12.02032730936375593 ) ) ;
#601 = CARTESIAN_POINT ( 'NONE',  ( 0.000000000000000000, 7.731295175475212389, 14.09999999999999964 ) ) ;
#602 = UNCERTAINTY_MEASURE_WITH_UNIT (LENGTH_MEASURE( 1.000000000000000082E-05 ), #3072, 'distance_accuracy_value', 'NONE');
#603 = ORIENTED_EDGE ( 'NONE', *, *, #3352, .F. ) ;
#604 = CIRCLE ( 'NONE', #3378, 12.47768620486444391 ) ;
#605 = DIRECTION ( 'NONE',  ( 0.000000000000000000, 1.000000000000000000, 0.000000000000000000 ) ) ;
#606 = FILL_AREA_STYLE_COLOUR ( '', #553 ) ;
#607 = DIRECTION ( 'NONE',  ( 0.000000000000000000, 1.000000000000000000, 0.000000000000000000 ) ) ;
#608 = DIRECTION ( 'NONE',  ( -0.000000000000000000, 1.000000000000000000, -0.000000000000000000 ) ) ;
#609 = SURFACE_STYLE_USAGE ( .BOTH. , #4071 ) ;
#610 = CARTESIAN_POINT ( 'NONE',  ( 13.39999999999999680, 5.312500000000001776, -5.550461735799481211 ) ) ;
#611 = LINE ( 'NONE', #4435, #2072 ) ;
#612 = ORIENTED_EDGE ( 'NONE', *, *, #200, .F. ) ;
#613 = MECHANICAL_DESIGN_GEOMETRIC_PRESENTATION_REPRESENTATION (  '', ( #2824 ), #1339 ) ;
#614 = PLANE ( 'NONE',  #1966 ) ;
#615 = EDGE_CURVE ( 'NONE', #1733, #2828, #1043, .T. ) ;
#616 = CARTESIAN_POINT ( 'NONE',  ( 0.000000000000000000, 1.766390046959026572, 0.000000000000000000 ) ) ;
#617 = CARTESIAN_POINT ( 'NONE',  ( 14.09999999999999609, 6.043795175475212389, -5.840411229460648279 ) ) ;
#618 = DIRECTION ( 'NONE',  ( 0.000000000000000000, 1.000000000000000000, -0.000000000000000000 ) ) ;
#619 = CARTESIAN_POINT ( 'NONE',  ( -14.10000000000000142, 6.156204824524791341, -5.840411229460639397 ) ) ;
#620 = VERTEX_POINT ( 'NONE', #924 ) ;
#621 = MECHANICAL_DESIGN_GEOMETRIC_PRESENTATION_REPRESENTATION (  '', ( #2617 ), #1980 ) ;
#622 = ORIENTED_EDGE ( 'NONE', *, *, #4084, .T. ) ;
#623 = CARTESIAN_POINT ( 'NONE',  ( 13.40214012082286565, 1.694286888894270593, 0.02608654467927253029 ) ) ;
#624 = LINE ( 'NONE', #4134, #2769 ) ;
#625 =( NAMED_UNIT ( * ) PLANE_ANGLE_UNIT ( ) SI_UNIT ( $, .RADIAN. ) );
#626 = CARTESIAN_POINT ( 'NONE',  ( 13.29877818578986215, 0.3538461538461538103, 0.4054690936036221549 ) ) ;
#627 = CARTESIAN_POINT ( 'NONE',  ( -9.970205614730319965, 5.606295175475212389, 9.970205614730319965 ) ) ;
#628 = EDGE_LOOP ( 'NONE', ( #3962, #695, #4264, #3427, #421 ) ) ;
#629 = CARTESIAN_POINT ( 'NONE',  ( 0.000000000000000000, 10.00000000000000000, 0.000000000000000000 ) ) ;
#630 = DIRECTION ( 'NONE',  ( -0.000000000000000000, 1.000000000000000000, 0.000000000000000000 ) ) ;
#631 = CARTESIAN_POINT ( 'NONE',  ( 13.39232934043298862, -0.01564490576276861278, -0.8142303834617529157 ) ) ;
#632 = AXIS2_PLACEMENT_3D ( 'NONE', #132, #4361, #3674 ) ;
#633 = EDGE_CURVE ( 'NONE', #4267, #3176, #2276, .T. ) ;
#634 = VECTOR ( 'NONE', #35, 1000.000000000000000 ) ;
#635 = SURFACE_STYLE_USAGE ( .BOTH. , #2665 ) ;
#636 = CARTESIAN_POINT ( 'NONE',  ( 13.29877818578986570, 1.015071515804169211, -0.2912154841930625904 ) ) ;
#637 = ORIENTED_EDGE ( 'NONE', *, *, #2101, .F. ) ;
#638 = STYLED_ITEM ( 'NONE', ( #3623 ), #1420 ) ;
#639 = DIRECTION ( 'NONE',  ( 0.000000000000000000, 0.000000000000000000, 1.000000000000000000 ) ) ;
#640 = CARTESIAN_POINT ( 'NONE',  ( 0.000000000000000000, 3.218914651395904158, 0.000000000000000000 ) ) ;
#641 = EDGE_CURVE ( 'NONE', #2819, #1711, #4033, .T. ) ;
#642 = DIRECTION ( 'NONE',  ( 0.000000000000000000, -1.000000000000000000, 0.000000000000000000 ) ) ;
#643 = DIRECTION ( 'NONE',  ( 0.000000000000000000, 1.000000000000000000, 0.000000000000000000 ) ) ;
#644 = B_SPLINE_SURFACE_WITH_KNOTS ( 'NONE', 3, 1, ( 
 ( #1310, #3402 ),
 ( #3089, #3844 ),
 ( #3799, #685 ),
 ( #2754, #2800 ),
 ( #2431, #2778 ),
 ( #3138, #985 ),
 ( #1002, #298 ),
 ( #2382, #3117 ),
 ( #636, #2031 ),
 ( #2050, #4476 ),
 ( #660, #4143 ),
 ( #3425, #2407 ),
 ( #3447, #708 ),
 ( #4501, #2082 ),
 ( #4189, #4166 ),
 ( #3497, #4544 ),
 ( #3477, #2827 ),
 ( #324, #1727 ),
 ( #4522, #1046 ) ),
 .UNSPECIFIED., .F., .F., .F.,
 ( 4, 1, 1, 1, 1, 1, 1, 1, 1, 1, 1, 1, 1, 1, 1, 1, 4 ),
 ( 2, 2 ),
 ( 0.000000000000000000, 0.06376895995774015113, 0.1252623047603752537, 0.1854135826663911302, 0.2468067624960847140, 0.3094223888496971941, 0.3725326822170092478, 0.4377332507368583703, 0.5057495167426340199, 0.5440132631112708506, 0.5883695992066306779, 0.6403890193945120934, 0.6978974005877083275, 0.7632716192950986800, 0.8349786038393131049, 0.9138736558434376045, 1.000000000000000000 ),
 ( 0.000000000000000000, 1.000000000000000000 ),
 .UNSPECIFIED. ) ;
#645 = CARTESIAN_POINT ( 'NONE',  ( 0.000000000000000000, 4.468704824524790453, 14.09999999999999964 ) ) ;
#646 = ORIENTED_EDGE ( 'NONE', *, *, #2832, .T. ) ;
#647 =( NAMED_UNIT ( * ) PLANE_ANGLE_UNIT ( ) SI_UNIT ( $, .RADIAN. ) );
#648 = VERTEX_POINT ( 'NONE', #1523 ) ;
#649 = DIRECTION ( 'NONE',  ( 0.000000000000000000, -1.000000000000000000, 0.000000000000000000 ) ) ;
#650 = CARTESIAN_POINT ( 'NONE',  ( 14.09999999999999787, 4.781204824524791341, -5.840411229460648279 ) ) ;
#651 = LINE ( 'NONE', #4158, #1921 ) ;
#652 = CARTESIAN_POINT ( 'NONE',  ( -1.726751986797767995E-15, 5.231295175475213277, -14.09999999999999964 ) ) ;
#653 = EDGE_LOOP ( 'NONE', ( #2424, #164, #3482, #3533 ) ) ;
#654 =( LENGTH_UNIT ( ) NAMED_UNIT ( * ) SI_UNIT ( .MILLI., .METRE. ) );
#655 =( NAMED_UNIT ( * ) PLANE_ANGLE_UNIT ( ) SI_UNIT ( $, .RADIAN. ) );
#656 =( NAMED_UNIT ( * ) SI_UNIT ( $, .STERADIAN. ) SOLID_ANGLE_UNIT ( ) );
#657 = CARTESIAN_POINT ( 'NONE',  ( 13.39232934043298151, -0.1387778966624326205, -0.6219122663534362161 ) ) ;
#658 = AXIS2_PLACEMENT_3D ( 'NONE', #3246, #3913, #3541 ) ;
#659 = SURFACE_SIDE_STYLE ('',( #3843 ) ) ;
#660 = CARTESIAN_POINT ( 'NONE',  ( 13.29877818578986570, 1.043691763358374214, -0.2021378443598821073 ) ) ;
#661 = CIRCLE ( 'NONE', #2343, 13.40000000000000036 ) ;
#662 = ORIENTED_EDGE ( 'NONE', *, *, #1699, .T. ) ;
#663 = LINE ( 'NONE', #2052, #3910 ) ;
#664 = PRESENTATION_STYLE_ASSIGNMENT (( #2034 ) ) ;
#665 = FILL_AREA_STYLE_COLOUR ( '', #2569 ) ;
#666 = CARTESIAN_POINT ( 'NONE',  ( -14.10000000000000142, 6.281204824524790453, 5.840411229460642950 ) ) ;
#667 = EDGE_LOOP ( 'NONE', ( #3053, #3858, #3809, #3498 ) ) ;
#668 = ADVANCED_FACE ( 'NONE', ( #2987, #2296 ), #2941, .T. ) ;
#669 = COLOUR_RGB ( '',0.4039215686274509887, 0.5333333333333333259, 1.000000000000000000 ) ;
#670 = DIRECTION ( 'NONE',  ( -1.635972270951187597E-16, 0.000000000000000000, 1.000000000000000000 ) ) ;
#671 = VERTEX_POINT ( 'NONE', #3451 ) ;
#672 = CARTESIAN_POINT ( 'NONE',  ( 5.840411229460637621, 4.906204824524791341, -14.10000000000000497 ) ) ;
#673 = CARTESIAN_POINT ( 'NONE',  ( 0.000000000000000000, 3.400000000000000355, 0.000000000000000000 ) ) ;
#674 = CARTESIAN_POINT ( 'NONE',  ( -0.09630342289866861138, 0.3987179487179495219, 13.39965393772309454 ) ) ;
#675 = COLOUR_RGB ( '',0.2941176470588235392, 0.2745098039215686514, 1.000000000000000000 ) ;
#676 = EDGE_CURVE ( 'NONE', #2461, #1376, #4416, .T. ) ;
#677 = ORIENTED_EDGE ( 'NONE', *, *, #195, .T. ) ;
#678 = LINE ( 'NONE', #3492, #1692 ) ;
#679 = FACE_OUTER_BOUND ( 'NONE', #2703, .T. ) ;
#680 = VECTOR ( 'NONE', #3660, 1000.000000000000000 ) ;
#681 = LINE ( 'NONE', #89, #3726 ) ;
#682 = UNCERTAINTY_MEASURE_WITH_UNIT (LENGTH_MEASURE( 1.000000000000000082E-05 ), #71, 'distance_accuracy_value', 'NONE');
#683 = PRODUCT_DEFINITION_SHAPE ( 'NONE', 'NONE',  #1294 ) ;
#684 = DIRECTION ( 'NONE',  ( 0.000000000000000000, 0.000000000000000000, -1.000000000000000000 ) ) ;
#685 = CARTESIAN_POINT ( 'NONE',  ( 13.40103461748984159, 0.7692081590232864308, -0.4898545755309412497 ) ) ;
#686 = ORIENTED_EDGE ( 'NONE', *, *, #2351, .F. ) ;
#687 = CARTESIAN_POINT ( 'NONE',  ( 0.000000000000000000, 0.6999999999999999556, 0.000000000000000000 ) ) ;
#688 = CARTESIAN_POINT ( 'NONE',  ( -6.951848621070844558, 1.766390046959026572, -10.80714119227260817 ) ) ;
#689 = CIRCLE ( 'NONE', #1257, 13.40000000000000036 ) ;
#690 = CARTESIAN_POINT ( 'NONE',  ( 5.550461735799472329, 5.437500000000002665, -13.40000000000000391 ) ) ;
#691 = VECTOR ( 'NONE', #428, 1000.000000000000000 ) ;
#692 = ORIENTED_EDGE ( 'NONE', *, *, #3141, .T. ) ;
#693 = STYLED_ITEM ( 'NONE', ( #1320 ), #2474 ) ;
#694 = ADVANCED_FACE ( 'NONE', ( #256 ), #4149, .F. ) ;
#695 = ORIENTED_EDGE ( 'NONE', *, *, #2268, .F. ) ;
#696 = CARTESIAN_POINT ( 'NONE',  ( 13.40214012082287098, 1.700000000000000178, 0.3017030679625964384 ) ) ;
#697 = CARTESIAN_POINT ( 'NONE',  ( -5.840411229460641174, 5.406204824524791341, 14.10000000000000320 ) ) ;
#698 = FACE_OUTER_BOUND ( 'NONE', #1123, .T. ) ;
#699 = FACE_OUTER_BOUND ( 'NONE', #3784, .T. ) ;
#700 = LINE ( 'NONE', #2093, #3750 ) ;
#701 = ORIENTED_EDGE ( 'NONE', *, *, #1474, .T. ) ;
#702 = SURFACE_SIDE_STYLE ('',( #2354 ) ) ;
#703 = EDGE_CURVE ( 'NONE', #2748, #3293, #21, .T. ) ;
#704 = SURFACE_SIDE_STYLE ('',( #2383 ) ) ;
#705 = CARTESIAN_POINT ( 'NONE',  ( -3.777794512114692083, 3.400000000000000355, 12.02032730936375948 ) ) ;
#706 = CARTESIAN_POINT ( 'NONE',  ( 13.40214012082287098, 0.7058092948717948900, -1.120171932037403506 ) ) ;
#707 = SURFACE_STYLE_USAGE ( .BOTH. , #659 ) ;
#708 = CARTESIAN_POINT ( 'NONE',  ( 13.40103461748984337, 1.057333811605842833, -0.1194954309300397255 ) ) ;
#709 = ORIENTED_EDGE ( 'NONE', *, *, #676, .T. ) ;
#710 = STYLED_ITEM ( 'NONE', ( #2252 ), #1721 ) ;
#711 = LINE ( 'NONE', #2830, #2736 ) ;
#712 = FILL_AREA_STYLE_COLOUR ( '', #1739 ) ;
#713 = CARTESIAN_POINT ( 'NONE',  ( 13.39999999999999858, 5.187500000000000888, 5.550461735799477658 ) ) ;
#714 = EDGE_LOOP ( 'NONE', ( #4444, #3197, #3874, #3503, #2609, #1273 ) ) ;
#715 =( NAMED_UNIT ( * ) PLANE_ANGLE_UNIT ( ) SI_UNIT ( $, .RADIAN. ) );
#716 = PLANE ( 'NONE',  #2678 ) ;
#717 = DIRECTION ( 'NONE',  ( 0.000000000000000000, 1.000000000000000000, -0.000000000000000000 ) ) ;
#718 = B_SPLINE_CURVE_WITH_KNOTS ( 'NONE', 3,
 ( #2504, #1836, #3884, #1489, #2907, #4302, #2479, #3861, #725, #3537, #2118, #3514, #367, #1423 ),
 .UNSPECIFIED., .F., .F.,
 ( 4, 2, 2, 2, 2, 2, 4 ),
 ( 0.000000000000000000, 0.0002471558723931572676, 0.0004943117447863145351, 0.0009886234895726290703, 0.001235779361965786338, 0.001482935234358943605, 0.001977246979145258141 ),
 .UNSPECIFIED. ) ;
#719 = FILL_AREA_STYLE ('',( #4203 ) ) ;
#720 = EDGE_CURVE ( 'NONE', #3176, #2714, #1418, .T. ) ;
#721 = FILL_AREA_STYLE ('',( #2186 ) ) ;
#722 = ORIENTED_EDGE ( 'NONE', *, *, #3830, .T. ) ;
#723 =( LENGTH_UNIT ( ) NAMED_UNIT ( * ) SI_UNIT ( .MILLI., .METRE. ) );
#724 = CARTESIAN_POINT ( 'NONE',  ( -5.840411229460643838, 7.293795175475213277, -14.10000000000000320 ) ) ;
#725 = CARTESIAN_POINT ( 'NONE',  ( 13.39004695774069376, 1.614047469177168015, -0.5226373258737966321 ) ) ;
#726 = CARTESIAN_POINT ( 'NONE',  ( 13.38424934936202781, -0.1257378595973897006, -0.6548436372195083344 ) ) ;
#727 = CARTESIAN_POINT ( 'NONE',  ( 14.09999999999999787, 4.781204824524791341, -5.840411229460648279 ) ) ;
#728 = ADVANCED_FACE ( 'NONE', ( #1269, #3384 ), #4078, .F. ) ;
#729 = UNCERTAINTY_MEASURE_WITH_UNIT (LENGTH_MEASURE( 1.000000000000000082E-05 ), #1361, 'distance_accuracy_value', 'NONE');
#730 = CARTESIAN_POINT ( 'NONE',  ( 13.40129048890766938, 0.3538461538461538658, 0.1607775871933657674 ) ) ;
#731 = CARTESIAN_POINT ( 'NONE',  ( 6.553560065129619971, -1.300000000000000044, 10.62646034016815122 ) ) ;
#732 = ORIENTED_EDGE ( 'NONE', *, *, #378, .F. ) ;
#733 = STYLED_ITEM ( 'NONE', ( #1117 ), #2998 ) ;
#734 = CARTESIAN_POINT ( 'NONE',  ( 13.39907585009846258, 1.054774575657285940, -0.1718934949845654647 ) ) ;
#735 = VECTOR ( 'NONE', #4041, 1000.000000000000000 ) ;
#736 =( LENGTH_UNIT ( ) NAMED_UNIT ( * ) SI_UNIT ( .MILLI., .METRE. ) );
#737 = DIRECTION ( 'NONE',  ( -0.000000000000000000, 0.3583679495452996577, 0.9335804264972019650 ) ) ;
#738 = VERTEX_POINT ( 'NONE', #2339 ) ;
#739 = PLANE ( 'NONE',  #2377 ) ;
#740 = CARTESIAN_POINT ( 'NONE',  ( 13.29877818578986215, 1.073237592191806700, -1.059795571912003354 ) ) ;
#741 = FILL_AREA_STYLE ('',( #1828 ) ) ;
#742 = LINE ( 'NONE', #4229, #859 ) ;
#743 = DIRECTION ( 'NONE',  ( 0.000000000000000000, 0.000000000000000000, 1.000000000000000000 ) ) ;
#744 = EDGE_LOOP ( 'NONE', ( #3139, #540, #4107, #1434, #546, #1475 ) ) ;
#745 = CARTESIAN_POINT ( 'NONE',  ( 14.09999999999999964, 6.981295175475212389, -2.590127980196652091E-15 ) ) ;
#746 = DIRECTION ( 'NONE',  ( 0.000000000000000000, 1.000000000000000000, 0.000000000000000000 ) ) ;
#747 = PLANE ( 'NONE',  #2132 ) ;
#748 = CARTESIAN_POINT ( 'NONE',  ( 14.09999999999999964, 5.656204824524791341, 5.840411229460643838 ) ) ;
#749 = AXIS2_PLACEMENT_3D ( 'NONE', #1211, #3328, #2303 ) ;
#750 = LINE ( 'NONE', #2143, #1668 ) ;
#751 = DIRECTION ( 'NONE',  ( 0.000000000000000000, 1.000000000000000000, 0.000000000000000000 ) ) ;
#752 = CARTESIAN_POINT ( 'NONE',  ( 13.40129048890766761, 0.4847194053627608135, -0.4140250288283042202 ) ) ;
#753 = FACE_OUTER_BOUND ( 'NONE', #590, .T. ) ;
#754 = COLOUR_RGB ( '',0.2941176470588235392, 0.2745098039215686514, 1.000000000000000000 ) ;
#755 = MECHANICAL_DESIGN_GEOMETRIC_PRESENTATION_REPRESENTATION (  '', ( #148 ), #1328 ) ;
#756 = STYLED_ITEM ( 'NONE', ( #2316 ), #2203 ) ;
#757 = CARTESIAN_POINT ( 'NONE',  ( -12.53396428571428700, 1.600000000000000755, -1.288308691439584264 ) ) ;
#758 = CARTESIAN_POINT ( 'NONE',  ( -5.550461735799474994, 5.937500000000001776, 13.40000000000000036 ) ) ;
#759 = VERTEX_POINT ( 'NONE', #3050 ) ;
#760 = EDGE_CURVE ( 'NONE', #1010, #671, #2945, .T. ) ;
#761 =( NAMED_UNIT ( * ) PLANE_ANGLE_UNIT ( ) SI_UNIT ( $, .RADIAN. ) );
#762 =( GEOMETRIC_REPRESENTATION_CONTEXT ( 3 ) GLOBAL_UNCERTAINTY_ASSIGNED_CONTEXT ( ( #2847 ) ) GLOBAL_UNIT_ASSIGNED_CONTEXT ( ( #2455, #4430, #656 ) ) REPRESENTATION_CONTEXT ( 'NONE', 'WORKASPACE' ) );
#763 = VECTOR ( 'NONE', #3894, 1000.000000000000000 ) ;
#764 = VECTOR ( 'NONE', #3470, 1000.000000000000114 ) ;
#765 = DIRECTION ( 'NONE',  ( 0.000000000000000000, 1.000000000000000000, 0.000000000000000000 ) ) ;
#766 = CARTESIAN_POINT ( 'NONE',  ( 13.29877818578986037, 0.3997339720748564473, -0.2651288928314520232 ) ) ;
#767 = DIRECTION ( 'NONE',  ( 0.000000000000000000, 0.000000000000000000, -1.000000000000000000 ) ) ;
#768 = AXIS2_PLACEMENT_3D ( 'NONE', #4035, #1965, #1548 ) ;
#769 =( NAMED_UNIT ( * ) SI_UNIT ( $, .STERADIAN. ) SOLID_ANGLE_UNIT ( ) );
#770 = ORIENTED_EDGE ( 'NONE', *, *, #641, .T. ) ;
#771 = CARTESIAN_POINT ( 'NONE',  ( -14.10000000000000320, 6.418795175475212389, -5.840411229460639397 ) ) ;
#772 = CARTESIAN_POINT ( 'NONE',  ( -7.121753946748072828, 3.237935071945527543, 11.35079824162064277 ) ) ;
#773 = CARTESIAN_POINT ( 'NONE',  ( 11.73452407141603437, -1.300000000000000044, -4.395247113234060699 ) ) ;
#774 = CARTESIAN_POINT ( 'NONE',  ( 5.840411229460637621, 7.906204824524790453, -14.10000000000000497 ) ) ;
#775 = DIRECTION ( 'NONE',  ( -0.000000000000000000, 0.000000000000000000, 1.000000000000000000 ) ) ;
#776 = CARTESIAN_POINT ( 'NONE',  ( 0.000000000000000000, 0.000000000000000000, 13.29790144351676950 ) ) ;
#777 =( BOUNDED_CURVE ( )  B_SPLINE_CURVE ( 3, ( #3699, #3374, #2621, #1578 ),
 .UNSPECIFIED., .F., .F. ) 
 B_SPLINE_CURVE_WITH_KNOTS ( ( 4, 4 ),
 ( 4.698035646655731590, 4.755604363729466044 ),
 .UNSPECIFIED. ) 
 CURVE ( )  GEOMETRIC_REPRESENTATION_ITEM ( )  RATIONAL_B_SPLINE_CURVE ( ( 1.000000000000000000, 0.9997238393028293757, 0.9997238393028293757, 1.000000000000000000 ) ) 
 REPRESENTATION_ITEM ( '' )  );
#778 = LINE ( 'NONE', #1468, #1032 ) ;
#779 = DIRECTION ( 'NONE',  ( 0.000000000000000000, 1.000000000000000000, 0.000000000000000000 ) ) ;
#780 = SURFACE_STYLE_FILL_AREA ( #4457 ) ;
#781 = ADVANCED_FACE ( 'NONE', ( #1317 ), #644, .T. ) ;
#782 = ORIENTED_EDGE ( 'NONE', *, *, #835, .T. ) ;
#783 = CARTESIAN_POINT ( 'NONE',  ( -13.40000000000000036, 6.812500000000001776, 5.550461735799474994 ) ) ;
#784 = ORIENTED_EDGE ( 'NONE', *, *, #3551, .T. ) ;
#785 = CARTESIAN_POINT ( 'NONE',  ( 13.29877818578985860, 1.599723201635751435, -0.5532662132139193334 ) ) ;
#786 = EDGE_CURVE ( 'NONE', #239, #3021, #4329, .T. ) ;
#787 = COLOUR_RGB ( '',0.000000000000000000, 0.2274509803921568596, 0.8078431372549019773 ) ;
#788 = CARTESIAN_POINT ( 'NONE',  ( 13.38414768492802231, 10.00000000000000000, 0.6516062829929527567 ) ) ;
#789 = CARTESIAN_POINT ( 'NONE',  ( 13.29877818578986215, 0.5848510186455659898, -0.4733281489065485070 ) ) ;
#790 = CARTESIAN_POINT ( 'NONE',  ( -13.40000000000000036, 8.012500000000001066, 5.550461735799474994 ) ) ;
#791 = PRESENTATION_LAYER_ASSIGNMENT (  '', '', ( #638 ) ) ;
#792 =( LENGTH_UNIT ( ) NAMED_UNIT ( * ) SI_UNIT ( .MILLI., .METRE. ) );
#793 = ORIENTED_EDGE ( 'NONE', *, *, #1436, .T. ) ;
#794 = CARTESIAN_POINT ( 'NONE',  ( -12.53396428571428700, 13.15621570892968606, 1.288308691439584264 ) ) ;
#795 = CARTESIAN_POINT ( 'NONE',  ( 0.9806196540244083160, 1.071794871794871984, 13.29790144351676950 ) ) ;
#796 = CARTESIAN_POINT ( 'NONE',  ( 9.970205614730319965, 6.843704824524791341, -9.970205614730321741 ) ) ;
#797 =( NAMED_UNIT ( * ) SI_UNIT ( $, .STERADIAN. ) SOLID_ANGLE_UNIT ( ) );
#798 = UNCERTAINTY_MEASURE_WITH_UNIT (LENGTH_MEASURE( 1.000000000000000082E-05 ), #3009, 'distance_accuracy_value', 'NONE');
#799 = PLANE ( 'NONE',  #3299 ) ;
#800 = SURFACE_STYLE_FILL_AREA ( #2869 ) ;
#801 = DIRECTION ( 'NONE',  ( 1.000000000000000000, -0.000000000000000000, -0.000000000000000000 ) ) ;
#802 = COLOUR_RGB ( '',0.2941176470588235392, 0.2745098039215686514, 1.000000000000000000 ) ;
#803 = DIRECTION ( 'NONE',  ( 0.000000000000000000, 1.000000000000000000, 0.000000000000000000 ) ) ;
#804 = ORIENTED_EDGE ( 'NONE', *, *, #4164, .F. ) ;
#805 = CARTESIAN_POINT ( 'NONE',  ( -0.09630342289866861138, 0.3987179487179490778, 13.29790144351676950 ) ) ;
#806 = EDGE_LOOP ( 'NONE', ( #3111, #1293, #1879, #2919 ) ) ;
#807 = CIRCLE ( 'NONE', #3360, 13.40000000000000036 ) ;
#808 = DIRECTION ( 'NONE',  ( 0.000000000000000000, -1.000000000000000000, 0.000000000000000000 ) ) ;
#809 = PLANE ( 'NONE',  #2022 ) ;
#810 = CARTESIAN_POINT ( 'NONE',  ( -13.40000000000000036, 6.012500000000000178, 5.550461735799474994 ) ) ;
#811 = EDGE_LOOP ( 'NONE', ( #3166, #493, #122, #474, #1347 ) ) ;
#812 = CARTESIAN_POINT ( 'NONE',  ( -14.10000000000000142, 8.543795175475215942, 5.840411229460642950 ) ) ;
#813 = CARTESIAN_POINT ( 'NONE',  ( 14.09999999999999787, 8.043795175475210613, -5.840411229460648279 ) ) ;
#814 = CARTESIAN_POINT ( 'NONE',  ( 13.35333085432982969, 0.6053248328996437833, -1.117402001502433517 ) ) ;
#815 = CARTESIAN_POINT ( 'NONE',  ( -1.726751986797767995E-15, 5.968704824524790453, -14.09999999999999964 ) ) ;
#816 = EDGE_CURVE ( 'NONE', #759, #2828, #1405, .T. ) ;
#817 =( GEOMETRIC_REPRESENTATION_CONTEXT ( 3 ) GLOBAL_UNCERTAINTY_ASSIGNED_CONTEXT ( ( #26 ) ) GLOBAL_UNIT_ASSIGNED_CONTEXT ( ( #1258, #4428, #2685 ) ) REPRESENTATION_CONTEXT ( 'NONE', 'WORKASPACE' ) );
#818 = FILL_AREA_STYLE ('',( #154 ) ) ;
#819 = PRODUCT_CONTEXT ( 'NONE', #3474, 'mechanical' ) ;
#820 = CARTESIAN_POINT ( 'NONE',  ( 13.29877818578855830, 0.3650310396993430295, -0.08361842437796433714 ) ) ;
#821 = LINE ( 'NONE', #3959, #1600 ) ;
#822 = CIRCLE ( 'NONE', #4328, 13.40000000000000036 ) ;
#823 = AXIS2_PLACEMENT_3D ( 'NONE', #1496, #3589, #1449 ) ;
#824 = CARTESIAN_POINT ( 'NONE',  ( 13.39101774211715501, 0.7509319390583129028, -0.4905566445750313420 ) ) ;
#825 = ORIENTED_EDGE ( 'NONE', *, *, #1571, .T. ) ;
#826 = DIRECTION ( 'NONE',  ( 1.000000000000000000, 0.000000000000000000, 0.000000000000000000 ) ) ;
#827 = DIRECTION ( 'NONE',  ( -0.4909038334306846663, 0.000000000000000000, 0.8712137661464370852 ) ) ;
#828 = ORIENTED_EDGE ( 'NONE', *, *, #3472, .T. ) ;
#829 = CARTESIAN_POINT ( 'NONE',  ( 13.29877818578986215, 1.005142645310143967, -1.082841631536087368 ) ) ;
#830 = SURFACE_STYLE_USAGE ( .BOTH. , #3342 ) ;
#831 = SURFACE_STYLE_USAGE ( .BOTH. , #4315 ) ;
#832 = CARTESIAN_POINT ( 'NONE',  ( -1.726751986797767995E-15, 7.968704824524790453, -14.09999999999999964 ) ) ;
#833 = MECHANICAL_DESIGN_GEOMETRIC_PRESENTATION_REPRESENTATION (  '', ( #1778 ), #2451 ) ;
#834 = COLOUR_RGB ( '',0.2941176470588235392, 0.2745098039215686514, 1.000000000000000000 ) ;
#835 = EDGE_CURVE ( 'NONE', #1150, #2748, #2487, .T. ) ;
#836 = EDGE_LOOP ( 'NONE', ( #3130, #13, #828, #309 ) ) ;
#837 = CARTESIAN_POINT ( 'NONE',  ( -9.970205614730319965, 6.356295175475212389, -9.970205614730319965 ) ) ;
#838 = CARTESIAN_POINT ( 'NONE',  ( -14.10000000000000320, 5.418795175475214165, -5.840411229460639397 ) ) ;
#839 = CYLINDRICAL_SURFACE ( 'NONE', #1140, 12.84999999999999964 ) ;
#840 = FILL_AREA_STYLE ('',( #128 ) ) ;
#841 = COLOUR_RGB ( '',0.5019607843137254832, 0.5019607843137254832, 1.000000000000000000 ) ;
#842 = CARTESIAN_POINT ( 'NONE',  ( -9.475230867899737675, 6.075000000000000178, 9.475230867899737675 ) ) ;
#843 = CARTESIAN_POINT ( 'NONE',  ( 13.29877818578986215, 1.700000000000000178, 0.3017030679625964384 ) ) ;
#844 = EDGE_CURVE ( 'NONE', #4083, #2730, #821, .T. ) ;
#845 = UNCERTAINTY_MEASURE_WITH_UNIT (LENGTH_MEASURE( 1.000000000000000082E-05 ), #736, 'distance_accuracy_value', 'NONE');
#846 = CARTESIAN_POINT ( 'NONE',  ( 0.000000000000000000, 0.000000000000000000, 0.000000000000000000 ) ) ;
#847 = ADVANCED_FACE ( 'NONE', ( #753 ), #442, .T. ) ;
#848 = CARTESIAN_POINT ( 'NONE',  ( 13.40129048890766938, 0.3548282302510816777, 0.07358012677752623354 ) ) ;
#849 = PLANE ( 'NONE',  #632 ) ;
#850 = LINE ( 'NONE', #4343, #2956 ) ;
#851 = VERTEX_POINT ( 'NONE', #1515 ) ;
#852 =( NAMED_UNIT ( * ) PLANE_ANGLE_UNIT ( ) SI_UNIT ( $, .RADIAN. ) );
#853 = EDGE_LOOP ( 'NONE', ( #1508, #2341, #4436, #1931 ) ) ;
#854 = DIRECTION ( 'NONE',  ( 0.000000000000000000, 0.000000000000000000, 1.000000000000000000 ) ) ;
#855 =( NAMED_UNIT ( * ) PLANE_ANGLE_UNIT ( ) SI_UNIT ( $, .RADIAN. ) );
#856 = CARTESIAN_POINT ( 'NONE',  ( -13.40000000000000036, 4.887500000000001066, -5.550461735799474106 ) ) ;
#857 = ORIENTED_EDGE ( 'NONE', *, *, #4493, .F. ) ;
#858 =( GEOMETRIC_REPRESENTATION_CONTEXT ( 3 ) GLOBAL_UNCERTAINTY_ASSIGNED_CONTEXT ( ( #90 ) ) GLOBAL_UNIT_ASSIGNED_CONTEXT ( ( #889, #178, #913 ) ) REPRESENTATION_CONTEXT ( 'NONE', 'WORKASPACE' ) );
#859 = VECTOR ( 'NONE', #388, 1000.000000000000000 ) ;
#860 = ORIENTED_EDGE ( 'NONE', *, *, #1494, .T. ) ;
#861 = CARTESIAN_POINT ( 'NONE',  ( 14.09999999999999787, 7.918795175475211501, 5.840411229460643838 ) ) ;
#862 = CARTESIAN_POINT ( 'NONE',  ( 9.970205614730319965, 7.843704824524790453, -9.970205614730321741 ) ) ;
#863 = MECHANICAL_DESIGN_GEOMETRIC_PRESENTATION_REPRESENTATION (  '', ( #4231 ), #2327 ) ;
#864 = CARTESIAN_POINT ( 'NONE',  ( -13.40000000000000036, 7.950000000000000178, 8.205133554287266562E-16 ) ) ;
#865 = DIRECTION ( 'NONE',  ( 0.000000000000000000, -0.000000000000000000, -1.000000000000000000 ) ) ;
#866 = VERTEX_POINT ( 'NONE', #1173 ) ;
#867 = DIRECTION ( 'NONE',  ( 0.000000000000000000, 1.000000000000000000, 0.000000000000000000 ) ) ;
#868 = DIRECTION ( 'NONE',  ( 0.000000000000000000, -1.000000000000000000, 0.000000000000000000 ) ) ;
#869 = EDGE_CURVE ( 'NONE', #2015, #4347, #1843, .T. ) ;
#870 = SURFACE_STYLE_FILL_AREA ( #3356 ) ;
#871 = SURFACE_STYLE_FILL_AREA ( #2999 ) ;
#872 = CARTESIAN_POINT ( 'NONE',  ( -1.641026710857453312E-15, 8.500000000000000000, -13.40000000000000036 ) ) ;
#873 = CARTESIAN_POINT ( 'NONE',  ( 13.29877818578986215, 1.071794871794871984, 0.4054690936036221549 ) ) ;
#874 = VERTEX_POINT ( 'NONE', #2222 ) ;
#875 =( NAMED_UNIT ( * ) PLANE_ANGLE_UNIT ( ) SI_UNIT ( $, .RADIAN. ) );
#876 = CARTESIAN_POINT ( 'NONE',  ( 12.09710106324518541, 3.218914651395904158, 4.333894999377839952 ) ) ;
#877 = VECTOR ( 'NONE', #642, 1000.000000000000000 ) ;
#878 = CARTESIAN_POINT ( 'NONE',  ( -12.60000000000000142, 0.6999999999999999556, 0.000000000000000000 ) ) ;
#879 = CARTESIAN_POINT ( 'NONE',  ( -13.40000000000000036, 5.950000000000000178, 8.205133554287266562E-16 ) ) ;
#880 = CARTESIAN_POINT ( 'NONE',  ( -6.146969497747394762, 3.400000000000000355, 10.99885293990983293 ) ) ;
#881 = COLOUR_RGB ( '',0.2549019607843137081, 0.2549019607843137081, 0.4980392156862745168 ) ;
#882 = ORIENTED_EDGE ( 'NONE', *, *, #1183, .F. ) ;
#883 =( GEOMETRIC_REPRESENTATION_CONTEXT ( 3 ) GLOBAL_UNCERTAINTY_ASSIGNED_CONTEXT ( ( #4042 ) ) GLOBAL_UNIT_ASSIGNED_CONTEXT ( ( #4339, #2218, #463 ) ) REPRESENTATION_CONTEXT ( 'NONE', 'WORKASPACE' ) );
#884 = CARTESIAN_POINT ( 'NONE',  ( -5.840411229460643838, 5.293795175475214165, -14.10000000000000320 ) ) ;
#885 = FILL_AREA_STYLE ('',( #4020 ) ) ;
#886 = CARTESIAN_POINT ( 'NONE',  ( -5.550461735799474106, 7.137500000000000178, 13.40000000000000036 ) ) ;
#887 = SURFACE_STYLE_USAGE ( .BOTH. , #2637 ) ;
#888 = UNCERTAINTY_MEASURE_WITH_UNIT (LENGTH_MEASURE( 1.000000000000000082E-05 ), #1734, 'distance_accuracy_value', 'NONE');
#889 =( LENGTH_UNIT ( ) NAMED_UNIT ( * ) SI_UNIT ( .MILLI., .METRE. ) );
#890 = SURFACE_STYLE_USAGE ( .BOTH. , #1174 ) ;
#891 = FILL_AREA_STYLE_COLOUR ( '', #3429 ) ;
#892 = UNCERTAINTY_MEASURE_WITH_UNIT (LENGTH_MEASURE( 1.000000000000000082E-05 ), #106, 'distance_accuracy_value', 'NONE');
#893 = MECHANICAL_DESIGN_GEOMETRIC_PRESENTATION_REPRESENTATION (  '', ( #1979 ), #2660 ) ;
#894 = DIRECTION ( 'NONE',  ( -0.000000000000000000, 1.000000000000000000, 0.000000000000000000 ) ) ;
#895 = CARTESIAN_POINT ( 'NONE',  ( -5.550461735799474994, 6.562500000000000888, -13.40000000000000036 ) ) ;
#896 = FILL_AREA_STYLE ('',( #1501 ) ) ;
#897 = EDGE_LOOP ( 'NONE', ( #825, #2440, #4154, #2904 ) ) ;
#898 =( NAMED_UNIT ( * ) SI_UNIT ( $, .STERADIAN. ) SOLID_ANGLE_UNIT ( ) );
#899 = STYLED_ITEM ( 'NONE', ( #115 ), #4386 ) ;
#900 =( NAMED_UNIT ( * ) SI_UNIT ( $, .STERADIAN. ) SOLID_ANGLE_UNIT ( ) );
#901 =( GEOMETRIC_REPRESENTATION_CONTEXT ( 3 ) GLOBAL_UNCERTAINTY_ASSIGNED_CONTEXT ( ( #3115 ) ) GLOBAL_UNIT_ASSIGNED_CONTEXT ( ( #2825, #4239, #4285 ) ) REPRESENTATION_CONTEXT ( 'NONE', 'WORKASPACE' ) );
#902 = DIRECTION ( 'NONE',  ( -0.000000000000000000, -1.000000000000000000, -0.000000000000000000 ) ) ;
#903 = EDGE_CURVE ( 'NONE', #2828, #759, #2806, .T. ) ;
#904 = CARTESIAN_POINT ( 'NONE',  ( -1.641026710857453312E-15, 5.700000000000000178, -13.40000000000000036 ) ) ;
#905 =( LENGTH_UNIT ( ) NAMED_UNIT ( * ) SI_UNIT ( .MILLI., .METRE. ) );
#906 = VERTEX_POINT ( 'NONE', #3916 ) ;
#907 = CARTESIAN_POINT ( 'NONE',  ( 14.09999999999999964, 4.981295175475212389, -2.590127980196652091E-15 ) ) ;
#909 = DIRECTION ( 'NONE',  ( 0.000000000000000000, 1.000000000000000000, 0.000000000000000000 ) ) ;
#908 = COLOUR_RGB ( '',0.2941176470588235392, 0.2745098039215686514, 1.000000000000000000 ) ;
#910 = CARTESIAN_POINT ( 'NONE',  ( -1.641026710857453312E-15, 7.700000000000000178, -13.40000000000000036 ) ) ;
#911 = PRESENTATION_STYLE_ASSIGNMENT (( #887 ) ) ;
#912 = MECHANICAL_DESIGN_GEOMETRIC_PRESENTATION_REPRESENTATION (  '', ( #2960 ), #1547 ) ;
#913 =( NAMED_UNIT ( * ) SI_UNIT ( $, .STERADIAN. ) SOLID_ANGLE_UNIT ( ) );
#914 = DIRECTION ( 'NONE',  ( 1.000000000000000000, -0.000000000000000000, -0.000000000000000000 ) ) ;
#915 =( NAMED_UNIT ( * ) SI_UNIT ( $, .STERADIAN. ) SOLID_ANGLE_UNIT ( ) );
#916 = MECHANICAL_DESIGN_GEOMETRIC_PRESENTATION_REPRESENTATION (  '', ( #160 ), #2749 ) ;
#917 = CARTESIAN_POINT ( 'NONE',  ( 9.475230867899735898, 7.375000000000001776, -9.475230867899739451 ) ) ;
#918 =( NAMED_UNIT ( * ) SI_UNIT ( $, .STERADIAN. ) SOLID_ANGLE_UNIT ( ) );
#919 = ORIENTED_EDGE ( 'NONE', *, *, #2351, .T. ) ;
#920 = EDGE_CURVE ( 'NONE', #282, #4032, #419, .T. ) ;
#921 = DIRECTION ( 'NONE',  ( 0.000000000000000000, 0.000000000000000000, -1.000000000000000000 ) ) ;
#922 = EDGE_CURVE ( 'NONE', #1488, #1519, #1156, .T. ) ;
#923 = FACE_OUTER_BOUND ( 'NONE', #4427, .T. ) ;
#924 = CARTESIAN_POINT ( 'NONE',  ( 12.84528761740791936, 1.766390046959026572, 0.3479741744251531599 ) ) ;
#925 = FACE_OUTER_BOUND ( 'NONE', #4408, .T. ) ;
#926 = CARTESIAN_POINT ( 'NONE',  ( -9.475230867899737675, 8.625000000000000000, -9.475230867899735898 ) ) ;
#927 = EDGE_CURVE ( 'NONE', #648, #1010, #1393, .T. ) ;
#928 = CARTESIAN_POINT ( 'NONE',  ( 13.29877818578986037, 0.5446518608247787885, -1.111463728859216848 ) ) ;
#929 = ORIENTED_EDGE ( 'NONE', *, *, #284, .T. ) ;
#930 = CARTESIAN_POINT ( 'NONE',  ( 9.970205614730321741, 7.593704824524791341, 9.970205614730318189 ) ) ;
#931 = DIRECTION ( 'NONE',  ( 0.000000000000000000, 0.000000000000000000, 1.000000000000000000 ) ) ;
#932 = DIRECTION ( 'NONE',  ( 0.000000000000000000, 0.000000000000000000, 1.000000000000000000 ) ) ;
#933 = CARTESIAN_POINT ( 'NONE',  ( -9.475230867899737675, 7.825000000000000178, -9.475230867899735898 ) ) ;
#934 = CARTESIAN_POINT ( 'NONE',  ( -1.726751986797767995E-15, 8.231295175475212389, -14.09999999999999964 ) ) ;
#935 = UNCERTAINTY_MEASURE_WITH_UNIT (LENGTH_MEASURE( 1.000000000000000082E-05 ), #4220, 'distance_accuracy_value', 'NONE');
#936 = VECTOR ( 'NONE', #867, 1000.000000000000000 ) ;
#937 = DIRECTION ( 'NONE',  ( 0.000000000000000000, 0.000000000000000000, -1.000000000000000000 ) ) ;
#938 = CARTESIAN_POINT ( 'NONE',  ( -12.53396428571428700, 13.15621570892968606, -1.288308691439584264 ) ) ;
#939 = CARTESIAN_POINT ( 'NONE',  ( -9.475230867899737675, 5.625000000000001776, -9.475230867899735898 ) ) ;
#940 = ORIENTED_EDGE ( 'NONE', *, *, #1627, .T. ) ;
#941 = FILL_AREA_STYLE_COLOUR ( '', #6 ) ;
#942 = CARTESIAN_POINT ( 'NONE',  ( 14.09999999999999787, 6.918795175475212389, 5.840411229460643838 ) ) ;
#943 = DIRECTION ( 'NONE',  ( -0.000000000000000000, 1.000000000000000000, -0.000000000000000000 ) ) ;
#944 = CARTESIAN_POINT ( 'NONE',  ( -9.970205614730319965, 6.093704824524790453, -9.970205614730319965 ) ) ;
#945 = EDGE_LOOP ( 'NONE', ( #952, #686, #2925, #1143 ) ) ;
#946 = CARTESIAN_POINT ( 'NONE',  ( 13.29877818578985682, 0.03328883061082911488, -0.8671714316984816540 ) ) ;
#947 = VERTEX_POINT ( 'NONE', #2172 ) ;
#948 = CARTESIAN_POINT ( 'NONE',  ( 9.970205614730321741, 4.593704824524791341, 9.970205614730318189 ) ) ;
#949 = CARTESIAN_POINT ( 'NONE',  ( 13.29877818578986215, 0.3538461538461538103, 0.1607775871933657397 ) ) ;
#950 = FILL_AREA_STYLE ('',( #3393 ) ) ;
#951 = CARTESIAN_POINT ( 'NONE',  ( -14.10000000000000320, 8.418795175475212389, -5.840411229460639397 ) ) ;
#952 = ORIENTED_EDGE ( 'NONE', *, *, #2329, .T. ) ;
#953 = CARTESIAN_POINT ( 'NONE',  ( -15.67069872835678801, 3.218914651395904158, -11.31245942397727688 ) ) ;
#954 = DIRECTION ( 'NONE',  ( -0.000000000000000000, 1.000000000000000000, 0.000000000000000000 ) ) ;
#955 = EDGE_CURVE ( 'NONE', #3922, #3075, #3566, .T. ) ;
#956 = LINE ( 'NONE', #2356, #2502 ) ;
#957 = VERTEX_POINT ( 'NONE', #2892 ) ;
#958 = CARTESIAN_POINT ( 'NONE',  ( -5.550461735799474994, 8.562500000000001776, -13.40000000000000036 ) ) ;
#959 = PRESENTATION_STYLE_ASSIGNMENT (( #2690 ) ) ;
#960 = ORIENTED_EDGE ( 'NONE', *, *, #1216, .F. ) ;
#961 = CARTESIAN_POINT ( 'NONE',  ( -11.32179765614438693, 0.6999999999999999556, 0.1740654134571497647 ) ) ;
#962 = CARTESIAN_POINT ( 'NONE',  ( -9.970205614730319965, 7.356295175475213277, -9.970205614730319965 ) ) ;
#963 = DIRECTION ( 'NONE',  ( 0.000000000000000000, 0.000000000000000000, 1.000000000000000000 ) ) ;
#964 = CARTESIAN_POINT ( 'NONE',  ( 5.840411229460650056, 6.531204824524792230, 14.09999999999999609 ) ) ;
#965 = ORIENTED_EDGE ( 'NONE', *, *, #4293, .F. ) ;
#966 = CIRCLE ( 'NONE', #1832, 13.40000000000000036 ) ;
#967 = PLANE ( 'NONE',  #987 ) ;
#968 = VECTOR ( 'NONE', #492, 1000.000000000000000 ) ;
#969 = ORIENTED_EDGE ( 'NONE', *, *, #2300, .F. ) ;
#970 =( NAMED_UNIT ( * ) PLANE_ANGLE_UNIT ( ) SI_UNIT ( $, .RADIAN. ) );
#971 = DIRECTION ( 'NONE',  ( 0.000000000000000000, 1.000000000000000000, 0.000000000000000000 ) ) ;
#972 = DIRECTION ( 'NONE',  ( 0.000000000000000000, -0.000000000000000000, -1.000000000000000000 ) ) ;
#973 = PRESENTATION_STYLE_ASSIGNMENT (( #287 ) ) ;
#974 = ADVANCED_FACE ( 'NONE', ( #2913 ), #3613, .T. ) ;
#975 = CARTESIAN_POINT ( 'NONE',  ( 0.000000000000000000, 5.731295175475212389, 14.09999999999999964 ) ) ;
#976 = VERTEX_POINT ( 'NONE', #2600 ) ;
#977 = AXIS2_PLACEMENT_3D ( 'NONE', #626, #1666, #3084 ) ;
#978 = STYLED_ITEM ( 'NONE', ( #205 ), #2208 ) ;
#979 = FACE_OUTER_BOUND ( 'NONE', #3046, .T. ) ;
#980 = EDGE_CURVE ( 'NONE', #4151, #4190, #3982, .T. ) ;
#981 = CARTESIAN_POINT ( 'NONE',  ( 13.39232934043297973, 0.2610844822614369898, -1.029785615983588976 ) ) ;
#982 = STYLED_ITEM ( 'NONE', ( #3632 ), #3661 ) ;
#983 = AXIS2_PLACEMENT_3D ( 'NONE', #403, #826, #4265 ) ;
#984 =( GEOMETRIC_REPRESENTATION_CONTEXT ( 3 ) GLOBAL_UNCERTAINTY_ASSIGNED_CONTEXT ( ( #464 ) ) GLOBAL_UNIT_ASSIGNED_CONTEXT ( ( #4312, #761, #2515 ) ) REPRESENTATION_CONTEXT ( 'NONE', 'WORKASPACE' ) );
#985 = CARTESIAN_POINT ( 'NONE',  ( 13.40103461748984515, 0.9146422099184834398, -0.4235522241165464163 ) ) ;
#986 = ORIENTED_EDGE ( 'NONE', *, *, #2101, .T. ) ;
#987 = AXIS2_PLACEMENT_3D ( 'NONE', #359, #3076, #2393 ) ;
#988 = CARTESIAN_POINT ( 'NONE',  ( 13.39429714148392492, 0.4534554930423331798, -0.3931350910519454955 ) ) ;
#989 = CARTESIAN_POINT ( 'NONE',  ( 9.970205614730321741, 4.593704824524791341, 9.970205614730318189 ) ) ;
#990 = ORIENTED_EDGE ( 'NONE', *, *, #3472, .F. ) ;
#991 = CARTESIAN_POINT ( 'NONE',  ( 0.000000000000000000, -1.300000000000000044, 0.000000000000000000 ) ) ;
#992 =( GEOMETRIC_REPRESENTATION_CONTEXT ( 3 ) GLOBAL_UNCERTAINTY_ASSIGNED_CONTEXT ( ( #3353 ) ) GLOBAL_UNIT_ASSIGNED_CONTEXT ( ( #4482, #1989, #4125 ) ) REPRESENTATION_CONTEXT ( 'NONE', 'WORKASPACE' ) );
#993 = EDGE_LOOP ( 'NONE', ( #2679 ) ) ;
#994 = CARTESIAN_POINT ( 'NONE',  ( 13.29877818578986393, 1.572015463253193301, -0.6167759037644222619 ) ) ;
#995 = PLANE ( 'NONE',  #1917 ) ;
#996 = CARTESIAN_POINT ( 'NONE',  ( -11.32179765614438516, -1.300000000000000044, -5.244954800604855194 ) ) ;
#997 = ORIENTED_EDGE ( 'NONE', *, *, #427, .F. ) ;
#998 =( NAMED_UNIT ( * ) PLANE_ANGLE_UNIT ( ) SI_UNIT ( $, .RADIAN. ) );
#999 = PRESENTATION_LAYER_ASSIGNMENT (  '', '', ( #177 ) ) ;
#1000 = EDGE_CURVE ( 'NONE', #3468, #1615, #24, .T. ) ;
#1001 = PLANE ( 'NONE',  #1987 ) ;
#1002 = CARTESIAN_POINT ( 'NONE',  ( 13.29877818578986215, 0.9535903604883861906, -0.3853873851655121863 ) ) ;
#1003 = ORIENTED_EDGE ( 'NONE', *, *, #3690, .F. ) ;
#1004 =( GEOMETRIC_REPRESENTATION_CONTEXT ( 3 ) GLOBAL_UNCERTAINTY_ASSIGNED_CONTEXT ( ( #1597 ) ) GLOBAL_UNIT_ASSIGNED_CONTEXT ( ( #3132, #655, #2774 ) ) REPRESENTATION_CONTEXT ( 'NONE', 'WORKASPACE' ) );
#1005 = DIRECTION ( 'NONE',  ( 0.000000000000000000, 0.000000000000000000, -1.000000000000000000 ) ) ;
#1006 = CARTESIAN_POINT ( 'NONE',  ( 13.29877818578986393, 1.070067423431870557, 0.04997292408614821546 ) ) ;
#1007 = SURFACE_SIDE_STYLE ('',( #3523 ) ) ;
#1008 = CARTESIAN_POINT ( 'NONE',  ( 0.000000000000000000, 3.400000000000000355, 0.000000000000000000 ) ) ;
#1009 = CARTESIAN_POINT ( 'NONE',  ( -5.840411229460641174, 7.406204824524790453, 14.10000000000000142 ) ) ;
#1010 = VERTEX_POINT ( 'NONE', #1092 ) ;
#1011 = EDGE_CURVE ( 'NONE', #1870, #282, #2510, .T. ) ;
#1012 =( LENGTH_UNIT ( ) NAMED_UNIT ( * ) SI_UNIT ( .MILLI., .METRE. ) );
#1013 = ORIENTED_EDGE ( 'NONE', *, *, #3891, .F. ) ;
#1014 = CARTESIAN_POINT ( 'NONE',  ( 13.40214012082287631, 1.624287129643757543, -0.4828915090478136940 ) ) ;
#1015 = SURFACE_STYLE_FILL_AREA ( #1351 ) ;
#1016 = FILL_AREA_STYLE ('',( #1689 ) ) ;
#1017 = PLANE ( 'NONE',  #1846 ) ;
#1018 = CARTESIAN_POINT ( 'NONE',  ( -14.09999999999999964, 6.481295175475212389, 8.633759933988839975E-16 ) ) ;
#1019 = EDGE_LOOP ( 'NONE', ( #2899, #4096, #3034, #2654, #1669, #3301, #3161 ) ) ;
#1020 = DIRECTION ( 'NONE',  ( 0.000000000000000000, -1.000000000000000000, 0.000000000000000000 ) ) ;
#1021 =( NAMED_UNIT ( * ) SI_UNIT ( $, .STERADIAN. ) SOLID_ANGLE_UNIT ( ) );
#1022 = CARTESIAN_POINT ( 'NONE',  ( 0.000000000000000000, 0.3987179487179495219, 0.000000000000000000 ) ) ;
#1023 = COLOUR_RGB ( '',0.2941176470588235392, 0.2745098039215686514, 1.000000000000000000 ) ;
#1024 = FILL_AREA_STYLE ('',( #250 ) ) ;
#1025 = VERTEX_POINT ( 'NONE', #1940 ) ;
#1026 = CARTESIAN_POINT ( 'NONE',  ( 13.39988201778521493, 0.3546407735007403583, 0.09022420099166660046 ) ) ;
#1027 = ADVANCED_FACE ( 'NONE', ( #1887, #1234 ), #849, .T. ) ;
#1028 = CARTESIAN_POINT ( 'NONE',  ( 13.29877818578986215, 0.8216636426143154592, -0.4759654380783050476 ) ) ;
#1029 = FACE_OUTER_BOUND ( 'NONE', #1742, .T. ) ;
#1030 = CARTESIAN_POINT ( 'NONE',  ( -1.641026710857453312E-15, 5.500000000000001776, -13.40000000000000036 ) ) ;
#1031 = ORIENTED_EDGE ( 'NONE', *, *, #1819, .F. ) ;
#1032 = VECTOR ( 'NONE', #3544, 1000.000000000000000 ) ;
#1033 = EDGE_CURVE ( 'NONE', #1519, #3692, #2322, .T. ) ;
#1034 = ORIENTED_EDGE ( 'NONE', *, *, #1577, .F. ) ;
#1035 =( GEOMETRIC_REPRESENTATION_CONTEXT ( 3 ) GLOBAL_UNCERTAINTY_ASSIGNED_CONTEXT ( ( #1402 ) ) GLOBAL_UNIT_ASSIGNED_CONTEXT ( ( #3129, #625, #3766 ) ) REPRESENTATION_CONTEXT ( 'NONE', 'WORKASPACE' ) );
#1036 = CARTESIAN_POINT ( 'NONE',  ( 5.840411229460637621, 5.906204824524792230, -14.10000000000000497 ) ) ;
#1037 = CARTESIAN_POINT ( 'NONE',  ( 0.000000000000000000, 4.731295175475212389, 14.09999999999999964 ) ) ;
#1038 = DIRECTION ( 'NONE',  ( -0.000000000000000000, 0.000000000000000000, 1.000000000000000000 ) ) ;
#1039 = VECTOR ( 'NONE', #3852, 1000.000000000000000 ) ;
#1040 = VERTEX_POINT ( 'NONE', #158 ) ;
#1041 = SURFACE_STYLE_FILL_AREA ( #4496 ) ;
#1042 = DIRECTION ( 'NONE',  ( 0.000000000000000000, -0.000000000000000000, 1.000000000000000000 ) ) ;
#1043 = CIRCLE ( 'NONE', #3602, 1.289999999999999591 ) ;
#1044 = FILL_AREA_STYLE ('',( #2080 ) ) ;
#1045 =( NAMED_UNIT ( * ) SI_UNIT ( $, .STERADIAN. ) SOLID_ANGLE_UNIT ( ) );
#1046 = CARTESIAN_POINT ( 'NONE',  ( 13.40103461748984337, 1.071794871794872206, 0.1916269461677245767 ) ) ;
#1047 =( GEOMETRIC_REPRESENTATION_CONTEXT ( 3 ) GLOBAL_UNCERTAINTY_ASSIGNED_CONTEXT ( ( #176 ) ) GLOBAL_UNIT_ASSIGNED_CONTEXT ( ( #1557, #2775, #4114 ) ) REPRESENTATION_CONTEXT ( 'NONE', 'WORKASPACE' ) );
#1048 = COLOUR_RGB ( '',0.2941176470588235392, 0.2745098039215686514, 1.000000000000000000 ) ;
#1049 = ORIENTED_EDGE ( 'NONE', *, *, #4170, .T. ) ;
#1050 = DIRECTION ( 'NONE',  ( 0.000000000000000000, 1.000000000000000000, 0.000000000000000000 ) ) ;
#1051 = PLANE ( 'NONE',  #3281 ) ;
#1052 = EDGE_CURVE ( 'NONE', #4486, #3090, #777, .T. ) ;
#1053 = CARTESIAN_POINT ( 'NONE',  ( 9.475230867899739451, 7.125000000000000888, 9.475230867899734122 ) ) ;
#1054 = ORIENTED_EDGE ( 'NONE', *, *, #1146, .T. ) ;
#1055 = CARTESIAN_POINT ( 'NONE',  ( 13.29877818578985860, 1.419936286090328181, -0.8348847527686903414 ) ) ;
#1056 = EDGE_CURVE ( 'NONE', #2408, #1615, #4004, .T. ) ;
#1057 =( NAMED_UNIT ( * ) SI_UNIT ( $, .STERADIAN. ) SOLID_ANGLE_UNIT ( ) );
#1058 = SURFACE_STYLE_FILL_AREA ( #336 ) ;
#1059 = CARTESIAN_POINT ( 'NONE',  ( -0.09630342289866861138, -1.800000000000000044, 13.29790144351676950 ) ) ;
#1060 = SURFACE_STYLE_FILL_AREA ( #719 ) ;
#1061 = DIRECTION ( 'NONE',  ( 0.000000000000000000, -0.000000000000000000, -1.000000000000000000 ) ) ;
#1062 = VERTEX_POINT ( 'NONE', #2265 ) ;
#1063 = CARTESIAN_POINT ( 'NONE',  ( -5.875951837458691429, 0.6999999999999999556, 10.55720291093416563 ) ) ;
#1064 = FACE_OUTER_BOUND ( 'NONE', #1382, .T. ) ;
#1065 = LINE ( 'NONE', #1087, #1102 ) ;
#1066 = CARTESIAN_POINT ( 'NONE',  ( -14.09999999999999964, 8.218704824524790453, 8.633759933988839975E-16 ) ) ;
#1067 =( NAMED_UNIT ( * ) PLANE_ANGLE_UNIT ( ) SI_UNIT ( $, .RADIAN. ) );
#1068 = FILL_AREA_STYLE ('',( #4142 ) ) ;
#1069 = DIRECTION ( 'NONE',  ( -1.635972270951187597E-16, 0.000000000000000000, 1.000000000000000000 ) ) ;
#1070 = STYLED_ITEM ( 'NONE', ( #241 ), #1439 ) ;
#1071 = ORIENTED_EDGE ( 'NONE', *, *, #353, .T. ) ;
#1072 = STYLED_ITEM ( 'NONE', ( #2309 ), #1027 ) ;
#1073 = CARTESIAN_POINT ( 'NONE',  ( 0.9806196540244083160, 1.071794871794871984, 13.29790144351676950 ) ) ;
#1074 = VECTOR ( 'NONE', #3149, 1000.000000000000000 ) ;
#1075 = CARTESIAN_POINT ( 'NONE',  ( 13.29877818578986393, 0.8702147816037983930, -0.4538569313947775075 ) ) ;
#1076 = DIRECTION ( 'NONE',  ( -0.000000000000000000, -1.000000000000000000, -0.000000000000000000 ) ) ;
#1077 = ORIENTED_EDGE ( 'NONE', *, *, #1304, .T. ) ;
#1078 = FACE_OUTER_BOUND ( 'NONE', #2041, .T. ) ;
#1079 = CARTESIAN_POINT ( 'NONE',  ( 0.9806196540244083160, -0.2294871794871792547, 13.29790144351676950 ) ) ;
#1080 = LINE ( 'NONE', #3194, #1074 ) ;
#1081 = CARTESIAN_POINT ( 'NONE',  ( -5.550461735799475882, 7.762500000000000178, -13.40000000000000036 ) ) ;
#1082 = CARTESIAN_POINT ( 'NONE',  ( -10.45949412403840384, 10.00000000000000000, -8.376095908548695235 ) ) ;
#1083 = ORIENTED_EDGE ( 'NONE', *, *, #3110, .F. ) ;
#1084 =( NAMED_UNIT ( * ) PLANE_ANGLE_UNIT ( ) SI_UNIT ( $, .RADIAN. ) );
#1085 = CARTESIAN_POINT ( 'NONE',  ( -14.09999999999999964, 7.481295175475212389, 8.633759933988839975E-16 ) ) ;
#1086 = DIRECTION ( 'NONE',  ( -0.000000000000000000, 1.000000000000000000, -0.000000000000000000 ) ) ;
#1087 = CARTESIAN_POINT ( 'NONE',  ( 0.9806196540244083160, 1.071794871794871984, 13.29790144351676950 ) ) ;
#1088 = CARTESIAN_POINT ( 'NONE',  ( 9.970205614730319965, 7.843704824524790453, -9.970205614730321741 ) ) ;
#1089 = SURFACE_STYLE_USAGE ( .BOTH. , #2507 ) ;
#1090 = ADVANCED_FACE ( 'NONE', ( #4429 ), #4067, .T. ) ;
#1091 = CARTESIAN_POINT ( 'NONE',  ( 13.40129048890766761, 0.6684504717627619552, -0.4908665070233156347 ) ) ;
#1092 = CARTESIAN_POINT ( 'NONE',  ( -5.832736644550317706, 0.6999999999999999556, 10.55744370664586462 ) ) ;
#1093 = CARTESIAN_POINT ( 'NONE',  ( 13.39096593468623020, 0.7142227564102565651, -0.4919668038322754233 ) ) ;
#1094 = STYLED_ITEM ( 'NONE', ( #911 ), #3330 ) ;
#1095 = DIRECTION ( 'NONE',  ( 0.000000000000000000, 0.000000000000000000, -1.000000000000000000 ) ) ;
#1096 = CARTESIAN_POINT ( 'NONE',  ( 0.000000000000000000, 6.000000000000000888, 13.40000000000000036 ) ) ;
#1097 = VERTEX_POINT ( 'NONE', #578 ) ;
#1098 = LINE ( 'NONE', #2837, #2664 ) ;
#1099 = FACE_OUTER_BOUND ( 'NONE', #581, .T. ) ;
#1100 = CARTESIAN_POINT ( 'NONE',  ( -13.78568851628465808, 1.766390046959026572, -14.65781290106666823 ) ) ;
#1101 =( LENGTH_UNIT ( ) NAMED_UNIT ( * ) SI_UNIT ( .MILLI., .METRE. ) );
#1102 = VECTOR ( 'NONE', #2908, 1000.000000000000000 ) ;
#1103 = ORIENTED_EDGE ( 'NONE', *, *, #786, .F. ) ;
#1104 = DIRECTION ( 'NONE',  ( -0.8712137661464369742, 0.000000000000000000, -0.4909038334306846108 ) ) ;
#1105 = CARTESIAN_POINT ( 'NONE',  ( -14.10000000000000320, 6.543795175475212389, 5.840411229460642950 ) ) ;
#1106 = DIRECTION ( 'NONE',  ( 0.000000000000000000, -0.000000000000000000, 1.000000000000000000 ) ) ;
#1107 = CARTESIAN_POINT ( 'NONE',  ( 13.37008855021918841, 0.05473891760039405890, -0.8967538966786997578 ) ) ;
#1108 = ADVANCED_FACE ( 'NONE', ( #3838 ), #4092, .T. ) ;
#1109 = CARTESIAN_POINT ( 'NONE',  ( -14.10000000000000320, 5.281204824524791341, 5.840411229460642950 ) ) ;
#1110 = STYLED_ITEM ( 'NONE', ( #4226 ), #4437 ) ;
#1111 = FACE_OUTER_BOUND ( 'NONE', #2180, .T. ) ;
#1112 =( GEOMETRIC_REPRESENTATION_CONTEXT ( 3 ) GLOBAL_UNCERTAINTY_ASSIGNED_CONTEXT ( ( #729 ) ) GLOBAL_UNIT_ASSIGNED_CONTEXT ( ( #1361, #3136, #3445 ) ) REPRESENTATION_CONTEXT ( 'NONE', 'WORKASPACE' ) );
#1113 = CARTESIAN_POINT ( 'NONE',  ( 13.40129048890766761, 0.6248452648580149482, -0.4845789647351528284 ) ) ;
#1114 =( NAMED_UNIT ( * ) PLANE_ANGLE_UNIT ( ) SI_UNIT ( $, .RADIAN. ) );
#1115 = EDGE_CURVE ( 'NONE', #1161, #4151, #3488, .T. ) ;
#1116 = CLOSED_SHELL ( 'NONE', ( #94, #1420, #2244, #2203, #3947, #1521, #668, #2745, #3212, #3584, #4146, #145, #1718, #2064, #1167, #2692, #2836, #3747, #1439, #2318, #1658, #3967, #2208, #4386, #2663, #3661, #1027, #728, #3722, #20, #277, #2998, #3494, #3865, #85, #1291, #3573, #1108, #4528, #2474, #3924, #4437, #3134, #3116, #1365, #349, #1868, #1831, #4509, #33, #847, #781, #57, #3526, #3611, #1721, #974, #3330, #2594, #3357, #3276, #3681, #2005, #1463, #3215, #3457, #229, #2040, #1842, #1782, #2411, #570, #4338, #694, #1756, #3073, #2943, #1090, #7, #4498, #2119 ) ) ;
#1117 = PRESENTATION_STYLE_ASSIGNMENT (( #1429 ) ) ;
#1118 = PRESENTATION_LAYER_ASSIGNMENT (  '', '', ( #4475 ) ) ;
#1119 = ORIENTED_EDGE ( 'NONE', *, *, #1809, .T. ) ;
#1120 = STYLED_ITEM ( 'NONE', ( #4380 ), #3584 ) ;
#1121 = CARTESIAN_POINT ( 'NONE',  ( -13.29877818578986215, 1.700000000000000178, -0.5104860949298393180 ) ) ;
#1122 = CARTESIAN_POINT ( 'NONE',  ( -5.550461735799474994, 6.937500000000000888, 13.40000000000000036 ) ) ;
#1123 = EDGE_LOOP ( 'NONE', ( #986, #3759, #1694, #1141 ) ) ;
#1124 = CARTESIAN_POINT ( 'NONE',  ( 13.29877818578987281, 1.661296530094058976, -0.3114474517125430109 ) ) ;
#1125 = AXIS2_PLACEMENT_3D ( 'NONE', #4276, #56, #2859 ) ;
#1126 = MECHANICAL_DESIGN_GEOMETRIC_PRESENTATION_REPRESENTATION (  '', ( #3465 ), #4344 ) ;
#1127 =( GEOMETRIC_REPRESENTATION_CONTEXT ( 3 ) GLOBAL_UNCERTAINTY_ASSIGNED_CONTEXT ( ( #469 ) ) GLOBAL_UNIT_ASSIGNED_CONTEXT ( ( #1415, #1455, #1057 ) ) REPRESENTATION_CONTEXT ( 'NONE', 'WORKASPACE' ) );
#1128 = LINE ( 'NONE', #1437, #3912 ) ;
#1129 = B_SPLINE_CURVE_WITH_KNOTS ( 'NONE', 3,
 ( #1845, #2555, #3935, #444, #734, #3869, #2895, #4289, #4306, #4242, #824, #1093 ),
 .UNSPECIFIED., .F., .F.,
 ( 4, 2, 2, 2, 2, 4 ),
 ( 0.000000000000000000, 0.0002177602809556861542, 0.0004355205619113722000, 0.0006532808428670582729, 0.0007621609833449014991, 0.0008710411238227444000 ),
 .UNSPECIFIED. ) ;
#1130 = PRESENTATION_STYLE_ASSIGNMENT (( #2815 ) ) ;
#1131 = VECTOR ( 'NONE', #2089, 1000.000000000000227 ) ;
#1132 = PRESENTATION_STYLE_ASSIGNMENT (( #1765 ) ) ;
#1133 = EDGE_LOOP ( 'NONE', ( #2488, #1034, #3786, #1242 ) ) ;
#1134 = CARTESIAN_POINT ( 'NONE',  ( 0.000000000000000000, 8.731295175475212389, 14.09999999999999964 ) ) ;
#1135 = DIRECTION ( 'NONE',  ( 0.000000000000000000, 0.000000000000000000, 1.000000000000000000 ) ) ;
#1136 = CARTESIAN_POINT ( 'NONE',  ( 13.29877818578986215, 1.071794871794871984, 0.4054690936036221549 ) ) ;
#1137 = CARTESIAN_POINT ( 'NONE',  ( -14.10000000000000320, 7.156204824524791341, -5.840411229460639397 ) ) ;
#1138 = CARTESIAN_POINT ( 'NONE',  ( 0.000000000000000000, 3.400000000000000355, 12.84999999999999964 ) ) ;
#1139 = CARTESIAN_POINT ( 'NONE',  ( -11.32179765614438693, 0.6999999999999999556, 5.358669153046897726 ) ) ;
#1140 = AXIS2_PLACEMENT_3D ( 'NONE', #2615, #2258, #1954 ) ;
#1141 = ORIENTED_EDGE ( 'NONE', *, *, #3272, .T. ) ;
#1142 = CARTESIAN_POINT ( 'NONE',  ( 13.36471607810707241, -1.268746860028739487, -1.008564909766080708 ) ) ;
#1143 = ORIENTED_EDGE ( 'NONE', *, *, #4381, .T. ) ;
#1144 = CARTESIAN_POINT ( 'NONE',  ( 13.29877818578986037, 1.504567614949688048, -0.7321718335794040744 ) ) ;
#1145 = DIRECTION ( 'NONE',  ( 0.000000000000000000, 0.000000000000000000, 1.000000000000000000 ) ) ;
#1146 = EDGE_CURVE ( 'NONE', #2598, #2598, #4147, .T. ) ;
#1147 = CARTESIAN_POINT ( 'NONE',  ( 13.29877818578986215, 0.7142227564102565651, -0.4919668038322754233 ) ) ;
#1148 = CARTESIAN_POINT ( 'NONE',  ( 9.475230867899739451, 6.325000000000001066, 9.475230867899734122 ) ) ;
#1149 = MECHANICAL_DESIGN_GEOMETRIC_PRESENTATION_REPRESENTATION (  '', ( #3415 ), #1507 ) ;
#1150 = VERTEX_POINT ( 'NONE', #2075 ) ;
#1151 = PRESENTATION_STYLE_ASSIGNMENT (( #2863 ) ) ;
#1152 = CARTESIAN_POINT ( 'NONE',  ( 13.29877818578986215, -0.2028445512820512553, -0.4695309063963780116 ) ) ;
#1153 = CARTESIAN_POINT ( 'NONE',  ( 14.09999999999999787, 5.781204824524791341, -5.840411229460648279 ) ) ;
#1154 = UNCERTAINTY_MEASURE_WITH_UNIT (LENGTH_MEASURE( 1.000000000000000082E-05 ), #1366, 'distance_accuracy_value', 'NONE');
#1155 = CARTESIAN_POINT ( 'NONE',  ( 13.40129048890766761, 0.5848510186455659898, -0.4733281489065485070 ) ) ;
#1156 = LINE ( 'NONE', #3207, #2586 ) ;
#1157 = STYLED_ITEM ( 'NONE', ( #2807 ), #1831 ) ;
#1158 = EDGE_LOOP ( 'NONE', ( #1728, #3421, #3453, #1591 ) ) ;
#1159 = CARTESIAN_POINT ( 'NONE',  ( -8.933277224193398425, -1.300000000000000044, 8.780375578197118003 ) ) ;
#1160 = LINE ( 'NONE', #1201, #518 ) ;
#1161 = VERTEX_POINT ( 'NONE', #2027 ) ;
#1162 = EDGE_CURVE ( 'NONE', #874, #3727, #1335, .T. ) ;
#1163 = MECHANICAL_DESIGN_GEOMETRIC_PRESENTATION_REPRESENTATION (  '', ( #51 ), #197 ) ;
#1164 = DIRECTION ( 'NONE',  ( 0.000000000000000000, 0.000000000000000000, -1.000000000000000000 ) ) ;
#1165 = FILL_AREA_STYLE ('',( #101 ) ) ;
#1166 = LINE ( 'NONE', #2567, #3897 ) ;
#1167 = ADVANCED_FACE ( 'NONE', ( #679 ), #3794, .F. ) ;
#1168 = VERTEX_POINT ( 'NONE', #342 ) ;
#1169 = CARTESIAN_POINT ( 'NONE',  ( 14.09999999999999964, 5.981295175475212389, -2.590127980196652091E-15 ) ) ;
#1170 = CARTESIAN_POINT ( 'NONE',  ( -4.962382004931043866, 10.00000000000000000, 11.50959012463679620 ) ) ;
#1171 = CARTESIAN_POINT ( 'NONE',  ( -9.970205614730319965, 5.343704824524790453, 9.970205614730319965 ) ) ;
#1172 =( NAMED_UNIT ( * ) PLANE_ANGLE_UNIT ( ) SI_UNIT ( $, .RADIAN. ) );
#1173 = CARTESIAN_POINT ( 'NONE',  ( 0.000000000000000000, -1.300000000000000044, -12.60000000000000142 ) ) ;
#1174 = SURFACE_SIDE_STYLE ('',( #1533 ) ) ;
#1175 = PRESENTATION_LAYER_ASSIGNMENT (  '', '', ( #3597 ) ) ;
#1176 = COLOUR_RGB ( '',0.000000000000000000, 0.2274509803921568596, 0.8078431372549019773 ) ;
#1177 = ORIENTED_EDGE ( 'NONE', *, *, #1188, .F. ) ;
#1178 = UNCERTAINTY_MEASURE_WITH_UNIT (LENGTH_MEASURE( 1.000000000000000082E-05 ), #3866, 'distance_accuracy_value', 'NONE');
#1179 = PLANE ( 'NONE',  #983 ) ;
#1180 = AXIS2_PLACEMENT_3D ( 'NONE', #4366, #894, #2287 ) ;
#1181 = ORIENTED_EDGE ( 'NONE', *, *, #1925, .F. ) ;
#1182 = CIRCLE ( 'NONE', #2452, 13.40000000000000036 ) ;
#1183 = EDGE_CURVE ( 'NONE', #4081, #3210, #2379, .T. ) ;
#1184 = SURFACE_STYLE_FILL_AREA ( #1165 ) ;
#1185 = CARTESIAN_POINT ( 'NONE',  ( -9.475230867899737675, 4.825000000000001066, -9.475230867899735898 ) ) ;
#1186 = PRESENTATION_LAYER_ASSIGNMENT (  '', '', ( #982 ) ) ;
#1187 =( GEOMETRIC_REPRESENTATION_CONTEXT ( 3 ) GLOBAL_UNCERTAINTY_ASSIGNED_CONTEXT ( ( #1973 ) ) GLOBAL_UNIT_ASSIGNED_CONTEXT ( ( #1267, #2365, #2670 ) ) REPRESENTATION_CONTEXT ( 'NONE', 'WORKASPACE' ) );
#1188 = EDGE_CURVE ( 'NONE', #2946, #3432, #410, .T. ) ;
#1189 = ORIENTED_EDGE ( 'NONE', *, *, #2264, .F. ) ;
#1190 = CARTESIAN_POINT ( 'NONE',  ( 14.09999999999999787, 5.918795175475212389, 5.840411229460643838 ) ) ;
#1191 = CARTESIAN_POINT ( 'NONE',  ( 14.09999999999999964, 7.656204824524790453, 5.840411229460643838 ) ) ;
#1192 = SURFACE_STYLE_FILL_AREA ( #4394 ) ;
#1193 = FACE_OUTER_BOUND ( 'NONE', #366, .T. ) ;
#1194 = COLOUR_RGB ( '',0.2941176470588235392, 0.2745098039215686514, 1.000000000000000000 ) ;
#1195 = CARTESIAN_POINT ( 'NONE',  ( -9.475230867899737675, 6.825000000000001066, -9.475230867899735898 ) ) ;
#1196 = UNCERTAINTY_MEASURE_WITH_UNIT (LENGTH_MEASURE( 1.000000000000000082E-05 ), #2191, 'distance_accuracy_value', 'NONE');
#1197 = FACE_BOUND ( 'NONE', #456, .T. ) ;
#1198 = SURFACE_SIDE_STYLE ('',( #1976 ) ) ;
#1199 = ORIENTED_EDGE ( 'NONE', *, *, #2786, .T. ) ;
#1200 = CARTESIAN_POINT ( 'NONE',  ( -9.475230867899737675, 8.875000000000001776, 9.475230867899737675 ) ) ;
#1201 = CARTESIAN_POINT ( 'NONE',  ( -13.78568851628465808, 3.218914651395904158, -14.65781290106666823 ) ) ;
#1202 = ORIENTED_EDGE ( 'NONE', *, *, #844, .F. ) ;
#1203 = LINE ( 'NONE', #1984, #1482 ) ;
#1204 = DIRECTION ( 'NONE',  ( 1.000000000000000000, -0.000000000000000000, -0.000000000000000000 ) ) ;
#1205 = CARTESIAN_POINT ( 'NONE',  ( 9.475230867899735898, 4.575000000000001066, -9.475230867899739451 ) ) ;
#1206 = CARTESIAN_POINT ( 'NONE',  ( 13.29877818578985860, -0.05944069670331595528, -0.7546035260651040577 ) ) ;
#1207 = MECHANICAL_DESIGN_GEOMETRIC_PRESENTATION_REPRESENTATION (  '', ( #1360 ), #3558 ) ;
#1208 = EDGE_LOOP ( 'NONE', ( #3936 ) ) ;
#1209 = CARTESIAN_POINT ( 'NONE',  ( 0.000000000000000000, 7.468704824524791341, 14.09999999999999964 ) ) ;
#1210 = DIRECTION ( 'NONE',  ( 0.000000000000000000, 1.000000000000000000, -0.000000000000000000 ) ) ;
#1211 = CARTESIAN_POINT ( 'NONE',  ( 13.29877818578986215, 1.700000000000000178, 1.033674221808750238 ) ) ;
#1212 = CARTESIAN_POINT ( 'NONE',  ( 13.40000000000000036, 5.450000000000001066, -2.461540066286179870E-15 ) ) ;
#1213 = SURFACE_STYLE_FILL_AREA ( #555 ) ;
#1214 = DIRECTION ( 'NONE',  ( -0.000000000000000000, 1.000000000000000000, -0.000000000000000000 ) ) ;
#1215 = SURFACE_STYLE_USAGE ( .BOTH. , #2602 ) ;
#1216 = EDGE_CURVE ( 'NONE', #3075, #957, #1770, .T. ) ;
#1217 = ORIENTED_EDGE ( 'NONE', *, *, #1330, .T. ) ;
#1218 = CARTESIAN_POINT ( 'NONE',  ( 13.39999999999999680, 7.312500000000001776, -5.550461735799481211 ) ) ;
#1219 = CARTESIAN_POINT ( 'NONE',  ( -6.146969497747394762, 10.00000000000000000, 10.99885293990983293 ) ) ;
#1220 = ORIENTED_EDGE ( 'NONE', *, *, #1864, .F. ) ;
#1221 = FACE_OUTER_BOUND ( 'NONE', #480, .T. ) ;
#1222 =( LENGTH_UNIT ( ) NAMED_UNIT ( * ) SI_UNIT ( .MILLI., .METRE. ) );
#1223 =( LENGTH_UNIT ( ) NAMED_UNIT ( * ) SI_UNIT ( .MILLI., .METRE. ) );
#1224 = CARTESIAN_POINT ( 'NONE',  ( 14.09999999999999609, 7.781204824524791341, -5.840411229460648279 ) ) ;
#1225 = CARTESIAN_POINT ( 'NONE',  ( 13.29877818578986393, 0.3962547413334445157, -1.080203934138411315 ) ) ;
#1226 =( GEOMETRIC_REPRESENTATION_CONTEXT ( 3 ) GLOBAL_UNCERTAINTY_ASSIGNED_CONTEXT ( ( #4322 ) ) GLOBAL_UNIT_ASSIGNED_CONTEXT ( ( #3917, #2511, #3545 ) ) REPRESENTATION_CONTEXT ( 'NONE', 'WORKASPACE' ) );
#1227 = VERTEX_POINT ( 'NONE', #1461 ) ;
#1228 = CARTESIAN_POINT ( 'NONE',  ( -14.10000000000000320, 8.156204824524790453, -5.840411229460639397 ) ) ;
#1229 = DIRECTION ( 'NONE',  ( 0.000000000000000000, -1.000000000000000000, 0.000000000000000000 ) ) ;
#1230 = CARTESIAN_POINT ( 'NONE',  ( 13.39999999999999680, 7.512500000000001066, -5.550461735799481211 ) ) ;
#1231 = FILL_AREA_STYLE ('',( #175 ) ) ;
#1232 = UNCERTAINTY_MEASURE_WITH_UNIT (LENGTH_MEASURE( 1.000000000000000082E-05 ), #3120, 'distance_accuracy_value', 'NONE');
#1233 = EDGE_CURVE ( 'NONE', #2254, #648, #2560, .T. ) ;
#1234 = FACE_BOUND ( 'NONE', #1780, .T. ) ;
#1235 = CARTESIAN_POINT ( 'NONE',  ( 0.000000000000000000, 0.6999999999999999556, 0.000000000000000000 ) ) ;
#1236 = SURFACE_STYLE_USAGE ( .BOTH. , #1579 ) ;
#1237 = EDGE_CURVE ( 'NONE', #3125, #851, #3201, .T. ) ;
#1238 = VECTOR ( 'NONE', #4538, 1000.000000000000000 ) ;
#1239 = SURFACE_STYLE_FILL_AREA ( #3335 ) ;
#1240 = CARTESIAN_POINT ( 'NONE',  ( -13.40000000000000036, 7.750000000000000888, 8.205133554287266562E-16 ) ) ;
#1241 = DIRECTION ( 'NONE',  ( 0.000000000000000000, -0.000000000000000000, -1.000000000000000000 ) ) ;
#1242 = ORIENTED_EDGE ( 'NONE', *, *, #3891, .T. ) ;
#1243 =( NAMED_UNIT ( * ) PLANE_ANGLE_UNIT ( ) SI_UNIT ( $, .RADIAN. ) );
#1244 = CIRCLE ( 'NONE', #594, 1.289999999999999591 ) ;
#1245 =( NAMED_UNIT ( * ) PLANE_ANGLE_UNIT ( ) SI_UNIT ( $, .RADIAN. ) );
#1246 = CARTESIAN_POINT ( 'NONE',  ( 14.09999999999999609, 4.781204824524791341, -5.840411229460648279 ) ) ;
#1247 = COLOUR_RGB ( '',0.2549019607843137081, 0.2549019607843137081, 0.4980392156862745168 ) ;
#1248 = CARTESIAN_POINT ( 'NONE',  ( 0.000000000000000000, 1.071794871794871540, 0.000000000000000000 ) ) ;
#1249 =( GEOMETRIC_REPRESENTATION_CONTEXT ( 3 ) GLOBAL_UNCERTAINTY_ASSIGNED_CONTEXT ( ( #2307 ) ) GLOBAL_UNIT_ASSIGNED_CONTEXT ( ( #3856, #1764, #4026 ) ) REPRESENTATION_CONTEXT ( 'NONE', 'WORKASPACE' ) );
#1250 = ORIENTED_EDGE ( 'NONE', *, *, #1237, .F. ) ;
#1251 = CARTESIAN_POINT ( 'NONE',  ( 0.000000000000000000, 4.731295175475212389, 14.09999999999999964 ) ) ;
#1252 = CARTESIAN_POINT ( 'NONE',  ( -6.951848621070845446, 3.218914651395904158, -10.80714119227260994 ) ) ;
#1253 = CIRCLE ( 'NONE', #3751, 12.60000000000000142 ) ;
#1254 = DIRECTION ( 'NONE',  ( 0.000000000000000000, -0.000000000000000000, -1.000000000000000000 ) ) ;
#1255 = CARTESIAN_POINT ( 'NONE',  ( 5.550461735799482987, 7.262500000000000178, 13.39999999999999680 ) ) ;
#1256 = CARTESIAN_POINT ( 'NONE',  ( 0.000000000000000000, 8.731295175475212389, 14.09999999999999964 ) ) ;
#1257 = AXIS2_PLACEMENT_3D ( 'NONE', #1677, #3405, #4100 ) ;
#1258 =( LENGTH_UNIT ( ) NAMED_UNIT ( * ) SI_UNIT ( .MILLI., .METRE. ) );
#1259 = CIRCLE ( 'NONE', #3109, 1.289999999999999591 ) ;
#1260 = CARTESIAN_POINT ( 'NONE',  ( 13.29877818578986215, -1.800000000000000044, -0.5789059063963778451 ) ) ;
#1261 = AXIS2_PLACEMENT_3D ( 'NONE', #991, #2467, #3483 ) ;
#1262 = FACE_OUTER_BOUND ( 'NONE', #2962, .T. ) ;
#1263 = CARTESIAN_POINT ( 'NONE',  ( -1.641026710857453312E-15, 6.500000000000000888, -13.40000000000000036 ) ) ;
#1264 =( NAMED_UNIT ( * ) PLANE_ANGLE_UNIT ( ) SI_UNIT ( $, .RADIAN. ) );
#1265 = ORIENTED_EDGE ( 'NONE', *, *, #3269, .T. ) ;
#1266 = DIRECTION ( 'NONE',  ( -0.000000000000000000, 0.3583679495452976593, -0.9335804264972027422 ) ) ;
#1267 =( LENGTH_UNIT ( ) NAMED_UNIT ( * ) SI_UNIT ( .MILLI., .METRE. ) );
#1268 = CARTESIAN_POINT ( 'NONE',  ( 14.09999999999999964, 4.981295175475212389, -2.590127980196652091E-15 ) ) ;
#1269 = FACE_OUTER_BOUND ( 'NONE', #1208, .T. ) ;
#1270 = DIRECTION ( 'NONE',  ( -0.000000000000000000, -1.000000000000000000, -0.000000000000000000 ) ) ;
#1271 = CARTESIAN_POINT ( 'NONE',  ( 5.840411229460650056, 7.531204824524791341, 14.09999999999999609 ) ) ;
#1272 = EDGE_CURVE ( 'NONE', #485, #485, #1363, .T. ) ;
#1273 = ORIENTED_EDGE ( 'NONE', *, *, #4442, .T. ) ;
#1274 = PRESENTATION_LAYER_ASSIGNMENT (  '', '', ( #325 ) ) ;
#1275 = CARTESIAN_POINT ( 'NONE',  ( 9.970205614730321741, 5.593704824524791341, 9.970205614730318189 ) ) ;
#1276 = CARTESIAN_POINT ( 'NONE',  ( 0.000000000000000000, 3.400000000000000355, 0.000000000000000000 ) ) ;
#1277 = CARTESIAN_POINT ( 'NONE',  ( 9.970205614730319965, 6.106295175475211501, -9.970205614730321741 ) ) ;
#1278 = UNCERTAINTY_MEASURE_WITH_UNIT (LENGTH_MEASURE( 1.000000000000000082E-05 ), #1280, 'distance_accuracy_value', 'NONE');
#1279 = ORIENTED_EDGE ( 'NONE', *, *, #344, .F. ) ;
#1280 =( LENGTH_UNIT ( ) NAMED_UNIT ( * ) SI_UNIT ( .MILLI., .METRE. ) );
#1281 =( LENGTH_UNIT ( ) NAMED_UNIT ( * ) SI_UNIT ( .MILLI., .METRE. ) );
#1282 = CARTESIAN_POINT ( 'NONE',  ( 13.29877818578986037, 0.5446518608247787885, -1.111463728859216848 ) ) ;
#1283 = ORIENTED_EDGE ( 'NONE', *, *, #195, .F. ) ;
#1284 = CARTESIAN_POINT ( 'NONE',  ( 9.475230867899735898, 8.375000000000000000, -9.475230867899739451 ) ) ;
#1285 = CARTESIAN_POINT ( 'NONE',  ( -13.35437004352870360, -1.171794871794871851, 1.104898520454776101 ) ) ;
#1286 = VERTEX_POINT ( 'NONE', #3220 ) ;
#1287 = CARTESIAN_POINT ( 'NONE',  ( 13.39618992206247761, 0.4190298134365465499, -0.3267298760333644525 ) ) ;
#1288 = LINE ( 'NONE', #1920, #1922 ) ;
#1289 = CARTESIAN_POINT ( 'NONE',  ( -5.840411229460641174, 7.668795175475212389, 14.10000000000000142 ) ) ;
#1290 =( NAMED_UNIT ( * ) PLANE_ANGLE_UNIT ( ) SI_UNIT ( $, .RADIAN. ) );
#1291 = ADVANCED_FACE ( 'NONE', ( #1064 ), #3559, .T. ) ;
#1292 = CARTESIAN_POINT ( 'NONE',  ( 9.970205614730321741, 7.593704824524791341, 9.970205614730318189 ) ) ;
#1293 = ORIENTED_EDGE ( 'NONE', *, *, #372, .T. ) ;
#1294 = PRODUCT_DEFINITION ( 'UNKNOWN', '', #4463, #1673 ) ;
#1295 = FACE_OUTER_BOUND ( 'NONE', #1808, .T. ) ;
#1296 = AXIS2_PLACEMENT_3D ( 'NONE', #1610, #1270, #3030 ) ;
#1297 = VERTEX_POINT ( 'NONE', #2526 ) ;
#1298 = EDGE_CURVE ( 'NONE', #3511, #1733, #41, .T. ) ;
#1299 =( LENGTH_UNIT ( ) NAMED_UNIT ( * ) SI_UNIT ( .MILLI., .METRE. ) );
#1300 = CARTESIAN_POINT ( 'NONE',  ( 13.39386407330357720, 10.00000000000000000, 0.4054690936036221549 ) ) ;
#1301 = SURFACE_SIDE_STYLE ('',( #3392 ) ) ;
#1302 = PRESENTATION_LAYER_ASSIGNMENT (  '', '', ( #3579 ) ) ;
#1303 =( LENGTH_UNIT ( ) NAMED_UNIT ( * ) SI_UNIT ( .MILLI., .METRE. ) );
#1304 = EDGE_CURVE ( 'NONE', #976, #4222, #61, .T. ) ;
#1305 = CARTESIAN_POINT ( 'NONE',  ( 14.09999999999999964, 6.981295175475212389, -2.590127980196652091E-15 ) ) ;
#1306 = AXIS2_PLACEMENT_3D ( 'NONE', #1445, #44, #775 ) ;
#1307 = VERTEX_POINT ( 'NONE', #1862 ) ;
#1308 = DIRECTION ( 'NONE',  ( 0.000000000000000000, 0.000000000000000000, -1.000000000000000000 ) ) ;
#1309 = FACE_OUTER_BOUND ( 'NONE', #4351, .T. ) ;
#1310 = CARTESIAN_POINT ( 'NONE',  ( 13.29877818578986215, 0.7142227564102565651, -0.4919668038322754233 ) ) ;
#1311 = EDGE_CURVE ( 'NONE', #3974, #2494, #2105, .T. ) ;
#1312 = VERTEX_POINT ( 'NONE', #772 ) ;
#1313 = CARTESIAN_POINT ( 'NONE',  ( -13.39948290902319528, -1.171794871794870962, 0.1177190332752888480 ) ) ;
#1314 = CARTESIAN_POINT ( 'NONE',  ( 13.29877818578986215, 0.7142227564102565651, -0.4919668038322754233 ) ) ;
#1315 =( GEOMETRIC_REPRESENTATION_CONTEXT ( 3 ) GLOBAL_UNCERTAINTY_ASSIGNED_CONTEXT ( ( #1359 ) ) GLOBAL_UNIT_ASSIGNED_CONTEXT ( ( #1493, #1821, #3651 ) ) REPRESENTATION_CONTEXT ( 'NONE', 'WORKASPACE' ) );
#1316 = LINE ( 'NONE', #4525, #2266 ) ;
#1317 = FACE_OUTER_BOUND ( 'NONE', #2854, .T. ) ;
#1318 = CARTESIAN_POINT ( 'NONE',  ( 5.840411229460638509, 4.906204824524791341, -14.10000000000000320 ) ) ;
#1319 = VERTEX_POINT ( 'NONE', #4280 ) ;
#1320 = PRESENTATION_STYLE_ASSIGNMENT (( #2109 ) ) ;
#1321 = MECHANICAL_DESIGN_GEOMETRIC_PRESENTATION_REPRESENTATION (  '', ( #1110 ), #4263 ) ;
#1322 = ORIENTED_EDGE ( 'NONE', *, *, #1958, .T. ) ;
#1323 = CARTESIAN_POINT ( 'NONE',  ( 13.29877818578986570, 1.540178763785471583, -0.6759757648964135335 ) ) ;
#1324 = CARTESIAN_POINT ( 'NONE',  ( 0.9806196540244083160, 0.3987179487179490778, 13.29790144351676950 ) ) ;
#1325 =( NAMED_UNIT ( * ) SI_UNIT ( $, .STERADIAN. ) SOLID_ANGLE_UNIT ( ) );
#1326 = DIRECTION ( 'NONE',  ( 0.000000000000000000, 1.000000000000000000, -0.000000000000000000 ) ) ;
#1327 = PRESENTATION_LAYER_ASSIGNMENT (  '', '', ( #2523 ) ) ;
#1328 =( GEOMETRIC_REPRESENTATION_CONTEXT ( 3 ) GLOBAL_UNCERTAINTY_ASSIGNED_CONTEXT ( ( #3591 ) ) GLOBAL_UNIT_ASSIGNED_CONTEXT ( ( #1299, #970, #3764 ) ) REPRESENTATION_CONTEXT ( 'NONE', 'WORKASPACE' ) );
#1329 = CARTESIAN_POINT ( 'NONE',  ( -14.10000000000000320, 5.543795175475212389, 5.840411229460642950 ) ) ;
#1330 = EDGE_CURVE ( 'NONE', #1297, #331, #718, .T. ) ;
#1331 = ORIENTED_EDGE ( 'NONE', *, *, #1188, .T. ) ;
#1332 = VECTOR ( 'NONE', #232, 1000.000000000000000 ) ;
#1333 = CIRCLE ( 'NONE', #3248, 13.40000000000000036 ) ;
#1334 = DIRECTION ( 'NONE',  ( 0.8712137661464369742, -0.000000000000000000, 0.4909038334306846108 ) ) ;
#1335 = LINE ( 'NONE', #953, #4505 ) ;
#1336 = DIRECTION ( 'NONE',  ( 1.000000000000000000, -0.000000000000000000, 0.000000000000000000 ) ) ;
#1337 = CARTESIAN_POINT ( 'NONE',  ( 13.29877818578986215, -0.1387778966624326205, -0.6219122663534362161 ) ) ;
#1338 =( GEOMETRIC_REPRESENTATION_CONTEXT ( 3 ) GLOBAL_UNCERTAINTY_ASSIGNED_CONTEXT ( ( #4365 ) ) GLOBAL_UNIT_ASSIGNED_CONTEXT ( ( #654, #2794, #3061 ) ) REPRESENTATION_CONTEXT ( 'NONE', 'WORKASPACE' ) );
#1339 =( GEOMETRIC_REPRESENTATION_CONTEXT ( 3 ) GLOBAL_UNCERTAINTY_ASSIGNED_CONTEXT ( ( #417 ) ) GLOBAL_UNIT_ASSIGNED_CONTEXT ( ( #585, #1243, #898 ) ) REPRESENTATION_CONTEXT ( 'NONE', 'WORKASPACE' ) );
#1340 =( NAMED_UNIT ( * ) PLANE_ANGLE_UNIT ( ) SI_UNIT ( $, .RADIAN. ) );
#1341 = VERTEX_POINT ( 'NONE', #1252 ) ;
#1342 = CIRCLE ( 'NONE', #4130, 13.40000000000000036 ) ;
#1343 = DIRECTION ( 'NONE',  ( 0.000000000000000000, 1.000000000000000000, 0.000000000000000000 ) ) ;
#1344 =( NAMED_UNIT ( * ) PLANE_ANGLE_UNIT ( ) SI_UNIT ( $, .RADIAN. ) );
#1345 = DIRECTION ( 'NONE',  ( 0.000000000000000000, 0.000000000000000000, -1.000000000000000000 ) ) ;
#1346 = CARTESIAN_POINT ( 'NONE',  ( -9.475230867899737675, 8.875000000000001776, 9.475230867899737675 ) ) ;
#1347 = ORIENTED_EDGE ( 'NONE', *, *, #4061, .F. ) ;
#1348 = ORIENTED_EDGE ( 'NONE', *, *, #3141, .F. ) ;
#1349 = CARTESIAN_POINT ( 'NONE',  ( 13.29877818578986393, 1.371596899075002707, -0.8819547247948693602 ) ) ;
#1350 = DIRECTION ( 'NONE',  ( 0.000000000000000000, 0.000000000000000000, 1.000000000000000000 ) ) ;
#1351 = FILL_AREA_STYLE ('',( #262 ) ) ;
#1352 = CARTESIAN_POINT ( 'NONE',  ( 5.615431483312292471, -1.300000000000000044, -11.20197222033958617 ) ) ;
#1353 = DIRECTION ( 'NONE',  ( -1.000000000000000000, 0.000000000000000000, -0.000000000000000000 ) ) ;
#1354 = CARTESIAN_POINT ( 'NONE',  ( 14.09999999999999964, 7.918795175475211501, 5.840411229460643838 ) ) ;
#1355 = ORIENTED_EDGE ( 'NONE', *, *, #3019, .F. ) ;
#1356 = DIRECTION ( 'NONE',  ( 0.000000000000000000, 0.000000000000000000, -1.000000000000000000 ) ) ;
#1357 = EDGE_CURVE ( 'NONE', #3927, #1307, #2025, .T. ) ;
#1358 = CARTESIAN_POINT ( 'NONE',  ( 13.39232934043298684, 0.3266472289246684091, -1.058562788464465720 ) ) ;
#1359 = UNCERTAINTY_MEASURE_WITH_UNIT (LENGTH_MEASURE( 1.000000000000000082E-05 ), #1493, 'distance_accuracy_value', 'NONE');
#1360 = STYLED_ITEM ( 'NONE', ( #1697 ), #1108 ) ;
#1361 =( LENGTH_UNIT ( ) NAMED_UNIT ( * ) SI_UNIT ( .MILLI., .METRE. ) );
#1362 = EDGE_LOOP ( 'NONE', ( #3705, #1563, #2071, #3525 ) ) ;
#1363 = CIRCLE ( 'NONE', #1806, 12.84999999999999964 ) ;
#1364 = CARTESIAN_POINT ( 'NONE',  ( 13.39882281968124467, 0.3773877843904362983, -0.1902731895202918189 ) ) ;
#1365 = ADVANCED_FACE ( 'NONE', ( #3996 ), #3303, .T. ) ;
#1366 =( LENGTH_UNIT ( ) NAMED_UNIT ( * ) SI_UNIT ( .MILLI., .METRE. ) );
#1367 = CARTESIAN_POINT ( 'NONE',  ( -13.40000000000000036, 5.750000000000000888, 8.205133554287266562E-16 ) ) ;
#1368 = EDGE_LOOP ( 'NONE', ( #4175, #1071, #201, #1479 ) ) ;
#1369 = LINE ( 'NONE', #280, #3112 ) ;
#1370 = ORIENTED_EDGE ( 'NONE', *, *, #2404, .T. ) ;
#1371 = CARTESIAN_POINT ( 'NONE',  ( 13.29877818578985860, 1.599723201635751435, -0.5532662132139193334 ) ) ;
#1372 = CARTESIAN_POINT ( 'NONE',  ( -0.09630342289866861138, -0.2294871794871792547, 13.39965393772309454 ) ) ;
#1373 =( NAMED_UNIT ( * ) SI_UNIT ( $, .STERADIAN. ) SOLID_ANGLE_UNIT ( ) );
#1374 = STYLED_ITEM ( 'NONE', ( #2055 ), #1842 ) ;
#1375 = CARTESIAN_POINT ( 'NONE',  ( 0.000000000000000000, 4.731295175475212389, 14.09999999999999964 ) ) ;
#1376 = VERTEX_POINT ( 'NONE', #3668 ) ;
#1377 = DIRECTION ( 'NONE',  ( -0.000000000000000000, -1.000000000000000000, 0.000000000000000000 ) ) ;
#1378 = CARTESIAN_POINT ( 'NONE',  ( 13.39232934043298151, 0.7058092948717948900, -1.120171932037403506 ) ) ;
#1379 = AXIS2_PLACEMENT_3D ( 'NONE', #3892, #803, #1450 ) ;
#1380 = EDGE_CURVE ( 'NONE', #4267, #4311, #4153, .T. ) ;
#1381 = CARTESIAN_POINT ( 'NONE',  ( 13.39861970183025264, -0.2743589743589742724, 0.1923280679625963552 ) ) ;
#1382 = EDGE_LOOP ( 'NONE', ( #3906, #4411, #709, #662 ) ) ;
#1383 = PLANE ( 'NONE',  #1477 ) ;
#1384 = EDGE_CURVE ( 'NONE', #2936, #1150, #2325, .T. ) ;
#1385 = SURFACE_SIDE_STYLE ('',( #3094 ) ) ;
#1386 = CARTESIAN_POINT ( 'NONE',  ( 13.39999999999999858, 6.187500000000001776, 5.550461735799477658 ) ) ;
#1387 = ORIENTED_EDGE ( 'NONE', *, *, #1033, .F. ) ;
#1388 = AXIS2_PLACEMENT_3D ( 'NONE', #4401, #2378, #1696 ) ;
#1389 =( NAMED_UNIT ( * ) PLANE_ANGLE_UNIT ( ) SI_UNIT ( $, .RADIAN. ) );
#1390 = ORIENTED_EDGE ( 'NONE', *, *, #2187, .T. ) ;
#1391 = CARTESIAN_POINT ( 'NONE',  ( 13.40214012082287276, 1.572015463253193301, -0.6167759037644222619 ) ) ;
#1392 =( GEOMETRIC_REPRESENTATION_CONTEXT ( 3 ) GLOBAL_UNCERTAINTY_ASSIGNED_CONTEXT ( ( #3334 ) ) GLOBAL_UNIT_ASSIGNED_CONTEXT ( ( #2743, #1716, #1373 ) ) REPRESENTATION_CONTEXT ( 'NONE', 'WORKASPACE' ) );
#1393 = CIRCLE ( 'NONE', #2247, 1.289999999999904112 ) ;
#1394 = CARTESIAN_POINT ( 'NONE',  ( -12.53396428571428700, 3.400000000000000355, 1.288308691439584264 ) ) ;
#1395 = DIRECTION ( 'NONE',  ( 0.000000000000000000, 0.000000000000000000, -1.000000000000000000 ) ) ;
#1396 = CARTESIAN_POINT ( 'NONE',  ( -9.475230867899737675, 8.075000000000001066, 9.475230867899737675 ) ) ;
#1397 = VECTOR ( 'NONE', #751, 1000.000000000000000 ) ;
#1398 = ORIENTED_EDGE ( 'NONE', *, *, #3546, .T. ) ;
#1399 = CARTESIAN_POINT ( 'NONE',  ( -13.29877818578986215, 1.700000000000000178, 0.1177190332752888480 ) ) ;
#1400 = FILL_AREA_STYLE_COLOUR ( '', #1541 ) ;
#1401 = FILL_AREA_STYLE ('',( #3841 ) ) ;
#1402 = UNCERTAINTY_MEASURE_WITH_UNIT (LENGTH_MEASURE( 1.000000000000000082E-05 ), #3129, 'distance_accuracy_value', 'NONE');
#1403 = VECTOR ( 'NONE', #2744, 1000.000000000000000 ) ;
#1404 = CARTESIAN_POINT ( 'NONE',  ( -5.875951837458691429, -1.300000000000000044, 10.55720291093416563 ) ) ;
#1405 = LINE ( 'NONE', #4215, #2358 ) ;
#1406 = MECHANICAL_DESIGN_GEOMETRIC_PRESENTATION_REPRESENTATION (  '', ( #3382 ), #3609 ) ;
#1407 = EDGE_LOOP ( 'NONE', ( #1054 ) ) ;
#1408 = DIRECTION ( 'NONE',  ( 0.000000000000000000, 1.000000000000000000, 0.000000000000000000 ) ) ;
#1409 = CARTESIAN_POINT ( 'NONE',  ( 13.29877818578986393, 1.057333811605842833, -0.1194954309300397255 ) ) ;
#1410 =( NAMED_UNIT ( * ) SI_UNIT ( $, .STERADIAN. ) SOLID_ANGLE_UNIT ( ) );
#1411 = STYLED_ITEM ( 'NONE', ( #1751 ), #2943 ) ;
#1412 = CARTESIAN_POINT ( 'NONE',  ( 9.475230867899735898, 5.375000000000000888, -9.475230867899739451 ) ) ;
#1413 = ORIENTED_EDGE ( 'NONE', *, *, #1971, .F. ) ;
#1414 = CARTESIAN_POINT ( 'NONE',  ( 13.29877818578986215, -1.800000000000000044, 0.4054690936036221549 ) ) ;
#1415 =( LENGTH_UNIT ( ) NAMED_UNIT ( * ) SI_UNIT ( .MILLI., .METRE. ) );
#1416 = DIRECTION ( 'NONE',  ( -0.000000000000000000, -1.000000000000000000, -0.000000000000000000 ) ) ;
#1417 = CARTESIAN_POINT ( 'NONE',  ( -7.121753946748072828, 1.779508393036489666, 14.09999999999999964 ) ) ;
#1418 = CIRCLE ( 'NONE', #1559, 12.60000000000000142 ) ;
#1419 = CARTESIAN_POINT ( 'NONE',  ( -0.7245085511037967496, -1.800000000000000044, 13.29790144351676950 ) ) ;
#1420 = ADVANCED_FACE ( 'NONE', ( #2590, #193, #4019, #1905, #526 ), #839, .F. ) ;
#1421 = EDGE_LOOP ( 'NONE', ( #3484, #3458, #1824, #2280 ) ) ;
#1422 = CARTESIAN_POINT ( 'NONE',  ( 14.09999999999999964, 7.981295175475211501, -2.590127980196652091E-15 ) ) ;
#1423 = CARTESIAN_POINT ( 'NONE',  ( 13.39660312388114072, 1.700000000000000178, 0.3017030679625964384 ) ) ;
#1424 = DIRECTION ( 'NONE',  ( 0.000000000000000000, 1.000000000000000000, 0.000000000000000000 ) ) ;
#1425 = CARTESIAN_POINT ( 'NONE',  ( 14.09999999999999787, 7.781204824524791341, -5.840411229460648279 ) ) ;
#1426 = PRESENTATION_STYLE_ASSIGNMENT (( #1773 ) ) ;
#1427 = FACE_BOUND ( 'NONE', #744, .T. ) ;
#1428 = CARTESIAN_POINT ( 'NONE',  ( -13.29877818578986215, 1.700000000000000178, -0.5104860949298393180 ) ) ;
#1429 = SURFACE_STYLE_USAGE ( .BOTH. , #4262 ) ;
#1430 = AXIS2_PLACEMENT_3D ( 'NONE', #673, #971, #3765 ) ;
#1431 = CARTESIAN_POINT ( 'NONE',  ( 13.33899174830665224, -1.799999999999999600, -1.277223214088685666 ) ) ;
#1432 = COLOUR_RGB ( '',0.2941176470588235392, 0.2745098039215686514, 1.000000000000000000 ) ;
#1433 = CARTESIAN_POINT ( 'NONE',  ( 13.40000000000000036, 6.250000000000000888, -2.461540066286179870E-15 ) ) ;
#1434 = ORIENTED_EDGE ( 'NONE', *, *, #1627, .F. ) ;
#1435 = FILL_AREA_STYLE ('',( #1480 ) ) ;
#1436 = EDGE_CURVE ( 'NONE', #1286, #1870, #504, .T. ) ;
#1437 = CARTESIAN_POINT ( 'NONE',  ( -15.67069872835678801, 1.766390046959026572, -11.31245942397727688 ) ) ;
#1438 = PRESENTATION_STYLE_ASSIGNMENT (( #1812 ) ) ;
#1439 = ADVANCED_FACE ( 'NONE', ( #1664 ), #4491, .F. ) ;
#1440 = EDGE_LOOP ( 'NONE', ( #4167, #3676 ) ) ;
#1441 = SURFACE_STYLE_USAGE ( .BOTH. , #3366 ) ;
#1442 = SURFACE_STYLE_FILL_AREA ( #3243 ) ;
#1443 =( NAMED_UNIT ( * ) PLANE_ANGLE_UNIT ( ) SI_UNIT ( $, .RADIAN. ) );
#1444 = CARTESIAN_POINT ( 'NONE',  ( -5.840411229460641174, 6.406204824524791341, 14.10000000000000320 ) ) ;
#1445 = CARTESIAN_POINT ( 'NONE',  ( 0.000000000000000000, 4.334352412262395760, 13.75000000000000000 ) ) ;
#1446 = MECHANICAL_DESIGN_GEOMETRIC_PRESENTATION_REPRESENTATION (  '', ( #496 ), #3871 ) ;
#1447 = CARTESIAN_POINT ( 'NONE',  ( 13.40214012082286921, 0.9339448942567658563, -1.099440961670263173 ) ) ;
#1448 = CARTESIAN_POINT ( 'NONE',  ( 13.40129048890766583, 0.5480121472158092644, -0.4579144548525627689 ) ) ;
#1449 = DIRECTION ( 'NONE',  ( 0.000000000000000000, 0.000000000000000000, -1.000000000000000000 ) ) ;
#1450 = DIRECTION ( 'NONE',  ( 0.000000000000000000, 0.000000000000000000, 1.000000000000000000 ) ) ;
#1451 = COLOUR_RGB ( '',0.2941176470588235392, 0.2745098039215686514, 1.000000000000000000 ) ;
#1452 = CARTESIAN_POINT ( 'NONE',  ( 9.475230867899735898, 6.375000000000000888, -9.475230867899739451 ) ) ;
#1453 = VERTEX_POINT ( 'NONE', #4515 ) ;
#1454 = DIRECTION ( 'NONE',  ( 0.000000000000000000, 0.000000000000000000, -1.000000000000000000 ) ) ;
#1455 =( NAMED_UNIT ( * ) PLANE_ANGLE_UNIT ( ) SI_UNIT ( $, .RADIAN. ) );
#1456 = CARTESIAN_POINT ( 'NONE',  ( 13.29877818578986393, 0.3548282302510816777, 0.07358012677752623354 ) ) ;
#1457 = DIRECTION ( 'NONE',  ( 0.000000000000000000, -0.000000000000000000, -1.000000000000000000 ) ) ;
#1458 = STYLED_ITEM ( 'NONE', ( #4467 ), #3967 ) ;
#1459 = ORIENTED_EDGE ( 'NONE', *, *, #4407, .F. ) ;
#1460 = CARTESIAN_POINT ( 'NONE',  ( 9.970205614730321741, 7.856295175475211501, 9.970205614730318189 ) ) ;
#1461 = CARTESIAN_POINT ( 'NONE',  ( -0.09630342289866861138, 1.071794871794871984, 13.39965393772309454 ) ) ;
#1462 = FACE_OUTER_BOUND ( 'NONE', #1421, .T. ) ;
#1463 = ADVANCED_FACE ( 'NONE', ( #698 ), #2704, .T. ) ;
#1464 = CIRCLE ( 'NONE', #1985, 13.40000000000000036 ) ;
#1465 = CARTESIAN_POINT ( 'NONE',  ( 13.29877818578986215, 0.3538461538461538103, 0.4054690936036221549 ) ) ;
#1466 = UNCERTAINTY_MEASURE_WITH_UNIT (LENGTH_MEASURE( 1.000000000000000082E-05 ), #345, 'distance_accuracy_value', 'NONE');
#1467 = COLOUR_RGB ( '',0.2941176470588235392, 0.2745098039215686514, 1.000000000000000000 ) ;
#1468 = CARTESIAN_POINT ( 'NONE',  ( 13.29877818578986215, -1.800000000000000044, 1.033674221808750238 ) ) ;
#1469 = FILL_AREA_STYLE ('',( #4305 ) ) ;
#1470 = AXIS2_PLACEMENT_3D ( 'NONE', #1897, #2317, #4314 ) ;
#1471 = AXIS2_PLACEMENT_3D ( 'NONE', #537, #2643, #1581 ) ;
#1472 = SURFACE_SIDE_STYLE ('',( #780 ) ) ;
#1473 = MECHANICAL_DESIGN_GEOMETRIC_PRESENTATION_REPRESENTATION (  '', ( #4475 ), #3900 ) ;
#1474 = EDGE_CURVE ( 'NONE', #3440, #1040, #4445, .T. ) ;
#1475 = ORIENTED_EDGE ( 'NONE', *, *, #2002, .F. ) ;
#1476 = PRESENTATION_LAYER_ASSIGNMENT (  '', '', ( #151 ) ) ;
#1477 = AXIS2_PLACEMENT_3D ( 'NONE', #3521, #2490, #377 ) ;
#1478 = DIRECTION ( 'NONE',  ( 0.000000000000000000, 0.000000000000000000, 1.000000000000000000 ) ) ;
#1479 = ORIENTED_EDGE ( 'NONE', *, *, #260, .F. ) ;
#1480 = FILL_AREA_STYLE_COLOUR ( '', #2230 ) ;
#1481 = PRESENTATION_LAYER_ASSIGNMENT (  '', '', ( #2960 ) ) ;
#1482 = VECTOR ( 'NONE', #1266, 1000.000000000000000 ) ;
#1483 = CIRCLE ( 'NONE', #2079, 13.40000000000000036 ) ;
#1484 = CARTESIAN_POINT ( 'NONE',  ( 13.29877818578986215, -1.800000000000000044, -0.5789059063963778451 ) ) ;
#1485 = FILL_AREA_STYLE_COLOUR ( '', #1572 ) ;
#1486 = CARTESIAN_POINT ( 'NONE',  ( 0.000000000000000000, 7.200000000000001066, 13.40000000000000036 ) ) ;
#1487 = MECHANICAL_DESIGN_GEOMETRIC_PRESENTATION_REPRESENTATION (  '', ( #2898 ), #4414 ) ;
#1488 = VERTEX_POINT ( 'NONE', #3811 ) ;
#1489 = CARTESIAN_POINT ( 'NONE',  ( 13.35662022799349913, 1.032699903431126831, -1.077496213628224453 ) ) ;
#1490 = SURFACE_STYLE_USAGE ( .BOTH. , #3862 ) ;
#1491 = CARTESIAN_POINT ( 'NONE',  ( 9.970205614730319965, 5.843704824524790453, -9.970205614730321741 ) ) ;
#1492 = DIRECTION ( 'NONE',  ( 0.000000000000000000, 0.000000000000000000, -1.000000000000000000 ) ) ;
#1493 =( LENGTH_UNIT ( ) NAMED_UNIT ( * ) SI_UNIT ( .MILLI., .METRE. ) );
#1494 = EDGE_CURVE ( 'NONE', #3829, #2720, #1640, .T. ) ;
#1495 = CARTESIAN_POINT ( 'NONE',  ( 13.29877818578855475, 0.4359593604985664284, -0.3512098482858209136 ) ) ;
#1496 = CARTESIAN_POINT ( 'NONE',  ( -12.60000000000000142, 0.6999999999999999556, 0.000000000000000000 ) ) ;
#1497 =( GEOMETRIC_REPRESENTATION_CONTEXT ( 3 ) GLOBAL_UNCERTAINTY_ASSIGNED_CONTEXT ( ( #2911 ) ) GLOBAL_UNIT_ASSIGNED_CONTEXT ( ( #1933, #3284, #3694 ) ) REPRESENTATION_CONTEXT ( 'NONE', 'WORKASPACE' ) );
#1498 = ORIENTED_EDGE ( 'NONE', *, *, #4088, .F. ) ;
#1499 = UNCERTAINTY_MEASURE_WITH_UNIT (LENGTH_MEASURE( 1.000000000000000082E-05 ), #3446, 'distance_accuracy_value', 'NONE');
#1500 = CARTESIAN_POINT ( 'NONE',  ( 0.000000000000000000, -1.799999999999999600, 0.000000000000000000 ) ) ;
#1501 = FILL_AREA_STYLE_COLOUR ( '', #213 ) ;
#1502 = EDGE_LOOP ( 'NONE', ( #471, #3800, #3060, #3641, #2760, #990 ) ) ;
#1503 = EDGE_CURVE ( 'NONE', #515, #2335, #479, .T. ) ;
#1504 = CARTESIAN_POINT ( 'NONE',  ( 13.29877818578986570, 1.540178763785471583, -0.6759757648964135335 ) ) ;
#1505 = CARTESIAN_POINT ( 'NONE',  ( -0.7245085511037967496, 1.700000000000000178, 13.29790144351676950 ) ) ;
#1506 = CARTESIAN_POINT ( 'NONE',  ( 13.39999999999999680, 6.512500000000001066, -5.550461735799482099 ) ) ;
#1507 =( GEOMETRIC_REPRESENTATION_CONTEXT ( 3 ) GLOBAL_UNCERTAINTY_ASSIGNED_CONTEXT ( ( #798 ) ) GLOBAL_UNIT_ASSIGNED_CONTEXT ( ( #3009, #2973, #1511 ) ) REPRESENTATION_CONTEXT ( 'NONE', 'WORKASPACE' ) );
#1508 = ORIENTED_EDGE ( 'NONE', *, *, #2893, .T. ) ;
#1509 = CARTESIAN_POINT ( 'NONE',  ( -1.726751986797767995E-15, 6.231295175475212389, -14.09999999999999964 ) ) ;
#1510 = DIRECTION ( 'NONE',  ( 0.000000000000000000, 0.000000000000000000, 1.000000000000000000 ) ) ;
#1511 =( NAMED_UNIT ( * ) SI_UNIT ( $, .STERADIAN. ) SOLID_ANGLE_UNIT ( ) );
#1512 =( LENGTH_UNIT ( ) NAMED_UNIT ( * ) SI_UNIT ( .MILLI., .METRE. ) );
#1513 = SURFACE_STYLE_USAGE ( .BOTH. , #4022 ) ;
#1514 = UNCERTAINTY_MEASURE_WITH_UNIT (LENGTH_MEASURE( 1.000000000000000082E-05 ), #2106, 'distance_accuracy_value', 'NONE');
#1515 = CARTESIAN_POINT ( 'NONE',  ( -0.7245085511037967496, 1.700000000000000178, 13.38039937219279985 ) ) ;
#1516 = COLOUR_RGB ( '',0.2941176470588235392, 0.2745098039215686514, 1.000000000000000000 ) ;
#1517 =( NAMED_UNIT ( * ) PLANE_ANGLE_UNIT ( ) SI_UNIT ( $, .RADIAN. ) );
#1518 = EDGE_CURVE ( 'NONE', #272, #2199, #624, .T. ) ;
#1519 = VERTEX_POINT ( 'NONE', #3461 ) ;
#1520 = VERTEX_POINT ( 'NONE', #3105 ) ;
#1521 = ADVANCED_FACE ( 'NONE', ( #3788 ), #314, .T. ) ;
#1522 = VECTOR ( 'NONE', #530, 1000.000000000000000 ) ;
#1523 = CARTESIAN_POINT ( 'NONE',  ( -4.081470988850517401, 0.6999999999999999556, 10.56720178549643485 ) ) ;
#1524 = LINE ( 'NONE', #4388, #4003 ) ;
#1525 = CARTESIAN_POINT ( 'NONE',  ( -9.970205614730319965, 8.343704824524790453, 9.970205614730319965 ) ) ;
#1526 = EDGE_LOOP ( 'NONE', ( #3291, #301, #3078, #2114 ) ) ;
#1527 = CARTESIAN_POINT ( 'NONE',  ( -14.09999999999999964, 6.481295175475212389, 8.633759933988839975E-16 ) ) ;
#1528 = CARTESIAN_POINT ( 'NONE',  ( 9.970205614730319965, 5.106295175475212389, -9.970205614730321741 ) ) ;
#1529 =( NAMED_UNIT ( * ) SI_UNIT ( $, .STERADIAN. ) SOLID_ANGLE_UNIT ( ) );
#1530 = LINE ( 'NONE', #338, #1403 ) ;
#1531 =( LENGTH_UNIT ( ) NAMED_UNIT ( * ) SI_UNIT ( .MILLI., .METRE. ) );
#1532 = DIRECTION ( 'NONE',  ( 0.000000000000000000, 0.000000000000000000, 1.000000000000000000 ) ) ;
#1533 = SURFACE_STYLE_FILL_AREA ( #3675 ) ;
#1534 = STYLED_ITEM ( 'NONE', ( #1130 ), #4146 ) ;
#1535 = ORIENTED_EDGE ( 'NONE', *, *, #2564, .F. ) ;
#1536 = CARTESIAN_POINT ( 'NONE',  ( -13.40000000000000036, 5.687500000000003553, -5.550461735799473217 ) ) ;
#1537 = CARTESIAN_POINT ( 'NONE',  ( -0.7245085511037967496, -1.800000000000000044, 13.29790144351676950 ) ) ;
#1538 = ORIENTED_EDGE ( 'NONE', *, *, #1146, .F. ) ;
#1539 = CARTESIAN_POINT ( 'NONE',  ( 0.9806196540244083160, 1.071794871794871984, 13.29790144351676950 ) ) ;
#1540 = FILL_AREA_STYLE_COLOUR ( '', #228 ) ;
#1541 = COLOUR_RGB ( '',0.5019607843137254832, 0.5019607843137254832, 1.000000000000000000 ) ;
#1542 = MECHANICAL_DESIGN_GEOMETRIC_PRESENTATION_REPRESENTATION (  '', ( #4049 ), #4198 ) ;
#1543 = FACE_OUTER_BOUND ( 'NONE', #1526, .T. ) ;
#1544 = PRESENTATION_STYLE_ASSIGNMENT (( #3599 ) ) ;
#1545 = CARTESIAN_POINT ( 'NONE',  ( 0.000000000000000000, 5.200000000000001066, 13.40000000000000036 ) ) ;
#1546 = STYLED_ITEM ( 'NONE', ( #62 ), #3747 ) ;
#1547 =( GEOMETRIC_REPRESENTATION_CONTEXT ( 3 ) GLOBAL_UNCERTAINTY_ASSIGNED_CONTEXT ( ( #935 ) ) GLOBAL_UNIT_ASSIGNED_CONTEXT ( ( #4220, #4243, #3254 ) ) REPRESENTATION_CONTEXT ( 'NONE', 'WORKASPACE' ) );
#1548 = DIRECTION ( 'NONE',  ( 0.000000000000000000, -0.000000000000000000, 1.000000000000000000 ) ) ;
#1549 = COLOUR_RGB ( '',0.2941176470588235392, 0.2745098039215686514, 1.000000000000000000 ) ;
#1550 = ORIENTED_EDGE ( 'NONE', *, *, #431, .F. ) ;
#1551 = CARTESIAN_POINT ( 'NONE',  ( -1.726751986797767995E-15, 6.231295175475212389, -14.09999999999999964 ) ) ;
#1552 = FILL_AREA_STYLE ('',( #3978 ) ) ;
#1553 = CARTESIAN_POINT ( 'NONE',  ( 5.550461735799482987, 6.262500000000001066, 13.39999999999999680 ) ) ;
#1554 = EDGE_CURVE ( 'NONE', #4464, #3255, #3614, .T. ) ;
#1555 = UNCERTAINTY_MEASURE_WITH_UNIT (LENGTH_MEASURE( 1.000000000000000082E-05 ), #1012, 'distance_accuracy_value', 'NONE');
#1556 = CYLINDRICAL_SURFACE ( 'NONE', #1388, 13.40000000000000036 ) ;
#1557 =( LENGTH_UNIT ( ) NAMED_UNIT ( * ) SI_UNIT ( .MILLI., .METRE. ) );
#1558 = CARTESIAN_POINT ( 'NONE',  ( 13.38748923254616230, -1.800000000000000044, -0.5789059063963778451 ) ) ;
#1559 = AXIS2_PLACEMENT_3D ( 'NONE', #1008, #3805, #963 ) ;
#1560 = ORIENTED_EDGE ( 'NONE', *, *, #2468, .F. ) ;
#1561 = CARTESIAN_POINT ( 'NONE',  ( 5.550461735799471441, 7.437500000000001776, -13.40000000000000391 ) ) ;
#1562 = DIRECTION ( 'NONE',  ( 0.000000000000000000, -1.000000000000000000, 0.000000000000000000 ) ) ;
#1563 = ORIENTED_EDGE ( 'NONE', *, *, #1000, .F. ) ;
#1564 =( LENGTH_UNIT ( ) NAMED_UNIT ( * ) SI_UNIT ( .MILLI., .METRE. ) );
#1565 = CYLINDRICAL_SURFACE ( 'NONE', #2370, 12.60000000000000142 ) ;
#1566 = PLANE ( 'NONE',  #1470 ) ;
#1567 = DIRECTION ( 'NONE',  ( 0.8645916449088291156, 0.000000000000000000, 0.5024751611312195942 ) ) ;
#1568 = CARTESIAN_POINT ( 'NONE',  ( -5.840411229460641174, 8.406204824524790453, 14.10000000000000142 ) ) ;
#1569 = CARTESIAN_POINT ( 'NONE',  ( -13.35437004352870360, 10.00000000000000000, 1.104898520454776101 ) ) ;
#1570 = STYLED_ITEM ( 'NONE', ( #3519 ), #974 ) ;
#1571 = EDGE_CURVE ( 'NONE', #851, #3386, #1791, .T. ) ;
#1572 = COLOUR_RGB ( '',0.2941176470588235392, 0.2745098039215686514, 1.000000000000000000 ) ;
#1573 = EDGE_LOOP ( 'NONE', ( #722 ) ) ;
#1574 = CARTESIAN_POINT ( 'NONE',  ( -1.726751986797767995E-15, 7.968704824524790453, -14.09999999999999964 ) ) ;
#1575 = CARTESIAN_POINT ( 'NONE',  ( 13.39999999999999680, 4.512500000000001066, -5.550461735799481211 ) ) ;
#1576 = CARTESIAN_POINT ( 'NONE',  ( -13.29877818578986215, -1.171794871794871851, 1.104898520454776101 ) ) ;
#1577 = EDGE_CURVE ( 'NONE', #4392, #3829, #742, .T. ) ;
#1578 = CARTESIAN_POINT ( 'NONE',  ( 13.38748923254616230, -1.800000000000000044, -0.5789059063963778451 ) ) ;
#1579 = SURFACE_SIDE_STYLE ('',( #870 ) ) ;
#1580 = UNCERTAINTY_MEASURE_WITH_UNIT (LENGTH_MEASURE( 1.000000000000000082E-05 ), #2498, 'distance_accuracy_value', 'NONE');
#1581 = DIRECTION ( 'NONE',  ( 0.000000000000000000, 0.000000000000000000, -1.000000000000000000 ) ) ;
#1582 = CARTESIAN_POINT ( 'NONE',  ( 13.40000000000000036, 7.250000000000000888, -2.461540066286179870E-15 ) ) ;
#1583 = DIRECTION ( 'NONE',  ( 0.000000000000000000, -1.000000000000000000, 0.000000000000000000 ) ) ;
#1584 = ORIENTED_EDGE ( 'NONE', *, *, #980, .T. ) ;
#1585 =( NAMED_UNIT ( * ) SI_UNIT ( $, .STERADIAN. ) SOLID_ANGLE_UNIT ( ) );
#1586 = PRESENTATION_STYLE_ASSIGNMENT (( #1923 ) ) ;
#1587 = SURFACE_SIDE_STYLE ('',( #1058 ) ) ;
#1588 = CARTESIAN_POINT ( 'NONE',  ( 13.40000000000000036, 4.450000000000001066, -2.461540066286179870E-15 ) ) ;
#1589 = DIRECTION ( 'NONE',  ( -1.000000000000000000, -0.000000000000000000, -0.000000000000000000 ) ) ;
#1590 = MECHANICAL_DESIGN_GEOMETRIC_PRESENTATION_REPRESENTATION (  '', ( #3579 ), #2791 ) ;
#1591 = ORIENTED_EDGE ( 'NONE', *, *, #517, .T. ) ;
#1592 = CARTESIAN_POINT ( 'NONE',  ( 9.970205614730319965, 6.106295175475211501, -9.970205614730321741 ) ) ;
#1593 = DIRECTION ( 'NONE',  ( 0.000000000000000000, -1.000000000000000000, -0.000000000000000000 ) ) ;
#1594 = PRESENTATION_STYLE_ASSIGNMENT (( #2657 ) ) ;
#1595 = CARTESIAN_POINT ( 'NONE',  ( 13.39999999999999680, 6.512500000000001066, -5.550461735799481211 ) ) ;
#1596 = LINE ( 'NONE', #507, #735 ) ;
#1597 = UNCERTAINTY_MEASURE_WITH_UNIT (LENGTH_MEASURE( 1.000000000000000082E-05 ), #3132, 'distance_accuracy_value', 'NONE');
#1598 = MECHANICAL_DESIGN_GEOMETRIC_PRESENTATION_REPRESENTATION (  '', ( #2653 ), #817 ) ;
#1599 = VECTOR ( 'NONE', #4179, 1000.000000000000000 ) ;
#1600 = VECTOR ( 'NONE', #801, 1000.000000000000000 ) ;
#1601 =( LENGTH_UNIT ( ) NAMED_UNIT ( * ) SI_UNIT ( .MILLI., .METRE. ) );
#1602 = CARTESIAN_POINT ( 'NONE',  ( 0.000000000000000000, 6.000000000000000888, 13.40000000000000036 ) ) ;
#1603 = PRESENTATION_STYLE_ASSIGNMENT (( #3840 ) ) ;
#1604 = ORIENTED_EDGE ( 'NONE', *, *, #3740, .F. ) ;
#1605 = CARTESIAN_POINT ( 'NONE',  ( 13.39096593468623020, 0.7142227564102565651, -0.4919668038322754233 ) ) ;
#1606 = VECTOR ( 'NONE', #3214, 1000.000000000000227 ) ;
#1607 = EDGE_CURVE ( 'NONE', #1040, #70, #2134, .T. ) ;
#1608 = CYLINDRICAL_SURFACE ( 'NONE', #1695, 1.289999999999999591 ) ;
#1609 = CARTESIAN_POINT ( 'NONE',  ( -1.726751986797767995E-15, 8.231295175475212389, -14.09999999999999964 ) ) ;
#1610 = CARTESIAN_POINT ( 'NONE',  ( 0.000000000000000000, 10.00000000000000000, 0.000000000000000000 ) ) ;
#1611 = CARTESIAN_POINT ( 'NONE',  ( -1.726751986797767995E-15, 6.968704824524791341, -14.09999999999999964 ) ) ;
#1612 = STYLED_ITEM ( 'NONE', ( #1586 ), #570 ) ;
#1613 = DIRECTION ( 'NONE',  ( 0.000000000000000000, 1.000000000000000000, -0.000000000000000000 ) ) ;
#1614 =( GEOMETRIC_REPRESENTATION_CONTEXT ( 3 ) GLOBAL_UNCERTAINTY_ASSIGNED_CONTEXT ( ( #2996 ) ) GLOBAL_UNIT_ASSIGNED_CONTEXT ( ( #1740, #1691, #3464 ) ) REPRESENTATION_CONTEXT ( 'NONE', 'WORKASPACE' ) );
#1615 = VERTEX_POINT ( 'NONE', #3487 ) ;
#1616 = CARTESIAN_POINT ( 'NONE',  ( 5.840411229460650056, 6.531204824524792230, 14.09999999999999787 ) ) ;
#1617 = MECHANICAL_DESIGN_GEOMETRIC_PRESENTATION_REPRESENTATION (  '', ( #2148 ), #762 ) ;
#1618 =( GEOMETRIC_REPRESENTATION_CONTEXT ( 3 ) GLOBAL_UNCERTAINTY_ASSIGNED_CONTEXT ( ( #4000 ) ) GLOBAL_UNIT_ASSIGNED_CONTEXT ( ( #1101, #4181, #769 ) ) REPRESENTATION_CONTEXT ( 'NONE', 'WORKASPACE' ) );
#1619 = CARTESIAN_POINT ( 'NONE',  ( 0.9806196540244083160, 0.3987179487179490778, 13.36407067828291062 ) ) ;
#1620 = CARTESIAN_POINT ( 'NONE',  ( -5.550461735799474106, 5.137500000000001066, 13.40000000000000036 ) ) ;
#1621 = CARTESIAN_POINT ( 'NONE',  ( -1.726751986797767995E-15, 7.231295175475213277, -14.09999999999999964 ) ) ;
#1622 = AXIS2_PLACEMENT_3D ( 'NONE', #687, #3777, #1005 ) ;
#1623 = SURFACE_STYLE_USAGE ( .BOTH. , #4002 ) ;
#1624 = SURFACE_STYLE_FILL_AREA ( #224 ) ;
#1625 =( NAMED_UNIT ( * ) PLANE_ANGLE_UNIT ( ) SI_UNIT ( $, .RADIAN. ) );
#1626 = CARTESIAN_POINT ( 'NONE',  ( 13.39232934043298151, 0.08429546918749647455, -0.9164026799045478233 ) ) ;
#1627 = EDGE_CURVE ( 'NONE', #3448, #2819, #1643, .T. ) ;
#1628 = FILL_AREA_STYLE_COLOUR ( '', #294 ) ;
#1629 = CARTESIAN_POINT ( 'NONE',  ( -13.40000000000000036, 6.687500000000000888, -5.550461735799473217 ) ) ;
#1630 = ORIENTED_EDGE ( 'NONE', *, *, #922, .T. ) ;
#1631 = CARTESIAN_POINT ( 'NONE',  ( 13.39903543421899990, 0.3538461538461542544, 0.1607775871933657397 ) ) ;
#1632 = EDGE_CURVE ( 'NONE', #2138, #4527, #1080, .T. ) ;
#1633 = CARTESIAN_POINT ( 'NONE',  ( -5.840411229460643838, 7.293795175475213277, -14.10000000000000142 ) ) ;
#1634 = EDGE_CURVE ( 'NONE', #412, #3620, #2856, .T. ) ;
#1635 = CARTESIAN_POINT ( 'NONE',  ( 14.09999999999999609, 5.781204824524791341, -5.840411229460648279 ) ) ;
#1636 = EDGE_LOOP ( 'NONE', ( #38 ) ) ;
#1637 = CARTESIAN_POINT ( 'NONE',  ( 13.29877818578986037, -0.1735429653926041371, -0.5480328881603317992 ) ) ;
#1638 = ORIENTED_EDGE ( 'NONE', *, *, #2701, .F. ) ;
#1639 = SURFACE_SIDE_STYLE ('',( #4156 ) ) ;
#1640 = LINE ( 'NONE', #1300, #2249 ) ;
#1641 = SURFACE_STYLE_USAGE ( .BOTH. , #1301 ) ;
#1642 = STYLED_ITEM ( 'NONE', ( #3652 ), #1090 ) ;
#1643 = CIRCLE ( 'NONE', #4225, 13.40000000000000036 ) ;
#1644 = CARTESIAN_POINT ( 'NONE',  ( 9.475230867899739451, 5.125000000000000888, 9.475230867899734122 ) ) ;
#1645 = UNCERTAINTY_MEASURE_WITH_UNIT (LENGTH_MEASURE( 1.000000000000000082E-05 ), #4536, 'distance_accuracy_value', 'NONE');
#1646 = ORIENTED_EDGE ( 'NONE', *, *, #4417, .T. ) ;
#1647 = LINE ( 'NONE', #1063, #764 ) ;
#1648 = CARTESIAN_POINT ( 'NONE',  ( 0.000000000000000000, 1.779508393036489666, 0.000000000000000000 ) ) ;
#1649 = CARTESIAN_POINT ( 'NONE',  ( 13.29877818578985860, 0.4686227173570997606, -1.099032634711902379 ) ) ;
#1650 =( LENGTH_UNIT ( ) NAMED_UNIT ( * ) SI_UNIT ( .MILLI., .METRE. ) );
#1651 = ORIENTED_EDGE ( 'NONE', *, *, #3973, .F. ) ;
#1652 = FILL_AREA_STYLE_COLOUR ( '', #2533 ) ;
#1653 = FILL_AREA_STYLE ('',( #3803 ) ) ;
#1654 = CARTESIAN_POINT ( 'NONE',  ( 14.09999999999999609, 5.043795175475213277, -5.840411229460648279 ) ) ;
#1655 = DIRECTION ( 'NONE',  ( 0.000000000000000000, -0.000000000000000000, 1.000000000000000000 ) ) ;
#1656 = CARTESIAN_POINT ( 'NONE',  ( -9.970205614730319965, 5.343704824524790453, 9.970205614730319965 ) ) ;
#1657 = ORIENTED_EDGE ( 'NONE', *, *, #2268, .T. ) ;
#1658 = ADVANCED_FACE ( 'NONE', ( #1099 ), #809, .F. ) ;
#1659 = LINE ( 'NONE', #2810, #2304 ) ;
#1660 = STYLED_ITEM ( 'NONE', ( #39 ), #1793 ) ;
#1661 = EDGE_LOOP ( 'NONE', ( #116 ) ) ;
#1662 = CARTESIAN_POINT ( 'NONE',  ( 13.29877818578987281, 1.661296530094058976, -0.3114474517125430109 ) ) ;
#1663 = CARTESIAN_POINT ( 'NONE',  ( -5.840411229460643838, 5.031204824524790453, -14.10000000000000320 ) ) ;
#1664 = FACE_OUTER_BOUND ( 'NONE', #3086, .T. ) ;
#1665 = DIRECTION ( 'NONE',  ( -0.000000000000000000, 1.000000000000000000, -0.000000000000000000 ) ) ;
#1666 = DIRECTION ( 'NONE',  ( 0.000000000000000000, -1.000000000000000000, -0.000000000000000000 ) ) ;
#1667 = CARTESIAN_POINT ( 'NONE',  ( 9.970205614730321741, 5.856295175475212389, 9.970205614730318189 ) ) ;
#1668 = VECTOR ( 'NONE', #416, 1000.000000000000000 ) ;
#1669 = ORIENTED_EDGE ( 'NONE', *, *, #2481, .F. ) ;
#1670 = SURFACE_STYLE_FILL_AREA ( #1745 ) ;
#1671 = DIRECTION ( 'NONE',  ( 0.000000000000000000, 0.000000000000000000, -1.000000000000000000 ) ) ;
#1672 = CARTESIAN_POINT ( 'NONE',  ( 13.39232934043297796, -0.05944069670331595528, -0.7546035260651040577 ) ) ;
#1673 = PRODUCT_DEFINITION_CONTEXT ( 'detailed design', #2464, 'design' ) ;
#1674 = CARTESIAN_POINT ( 'NONE',  ( 13.29877818578986215, 1.071794871794871984, 0.4054690936036221549 ) ) ;
#1675 = SURFACE_SIDE_STYLE ('',( #1704 ) ) ;
#1676 = ORIENTED_EDGE ( 'NONE', *, *, #1577, .T. ) ;
#1677 = CARTESIAN_POINT ( 'NONE',  ( 0.000000000000000000, 1.700000000000000178, 0.000000000000000000 ) ) ;
#1678 = PRESENTATION_STYLE_ASSIGNMENT (( #2053 ) ) ;
#1679 = DIRECTION ( 'NONE',  ( 0.000000000000000000, 1.000000000000000000, 0.000000000000000000 ) ) ;
#1680 = SURFACE_STYLE_FILL_AREA ( #207 ) ;
#1681 = CARTESIAN_POINT ( 'NONE',  ( -5.840411229460641174, 6.406204824524791341, 14.10000000000000142 ) ) ;
#1682 = ORIENTED_EDGE ( 'NONE', *, *, #3601, .F. ) ;
#1683 = PRESENTATION_LAYER_ASSIGNMENT (  '', '', ( #1110 ) ) ;
#1684 = CARTESIAN_POINT ( 'NONE',  ( -5.875951837458691429, 0.6999999999999999556, 10.55720291093416563 ) ) ;
#1685 = ORIENTED_EDGE ( 'NONE', *, *, #4257, .F. ) ;
#1686 = CARTESIAN_POINT ( 'NONE',  ( 0.9806196540244083160, 1.700000000000000178, 13.29790144351676950 ) ) ;
#1687 = CARTESIAN_POINT ( 'NONE',  ( 13.39660312388114072, 1.700000000000000178, 0.3017030679625964384 ) ) ;
#1688 = DIRECTION ( 'NONE',  ( -0.000000000000000000, 1.000000000000000000, -0.000000000000000000 ) ) ;
#1689 = FILL_AREA_STYLE_COLOUR ( '', #3443 ) ;
#1690 = MECHANICAL_DESIGN_GEOMETRIC_PRESENTATION_REPRESENTATION (  '', ( #3972 ), #2289 ) ;
#1691 =( NAMED_UNIT ( * ) PLANE_ANGLE_UNIT ( ) SI_UNIT ( $, .RADIAN. ) );
#1692 = VECTOR ( 'NONE', #1334, 1000.000000000000227 ) ;
#1693 = CARTESIAN_POINT ( 'NONE',  ( 14.09999999999999964, 6.918795175475212389, 5.840411229460643838 ) ) ;
#1694 = ORIENTED_EDGE ( 'NONE', *, *, #470, .T. ) ;
#1695 = AXIS2_PLACEMENT_3D ( 'NONE', #1948, #3027, #2694 ) ;
#1696 = DIRECTION ( 'NONE',  ( 0.000000000000000000, 0.000000000000000000, -1.000000000000000000 ) ) ;
#1697 = PRESENTATION_STYLE_ASSIGNMENT (( #2426 ) ) ;
#1698 =( BOUNDED_CURVE ( )  B_SPLINE_CURVE ( 2, ( #433, #1834, #2696, #812, #501, #4077, #481, #3604, #1609, #2715, #3365, #1880, #2212, #861, #2234, #3975, #3621, #1289, #105, #235, #457, #2588, #962, #1633, #3049, #4101, #4319, #2926, #2338, #942, #3409, #3282, #4459, #125, #2366, #1860, #1527, #2947, #837, #3261, #1509, #4334, #3949, #617, #1169, #1190, #2613, #3994, #3730, #2256, #3029, #206, #3757, #587, #3645, #1903, #4415, #2012, #255, #1654, #1268, #3071, #1988, #3383, #4439 ),
 .UNSPECIFIED., .F., .F. ) 
 B_SPLINE_CURVE_WITH_KNOTS ( ( 3, 2, 2, 2, 2, 2, 2, 2, 2, 2, 2, 2, 2, 2, 2, 2, 2, 2, 2, 2, 2, 2, 2, 2, 2, 2, 2, 2, 2, 2, 2, 2, 3 ),
 ( 0.000000000000000000, 0.03125000000000000000, 0.06250000000000000000, 0.09375000000000000000, 0.1250000000000000000, 0.1562500000000000000, 0.1875000000000000000, 0.2187500000000000000, 0.2500000000000000000, 0.2812500000000000000, 0.3125000000000000000, 0.3437500000000000000, 0.3750000000000000000, 0.4062500000000000000, 0.4375000000000000000, 0.4687500000000000000, 0.5000000000000000000, 0.5312500000000000000, 0.5625000000000000000, 0.5937500000000000000, 0.6250000000000000000, 0.6562500000000000000, 0.6875000000000000000, 0.7187500000000000000, 0.7500000000000000000, 0.7812500000000000000, 0.8125000000000000000, 0.8437500000000000000, 0.8750000000000000000, 0.9062500000000000000, 0.9375000000000000000, 0.9687500000000000000, 1.000000000000000000 ),
 .UNSPECIFIED. ) 
 CURVE ( )  GEOMETRIC_REPRESENTATION_ITEM ( )  RATIONAL_B_SPLINE_CURVE ( ( 1.000000000000000000, 0.9238795325112867385, 1.000000000000000000, 0.9238795325112867385, 1.000000000000000000, 0.9238795325112867385, 1.000000000000000000, 0.9238795325112867385, 1.000000000000000000, 0.9238795325112867385, 1.000000000000000000, 0.9238795325112867385, 1.000000000000000000, 0.9238795325112867385, 1.000000000000000000, 0.9238795325112867385, 1.000000000000000000, 0.9238795325112867385, 1.000000000000000000, 0.9238795325112867385, 1.000000000000000000, 0.9238795325112867385, 1.000000000000000000, 0.9238795325112867385, 1.000000000000000000, 0.9238795325112867385, 1.000000000000000000, 0.9238795325112867385, 1.000000000000000000, 0.9238795325112867385, 1.000000000000000000, 0.9238795325112867385, 1.000000000000000000, 0.9238795325112867385, 1.000000000000000000, 0.9238795325112867385, 1.000000000000000000, 0.9238795325112867385, 1.000000000000000000, 0.9238795325112867385, 1.000000000000000000, 0.9238795325112867385, 1.000000000000000000, 0.9238795325112867385, 1.000000000000000000, 0.9238795325112867385, 1.000000000000000000, 0.9238795325112867385, 1.000000000000000000, 0.9238795325112867385, 1.000000000000000000, 0.9238795325112867385, 1.000000000000000000, 0.9238795325112867385, 1.000000000000000000, 0.9238795325112867385, 1.000000000000000000, 0.9238795325112867385, 1.000000000000000000, 0.9238795325112867385, 1.000000000000000000, 0.9238795325112867385, 1.000000000000000000, 0.9238795325112867385, 1.000000000000000000 ) ) 
 REPRESENTATION_ITEM ( '' )  );
#1699 = EDGE_CURVE ( 'NONE', #1376, #239, #1524, .T. ) ;
#1700 = CARTESIAN_POINT ( 'NONE',  ( 13.39232934043298151, -0.2028445512820512553, -0.4695309063963780116 ) ) ;
#1701 = AXIS2_PLACEMENT_3D ( 'NONE', #1500, #2852, #2200 ) ;
#1702 = VECTOR ( 'NONE', #541, 1000.000000000000000 ) ;
#1703 = AXIS2_PLACEMENT_3D ( 'NONE', #2739, #2396, #3787 ) ;
#1704 = SURFACE_STYLE_FILL_AREA ( #1024 ) ;
#1705 = EDGE_LOOP ( 'NONE', ( #1199, #203, #3618, #99 ) ) ;
#1706 = VECTOR ( 'NONE', #4129, 1000.000000000000000 ) ;
#1707 = SURFACE_STYLE_FILL_AREA ( #1653 ) ;
#1708 =( NAMED_UNIT ( * ) PLANE_ANGLE_UNIT ( ) SI_UNIT ( $, .RADIAN. ) );
#1709 = PRESENTATION_STYLE_ASSIGNMENT (( #2390 ) ) ;
#1710 = CARTESIAN_POINT ( 'NONE',  ( -14.10000000000000142, 5.156204824524790453, -5.840411229460639397 ) ) ;
#1711 = VERTEX_POINT ( 'NONE', #3639 ) ;
#1712 = LINE ( 'NONE', #1684, #1131 ) ;
#1713 = ORIENTED_EDGE ( 'NONE', *, *, #2673, .T. ) ;
#1714 = CARTESIAN_POINT ( 'NONE',  ( 5.840411229460650056, 5.531204824524791341, 14.09999999999999787 ) ) ;
#1715 = SURFACE_STYLE_USAGE ( .BOTH. , #216 ) ;
#1716 =( NAMED_UNIT ( * ) PLANE_ANGLE_UNIT ( ) SI_UNIT ( $, .RADIAN. ) );
#1717 = CARTESIAN_POINT ( 'NONE',  ( -12.53396428571428700, 1.600000000000000755, 1.288308691439584264 ) ) ;
#1718 = ADVANCED_FACE ( 'NONE', ( #4058 ), #3343, .F. ) ;
#1719 = ORIENTED_EDGE ( 'NONE', *, *, #1272, .F. ) ;
#1720 = SURFACE_STYLE_USAGE ( .BOTH. , #320 ) ;
#1721 = ADVANCED_FACE ( 'NONE', ( #2206 ), #453, .T. ) ;
#1722 =( NAMED_UNIT ( * ) PLANE_ANGLE_UNIT ( ) SI_UNIT ( $, .RADIAN. ) );
#1723 = UNCERTAINTY_MEASURE_WITH_UNIT (LENGTH_MEASURE( 1.000000000000000082E-05 ), #2885, 'distance_accuracy_value', 'NONE');
#1724 =( GEOMETRIC_REPRESENTATION_CONTEXT ( 3 ) GLOBAL_UNCERTAINTY_ASSIGNED_CONTEXT ( ( #3956 ) ) GLOBAL_UNIT_ASSIGNED_CONTEXT ( ( #2553, #1114, #2124 ) ) REPRESENTATION_CONTEXT ( 'NONE', 'WORKASPACE' ) );
#1725 = CARTESIAN_POINT ( 'NONE',  ( 13.40214012082287098, 0.7322425620223513842, -1.119924029294171453 ) ) ;
#1726 = CARTESIAN_POINT ( 'NONE',  ( -0.7245085511037967496, 1.700000000000000178, 13.29790144351676950 ) ) ;
#1727 = CARTESIAN_POINT ( 'NONE',  ( 13.40103461748984337, 1.071600985783798032, 0.1666202485525372368 ) ) ;
#1728 = ORIENTED_EDGE ( 'NONE', *, *, #4547, .T. ) ;
#1729 = VECTOR ( 'NONE', #83, 1000.000000000000000 ) ;
#1730 = CARTESIAN_POINT ( 'NONE',  ( 13.29877818578986393, 1.071600985783798032, 0.1666202485525372368 ) ) ;
#1731 = CARTESIAN_POINT ( 'NONE',  ( -13.78568851628465808, 1.766390046959026572, -14.65781290106666823 ) ) ;
#1732 = CARTESIAN_POINT ( 'NONE',  ( 13.39999999999999858, 7.187500000000000888, 5.550461735799477658 ) ) ;
#1733 = VERTEX_POINT ( 'NONE', #2699 ) ;
#1734 =( LENGTH_UNIT ( ) NAMED_UNIT ( * ) SI_UNIT ( .MILLI., .METRE. ) );
#1735 = VERTEX_POINT ( 'NONE', #566 ) ;
#1736 = CARTESIAN_POINT ( 'NONE',  ( 13.29877818578986215, 1.644000109340785221, -0.4025112207873073888 ) ) ;
#1737 = FILL_AREA_STYLE_COLOUR ( '', #407 ) ;
#1738 = CARTESIAN_POINT ( 'NONE',  ( -9.475230867899737675, 7.075000000000000178, 9.475230867899737675 ) ) ;
#1739 = COLOUR_RGB ( '',0.2941176470588235392, 0.2745098039215686514, 1.000000000000000000 ) ;
#1740 =( LENGTH_UNIT ( ) NAMED_UNIT ( * ) SI_UNIT ( .MILLI., .METRE. ) );
#1741 = CARTESIAN_POINT ( 'NONE',  ( 14.09999999999999787, 5.043795175475213277, -5.840411229460648279 ) ) ;
#1742 = EDGE_LOOP ( 'NONE', ( #2432, #2394, #137, #1265 ) ) ;
#1743 = PRESENTATION_STYLE_ASSIGNMENT (( #413 ) ) ;
#1744 =( GEOMETRIC_REPRESENTATION_CONTEXT ( 3 ) GLOBAL_UNCERTAINTY_ASSIGNED_CONTEXT ( ( #3626 ) ) GLOBAL_UNIT_ASSIGNED_CONTEXT ( ( #468, #2622, #915 ) ) REPRESENTATION_CONTEXT ( 'NONE', 'WORKASPACE' ) );
#1745 = FILL_AREA_STYLE ('',( #3793 ) ) ;
#1746 = SURFACE_STYLE_USAGE ( .BOTH. , #702 ) ;
#1747 = SURFACE_SIDE_STYLE ('',( #346 ) ) ;
#1748 = PRESENTATION_STYLE_ASSIGNMENT (( #2102 ) ) ;
#1749 = DIRECTION ( 'NONE',  ( 0.000000000000000000, 0.000000000000000000, 1.000000000000000000 ) ) ;
#1750 = EDGE_LOOP ( 'NONE', ( #2558, #1952, #3118, #424, #2176, #2688, #392, #1103, #1031, #2037 ) ) ;
#1751 = PRESENTATION_STYLE_ASSIGNMENT (( #3229 ) ) ;
#1752 = DIRECTION ( 'NONE',  ( 0.000000000000000000, 0.000000000000000000, -1.000000000000000000 ) ) ;
#1753 = PRESENTATION_STYLE_ASSIGNMENT (( #356 ) ) ;
#1754 = CARTESIAN_POINT ( 'NONE',  ( -5.550461735799475882, 5.562500000000003553, -13.40000000000000036 ) ) ;
#1755 = ORIENTED_EDGE ( 'NONE', *, *, #869, .T. ) ;
#1756 = ADVANCED_FACE ( 'NONE', ( #925 ), #3710, .F. ) ;
#1757 = FILL_AREA_STYLE ('',( #2016 ) ) ;
#1758 =( NAMED_UNIT ( * ) SI_UNIT ( $, .STERADIAN. ) SOLID_ANGLE_UNIT ( ) );
#1759 = VECTOR ( 'NONE', #1665, 1000.000000000000000 ) ;
#1760 = AXIS2_PLACEMENT_3D ( 'NONE', #2103, #348, #1749 ) ;
#1761 = LINE ( 'NONE', #1856, #4399 ) ;
#1762 = CARTESIAN_POINT ( 'NONE',  ( 13.29877818578986215, 0.3846598658757187650, -0.2118841006327477350 ) ) ;
#1763 = CARTESIAN_POINT ( 'NONE',  ( -9.475230867899737675, 7.825000000000000178, -9.475230867899735898 ) ) ;
#1764 =( NAMED_UNIT ( * ) PLANE_ANGLE_UNIT ( ) SI_UNIT ( $, .RADIAN. ) );
#1765 = SURFACE_STYLE_USAGE ( .BOTH. , #3857 ) ;
#1766 =( GEOMETRIC_REPRESENTATION_CONTEXT ( 3 ) GLOBAL_UNCERTAINTY_ASSIGNED_CONTEXT ( ( #1580 ) ) GLOBAL_UNIT_ASSIGNED_CONTEXT ( ( #2498, #36, #337 ) ) REPRESENTATION_CONTEXT ( 'NONE', 'WORKASPACE' ) );
#1767 = ORIENTED_EDGE ( 'NONE', *, *, #4007, .F. ) ;
#1768 = PRESENTATION_LAYER_ASSIGNMENT (  '', '', ( #2597 ) ) ;
#1769 = CARTESIAN_POINT ( 'NONE',  ( -9.970205614730319965, 8.356295175475212389, -9.970205614730319965 ) ) ;
#1770 = LINE ( 'NONE', #2214, #2178 ) ;
#1771 = CARTESIAN_POINT ( 'NONE',  ( 13.39386407330357720, -1.799999999999999600, 0.4054690936036221549 ) ) ;
#1772 = CARTESIAN_POINT ( 'NONE',  ( 0.000000000000000000, 4.468704824524790453, 14.09999999999999964 ) ) ;
#1773 = SURFACE_STYLE_USAGE ( .BOTH. , #19 ) ;
#1774 = AXIS2_PLACEMENT_3D ( 'NONE', #3653, #2639, #3332 ) ;
#1775 = PRESENTATION_LAYER_ASSIGNMENT (  '', '', ( #3382 ) ) ;
#1776 = PRESENTATION_STYLE_ASSIGNMENT (( #322 ) ) ;
#1777 = DIRECTION ( 'NONE',  ( 1.000000000000000000, 0.000000000000000000, -0.000000000000000000 ) ) ;
#1778 = STYLED_ITEM ( 'NONE', ( #2380 ), #3681 ) ;
#1779 = AXIS2_PLACEMENT_3D ( 'NONE', #2607, #3547, #2873 ) ;
#1780 = EDGE_LOOP ( 'NONE', ( #1538 ) ) ;
#1781 = CARTESIAN_POINT ( 'NONE',  ( 13.29877818578986215, -0.2743589743589742724, 0.1923280679625963552 ) ) ;
#1782 = ADVANCED_FACE ( 'NONE', ( #2883 ), #4299, .F. ) ;
#1783 =( NAMED_UNIT ( * ) SI_UNIT ( $, .STERADIAN. ) SOLID_ANGLE_UNIT ( ) );
#1784 = PRODUCT_RELATED_PRODUCT_CATEGORY ( 'part', '', ( #4396 ) ) ;
#1785 =( NAMED_UNIT ( * ) SI_UNIT ( $, .STERADIAN. ) SOLID_ANGLE_UNIT ( ) );
#1786 = CARTESIAN_POINT ( 'NONE',  ( -9.475230867899737675, 7.875000000000000000, 9.475230867899737675 ) ) ;
#1787 = ORIENTED_EDGE ( 'NONE', *, *, #1216, .T. ) ;
#1788 = CARTESIAN_POINT ( 'NONE',  ( 13.29877818578986748, 1.687035229855017526, -0.09717548437462161792 ) ) ;
#1789 = EDGE_CURVE ( 'NONE', #1025, #3293, #2861, .T. ) ;
#1790 = DIRECTION ( 'NONE',  ( 0.000000000000000000, 0.000000000000000000, 1.000000000000000000 ) ) ;
#1791 = LINE ( 'NONE', #2566, #1874 ) ;
#1792 = CARTESIAN_POINT ( 'NONE',  ( -5.550461735799475882, 6.762500000000000178, -13.40000000000000036 ) ) ;
#1793 = MANIFOLD_SOLID_BREP ( 'Cut-Extrude10', #1116 ) ;
#1794 = AXIS2_PLACEMENT_3D ( 'NONE', #3638, #3297, #276 ) ;
#1795 = EDGE_LOOP ( 'NONE', ( #432, #1049, #3743, #1685 ) ) ;
#1796 = CARTESIAN_POINT ( 'NONE',  ( 5.840411229460650056, 6.793795175475212389, 14.09999999999999787 ) ) ;
#1797 = CARTESIAN_POINT ( 'NONE',  ( -4.962382004931043866, 0.6999999999999999556, 11.50959012463679620 ) ) ;
#1798 = SURFACE_STYLE_FILL_AREA ( #396 ) ;
#1799 = CARTESIAN_POINT ( 'NONE',  ( -5.840411229460643838, 8.031204824524790453, -14.10000000000000320 ) ) ;
#1800 = CARTESIAN_POINT ( 'NONE',  ( 13.29877818578855475, 0.5147330579053517319, -0.4380997397692683593 ) ) ;
#1801 = CARTESIAN_POINT ( 'NONE',  ( 13.29877818578986215, 1.071794871794871984, 0.1916269461677245489 ) ) ;
#1802 = PRESENTATION_LAYER_ASSIGNMENT (  '', '', ( #1072 ) ) ;
#1803 =( GEOMETRIC_REPRESENTATION_CONTEXT ( 3 ) GLOBAL_UNCERTAINTY_ASSIGNED_CONTEXT ( ( #3224 ) ) GLOBAL_UNIT_ASSIGNED_CONTEXT ( ( #497, #1245, #476 ) ) REPRESENTATION_CONTEXT ( 'NONE', 'WORKASPACE' ) );
#1804 = B_SPLINE_CURVE_WITH_KNOTS ( 'NONE', 3,
 ( #3155, #3244, #726, #2548, #1107, #2527, #3930, #2822, #84, #814, #17, #3909 ),
 .UNSPECIFIED., .F., .F.,
 ( 4, 2, 2, 2, 2, 4 ),
 ( 6.060874397576350385E-20, 0.0002997148412743861159, 0.0005994296825487722318, 0.0008991445238231584019, 0.001049001944460351216, 0.001198859365097544030 ),
 .UNSPECIFIED. ) ;
#1805 = CARTESIAN_POINT ( 'NONE',  ( -13.29877818578986215, -1.171794871794871851, 1.104898520454776101 ) ) ;
#1806 = AXIS2_PLACEMENT_3D ( 'NONE', #3581, #107, #1135 ) ;
#1807 = CARTESIAN_POINT ( 'NONE',  ( -9.475230867899737675, 6.625000000000000888, -9.475230867899735898 ) ) ;
#1808 = EDGE_LOOP ( 'NONE', ( #249, #58, #4234, #969 ) ) ;
#1809 = EDGE_CURVE ( 'NONE', #2255, #3988, #1698, .T. ) ;
#1810 = PRESENTATION_STYLE_ASSIGNMENT (( #4272 ) ) ;
#1811 = CARTESIAN_POINT ( 'NONE',  ( -7.490708688590950182, 1.766390046959026572, -11.11077330084040860 ) ) ;
#1812 = SURFACE_STYLE_USAGE ( .BOTH. , #2113 ) ;
#1813 = ORIENTED_EDGE ( 'NONE', *, *, #1503, .F. ) ;
#1814 =( NAMED_UNIT ( * ) SI_UNIT ( $, .STERADIAN. ) SOLID_ANGLE_UNIT ( ) );
#1815 = CARTESIAN_POINT ( 'NONE',  ( -5.840411229460641174, 8.668795175475215942, 14.10000000000000320 ) ) ;
#1816 = DIRECTION ( 'NONE',  ( 0.000000000000000000, 0.000000000000000000, -1.000000000000000000 ) ) ;
#1817 = FILL_AREA_STYLE_COLOUR ( '', #3534 ) ;
#1818 = CARTESIAN_POINT ( 'NONE',  ( 14.09999999999999787, 6.781204824524792230, -5.840411229460648279 ) ) ;
#1819 = EDGE_CURVE ( 'NONE', #2787, #239, #1316, .T. ) ;
#1820 = LINE ( 'NONE', #3223, #2121 ) ;
#1821 =( NAMED_UNIT ( * ) PLANE_ANGLE_UNIT ( ) SI_UNIT ( $, .RADIAN. ) );
#1822 = CARTESIAN_POINT ( 'NONE',  ( 13.40129048890766761, 0.3741410469246344017, -0.1512001847746313188 ) ) ;
#1823 = DIRECTION ( 'NONE',  ( -0.000000000000000000, -0.000000000000000000, 1.000000000000000000 ) ) ;
#1824 = ORIENTED_EDGE ( 'NONE', *, *, #2153, .F. ) ;
#1825 = DIRECTION ( 'NONE',  ( 0.8712137661464369742, -0.000000000000000000, 0.4909038334306846108 ) ) ;
#1826 = ORIENTED_EDGE ( 'NONE', *, *, #4206, .F. ) ;
#1827 = LINE ( 'NONE', #3898, #3388 ) ;
#1828 = FILL_AREA_STYLE_COLOUR ( '', #3684 ) ;
#1829 = CARTESIAN_POINT ( 'NONE',  ( 13.29877818578986215, 0.4847194053627608135, -0.4140250288283042202 ) ) ;
#1830 = CARTESIAN_POINT ( 'NONE',  ( 13.39999999999999858, 7.387500000000001066, 5.550461735799477658 ) ) ;
#1831 = ADVANCED_FACE ( 'NONE', ( #2035 ), #1051, .T. ) ;
#1832 = AXIS2_PLACEMENT_3D ( 'NONE', #3181, #1424, #4237 ) ;
#1833 = ORIENTED_EDGE ( 'NONE', *, *, #720, .T. ) ;
#1834 = CARTESIAN_POINT ( 'NONE',  ( -5.840411229460641174, 8.668795175475215942, 14.10000000000000142 ) ) ;
#1835 = DIRECTION ( 'NONE',  ( -0.000000000000000000, -0.000000000000000000, 1.000000000000000000 ) ) ;
#1836 = CARTESIAN_POINT ( 'NONE',  ( 13.35316312616633283, 0.7891291414703121010, -1.119390522065651039 ) ) ;
#1837 = LINE ( 'NONE', #2864, #3315 ) ;
#1838 = CARTESIAN_POINT ( 'NONE',  ( 9.970205614730321741, 5.593704824524791341, 9.970205614730318189 ) ) ;
#1839 = VECTOR ( 'NONE', #4015, 1000.000000000000114 ) ;
#1840 = CARTESIAN_POINT ( 'NONE',  ( 13.29877818578986215, -1.800000000000000044, 1.033674221808750238 ) ) ;
#1841 = UNCERTAINTY_MEASURE_WITH_UNIT (LENGTH_MEASURE( 1.000000000000000082E-05 ), #4373, 'distance_accuracy_value', 'NONE');
#1842 = ADVANCED_FACE ( 'NONE', ( #3872 ), #3780, .F. ) ;
#1843 = LINE ( 'NONE', #1428, #211 ) ;
#1844 =( GEOMETRIC_REPRESENTATION_CONTEXT ( 3 ) GLOBAL_UNCERTAINTY_ASSIGNED_CONTEXT ( ( #2219 ) ) GLOBAL_UNIT_ASSIGNED_CONTEXT ( ( #1223, #3278, #4057 ) ) REPRESENTATION_CONTEXT ( 'NONE', 'WORKASPACE' ) );
#1845 = CARTESIAN_POINT ( 'NONE',  ( 13.39862974760861292, 1.071794871794872206, 0.1916269461677245767 ) ) ;
#1846 = AXIS2_PLACEMENT_3D ( 'NONE', #4110, #1353, #1038 ) ;
#1847 = ORIENTED_EDGE ( 'NONE', *, *, #372, .F. ) ;
#1848 = MECHANICAL_DESIGN_GEOMETRIC_PRESENTATION_REPRESENTATION (  '', ( #982 ), #1047 ) ;
#1849 = STYLED_ITEM ( 'NONE', ( #1132 ), #2119 ) ;
#1850 = CARTESIAN_POINT ( 'NONE',  ( -13.78568851628465808, 1.766390046959026572, -14.65781290106666823 ) ) ;
#1851 = CARTESIAN_POINT ( 'NONE',  ( -13.39027273609030289, 1.700000000000000178, -0.5104860949298393180 ) ) ;
#1852 = ORIENTED_EDGE ( 'NONE', *, *, #576, .F. ) ;
#1853 = CARTESIAN_POINT ( 'NONE',  ( 13.29877818578986215, 0.7322425620223513842, -1.119924029294171453 ) ) ;
#1854 = CIRCLE ( 'NONE', #3761, 12.60000000000000142 ) ;
#1855 = VECTOR ( 'NONE', #34, 1000.000000000000000 ) ;
#1856 = CARTESIAN_POINT ( 'NONE',  ( -12.53396428571428700, 13.15621570892968606, 1.288308691439584264 ) ) ;
#1857 = DIRECTION ( 'NONE',  ( 0.000000000000000000, 1.000000000000000000, 0.000000000000000000 ) ) ;
#1858 = CARTESIAN_POINT ( 'NONE',  ( -9.970205614730319965, 8.093704824524790453, -9.970205614730319965 ) ) ;
#1859 = EDGE_LOOP ( 'NONE', ( #1916, #3615, #1370, #2047 ) ) ;
#1860 = CARTESIAN_POINT ( 'NONE',  ( -14.10000000000000142, 6.543795175475212389, 5.840411229460642950 ) ) ;
#1861 = LINE ( 'NONE', #3883, #2292 ) ;
#1862 = CARTESIAN_POINT ( 'NONE',  ( -7.121753946748072828, 1.779508393036489666, 10.69593945018286973 ) ) ;
#1863 = SURFACE_SIDE_STYLE ('',( #1934 ) ) ;
#1864 = EDGE_CURVE ( 'NONE', #282, #2461, #3847, .T. ) ;
#1865 = CARTESIAN_POINT ( 'NONE',  ( 14.09999999999999964, 7.718704824524791341, -2.590127980196652091E-15 ) ) ;
#1866 = CARTESIAN_POINT ( 'NONE',  ( 13.40129048890766583, 0.3997339720748564473, -0.2651288928314520232 ) ) ;
#1867 = DIRECTION ( 'NONE',  ( 0.000000000000000000, 0.000000000000000000, 1.000000000000000000 ) ) ;
#1868 = ADVANCED_FACE ( 'NONE', ( #1029 ), #2436, .T. ) ;
#1869 = AXIS2_PLACEMENT_3D ( 'NONE', #3128, #2765, #3057 ) ;
#1870 = VERTEX_POINT ( 'NONE', #805 ) ;
#1871 = CARTESIAN_POINT ( 'NONE',  ( 12.84528761740791758, 1.600000000000000311, 0.3479741744251523272 ) ) ;
#1872 = DIRECTION ( 'NONE',  ( 0.8712137661464369742, 0.000000000000000000, 0.4909038334306846108 ) ) ;
#1873 = ORIENTED_EDGE ( 'NONE', *, *, #4313, .T. ) ;
#1874 = VECTOR ( 'NONE', #2838, 1000.000000000000000 ) ;
#1875 = CARTESIAN_POINT ( 'NONE',  ( 13.29877818578986748, 1.624287129643757543, -0.4828915090478136940 ) ) ;
#1876 = SURFACE_SIDE_STYLE ('',( #520 ) ) ;
#1877 =( LENGTH_UNIT ( ) NAMED_UNIT ( * ) SI_UNIT ( .MILLI., .METRE. ) );
#1878 = CARTESIAN_POINT ( 'NONE',  ( 9.475230867899735898, 6.575000000000001066, -9.475230867899739451 ) ) ;
#1879 = ORIENTED_EDGE ( 'NONE', *, *, #3054, .F. ) ;
#1880 = CARTESIAN_POINT ( 'NONE',  ( 14.09999999999999609, 8.043795175475212389, -5.840411229460648279 ) ) ;
#1881 = CARTESIAN_POINT ( 'NONE',  ( -14.10000000000000320, 6.156204824524792230, -5.840411229460639397 ) ) ;
#1882 = CARTESIAN_POINT ( 'NONE',  ( -13.40000000000000036, 5.887500000000000178, -5.550461735799473217 ) ) ;
#1883 = DIRECTION ( 'NONE',  ( 0.000000000000000000, 0.000000000000000000, 1.000000000000000000 ) ) ;
#1884 = UNCERTAINTY_MEASURE_WITH_UNIT (LENGTH_MEASURE( 1.000000000000000082E-05 ), #3654, 'distance_accuracy_value', 'NONE');
#1885 = CARTESIAN_POINT ( 'NONE',  ( 0.000000000000000000, -2.160025235603923566, -12.60000000000000142 ) ) ;
#1886 = SURFACE_STYLE_FILL_AREA ( #1939 ) ;
#1887 = FACE_OUTER_BOUND ( 'NONE', #2841, .T. ) ;
#1888 = DIRECTION ( 'NONE',  ( -0.000000000000000000, 0.000000000000000000, 1.000000000000000000 ) ) ;
#1889 = FACE_OUTER_BOUND ( 'NONE', #183, .T. ) ;
#1890 = VERTEX_POINT ( 'NONE', #1159 ) ;
#1891 =( LENGTH_UNIT ( ) NAMED_UNIT ( * ) SI_UNIT ( .MILLI., .METRE. ) );
#1892 =( GEOMETRIC_REPRESENTATION_CONTEXT ( 3 ) GLOBAL_UNCERTAINTY_ASSIGNED_CONTEXT ( ( #1466 ) ) GLOBAL_UNIT_ASSIGNED_CONTEXT ( ( #345, #397, #3183 ) ) REPRESENTATION_CONTEXT ( 'NONE', 'WORKASPACE' ) );
#1893 =( NAMED_UNIT ( * ) SI_UNIT ( $, .STERADIAN. ) SOLID_ANGLE_UNIT ( ) );
#1894 = ORIENTED_EDGE ( 'NONE', *, *, #2481, .T. ) ;
#1895 = SURFACE_STYLE_USAGE ( .BOTH. , #1963 ) ;
#1896 = STYLED_ITEM ( 'NONE', ( #1603 ), #3357 ) ;
#1897 = CARTESIAN_POINT ( 'NONE',  ( -15.67069872835678801, 3.218914651395904158, -11.31245942397727688 ) ) ;
#1898 = EDGE_CURVE ( 'NONE', #1161, #3985, #3987, .T. ) ;
#1899 = CARTESIAN_POINT ( 'NONE',  ( 13.39999999999999680, 5.512500000000000178, -5.550461735799482099 ) ) ;
#1900 = ORIENTED_EDGE ( 'NONE', *, *, #1607, .T. ) ;
#1901 = CARTESIAN_POINT ( 'NONE',  ( 0.9806196540244083160, 1.071794871794871540, 13.36407067828291062 ) ) ;
#1902 = ORIENTED_EDGE ( 'NONE', *, *, #3019, .T. ) ;
#1903 = CARTESIAN_POINT ( 'NONE',  ( -5.840411229460643838, 5.293795175475214165, -14.10000000000000142 ) ) ;
#1904 = CARTESIAN_POINT ( 'NONE',  ( -14.10000000000000320, 5.543795175475212389, 5.840411229460642950 ) ) ;
#1905 = FACE_OUTER_BOUND ( 'NONE', #4277, .T. ) ;
#1906 = LINE ( 'NONE', #505, #2284 ) ;
#1907 = CARTESIAN_POINT ( 'NONE',  ( -5.550461735799474994, 5.762500000000000178, -13.40000000000000036 ) ) ;
#1908 = FACE_OUTER_BOUND ( 'NONE', #4508, .T. ) ;
#1909 = DIRECTION ( 'NONE',  ( 0.000000000000000000, 0.000000000000000000, 1.000000000000000000 ) ) ;
#1910 = CARTESIAN_POINT ( 'NONE',  ( 0.9806196540244083160, 10.00000000000000000, 13.36407067828291062 ) ) ;
#1911 = DIRECTION ( 'NONE',  ( -0.000000000000000000, -1.000000000000000000, 0.000000000000000000 ) ) ;
#1912 = PRESENTATION_LAYER_ASSIGNMENT (  '', '', ( #1979 ) ) ;
#1913 = FILL_AREA_STYLE ('',( #891 ) ) ;
#1914 = ORIENTED_EDGE ( 'NONE', *, *, #470, .F. ) ;
#1915 = CARTESIAN_POINT ( 'NONE',  ( 13.39999999999999858, 8.187500000000000000, 5.550461735799477658 ) ) ;
#1916 = ORIENTED_EDGE ( 'NONE', *, *, #3760, .T. ) ;
#1917 = AXIS2_PLACEMENT_3D ( 'NONE', #2019, #3418, #4177 ) ;
#1918 = EDGE_CURVE ( 'NONE', #1453, #523, #304, .T. ) ;
#1919 = CARTESIAN_POINT ( 'NONE',  ( -5.496223376265255034, -1.300000000000000044, -11.20197222033958617 ) ) ;
#1920 = CARTESIAN_POINT ( 'NONE',  ( 11.73452407141603437, -1.300000000000000044, -4.395247113234060699 ) ) ;
#1921 = VECTOR ( 'NONE', #4136, 1000.000000000000000 ) ;
#1922 = VECTOR ( 'NONE', #3296, 1000.000000000000000 ) ;
#1923 = SURFACE_STYLE_USAGE ( .BOTH. , #1876 ) ;
#1924 = DIRECTION ( 'NONE',  ( 0.8645916449088291156, -0.000000000000000000, 0.5024751611312195942 ) ) ;
#1925 = EDGE_CURVE ( 'NONE', #620, #738, #2537, .T. ) ;
#1926 = PRESENTATION_LAYER_ASSIGNMENT (  '', '', ( #3106 ) ) ;
#1927 = SURFACE_STYLE_USAGE ( .BOTH. , #4060 ) ;
#1928 = STYLED_ITEM ( 'NONE', ( #244 ), #145 ) ;
#1929 = CIRCLE ( 'NONE', #1622, 12.52591063589761156 ) ;
#1930 = CIRCLE ( 'NONE', #1703, 12.60000000000000142 ) ;
#1931 = ORIENTED_EDGE ( 'NONE', *, *, #2056, .T. ) ;
#1932 = CARTESIAN_POINT ( 'NONE',  ( 5.840411229460637621, 6.906204824524792230, -14.10000000000000497 ) ) ;
#1933 =( LENGTH_UNIT ( ) NAMED_UNIT ( * ) SI_UNIT ( .MILLI., .METRE. ) );
#1934 = SURFACE_STYLE_FILL_AREA ( #840 ) ;
#1935 = MECHANICAL_DESIGN_GEOMETRIC_PRESENTATION_REPRESENTATION (  '', ( #693 ), #2538 ) ;
#1936 = CARTESIAN_POINT ( 'NONE',  ( 0.000000000000000000, 7.200000000000001066, 13.40000000000000036 ) ) ;
#1937 = PLANE ( 'NONE',  #2649 ) ;
#1938 = UNCERTAINTY_MEASURE_WITH_UNIT (LENGTH_MEASURE( 1.000000000000000082E-05 ), #3287, 'distance_accuracy_value', 'NONE');
#1939 = FILL_AREA_STYLE ('',( #157 ) ) ;
#1940 = CARTESIAN_POINT ( 'NONE',  ( 11.67609591196360164, -1.300000000000000044, 4.420361200519161926 ) ) ;
#1941 = PLANE ( 'NONE',  #1774 ) ;
#1942 = DIRECTION ( 'NONE',  ( -0.000000000000000000, -1.000000000000000000, -0.000000000000000000 ) ) ;
#1943 = FILL_AREA_STYLE_COLOUR ( '', #2811 ) ;
#1944 = CARTESIAN_POINT ( 'NONE',  ( 13.39999999999999680, 6.312500000000000888, -5.550461735799481211 ) ) ;
#1945 = CARTESIAN_POINT ( 'NONE',  ( -9.970205614730319965, 8.093704824524790453, -9.970205614730319965 ) ) ;
#1946 = ORIENTED_EDGE ( 'NONE', *, *, #1809, .F. ) ;
#1947 = SURFACE_STYLE_FILL_AREA ( #2984 ) ;
#1948 = CARTESIAN_POINT ( 'NONE',  ( -12.60000000000000142, 13.15621570892968606, 0.000000000000000000 ) ) ;
#1949 = FILL_AREA_STYLE ('',( #4372 ) ) ;
#1950 = DIRECTION ( 'NONE',  ( 0.8712137661464369742, -0.000000000000000000, 0.4909038334306846108 ) ) ;
#1951 = AXIS2_PLACEMENT_3D ( 'NONE', #2454, #3441, #290 ) ;
#1952 = ORIENTED_EDGE ( 'NONE', *, *, #2922, .F. ) ;
#1953 = CARTESIAN_POINT ( 'NONE',  ( -14.09999999999999964, 7.218704824524790453, 8.633759933988839975E-16 ) ) ;
#1954 = DIRECTION ( 'NONE',  ( 0.000000000000000000, 0.000000000000000000, 1.000000000000000000 ) ) ;
#1955 = CARTESIAN_POINT ( 'NONE',  ( 5.615431483312292471, -1.300000000000000044, -11.20197222033958617 ) ) ;
#1956 = AXIS2_PLACEMENT_3D ( 'NONE', #2681, #1593, #4320 ) ;
#1957 = CARTESIAN_POINT ( 'NONE',  ( 9.475230867899739451, 4.325000000000001066, 9.475230867899734122 ) ) ;
#1958 = EDGE_CURVE ( 'NONE', #1890, #80, #2154, .T. ) ;
#1959 = CARTESIAN_POINT ( 'NONE',  ( -5.496223376265255034, -1.300000000000000044, -11.20197222033958617 ) ) ;
#1960 = CARTESIAN_POINT ( 'NONE',  ( 5.550461735799482987, 7.062500000000000888, 13.39999999999999680 ) ) ;
#1961 = DIRECTION ( 'NONE',  ( 0.000000000000000000, 0.000000000000000000, 1.000000000000000000 ) ) ;
#1962 = ORIENTED_EDGE ( 'NONE', *, *, #816, .T. ) ;
#1963 = SURFACE_SIDE_STYLE ('',( #2274 ) ) ;
#1964 = CARTESIAN_POINT ( 'NONE',  ( -9.970205614730319965, 7.343704824524790453, 9.970205614730319965 ) ) ;
#1965 = DIRECTION ( 'NONE',  ( 0.000000000000000000, 1.000000000000000000, 0.000000000000000000 ) ) ;
#1966 = AXIS2_PLACEMENT_3D ( 'NONE', #420, #1408, #402 ) ;
#1967 = VERTEX_POINT ( 'NONE', #1431 ) ;
#1968 = CARTESIAN_POINT ( 'NONE',  ( -9.970205614730319965, 8.343704824524790453, 9.970205614730319965 ) ) ;
#1969 = SURFACE_STYLE_USAGE ( .BOTH. , #2236 ) ;
#1970 = CARTESIAN_POINT ( 'NONE',  ( 5.550461735799482987, 5.262500000000001066, 13.39999999999999680 ) ) ;
#1971 = EDGE_CURVE ( 'NONE', #1967, #4052, #3259, .T. ) ;
#1972 = CARTESIAN_POINT ( 'NONE',  ( 0.000000000000000000, 6.731295175475212389, 14.09999999999999964 ) ) ;
#1973 = UNCERTAINTY_MEASURE_WITH_UNIT (LENGTH_MEASURE( 1.000000000000000082E-05 ), #1267, 'distance_accuracy_value', 'NONE');
#1974 = FACE_BOUND ( 'NONE', #3762, .T. ) ;
#1975 = CARTESIAN_POINT ( 'NONE',  ( 0.000000000000000000, 0.6999999999999999556, 0.000000000000000000 ) ) ;
#1976 = SURFACE_STYLE_FILL_AREA ( #579 ) ;
#1977 = SURFACE_STYLE_USAGE ( .BOTH. , #3063 ) ;
#1978 = EDGE_CURVE ( 'NONE', #96, #620, #2559, .T. ) ;
#1979 = STYLED_ITEM ( 'NONE', ( #2326 ), #3924 ) ;
#1980 =( GEOMETRIC_REPRESENTATION_CONTEXT ( 3 ) GLOBAL_UNCERTAINTY_ASSIGNED_CONTEXT ( ( #602 ) ) GLOBAL_UNIT_ASSIGNED_CONTEXT ( ( #3072, #1290, #3731 ) ) REPRESENTATION_CONTEXT ( 'NONE', 'WORKASPACE' ) );
#1981 = VERTEX_POINT ( 'NONE', #3569 ) ;
#1982 = CARTESIAN_POINT ( 'NONE',  ( -9.475230867899737675, 7.625000000000001776, -9.475230867899735898 ) ) ;
#1983 = ORIENTED_EDGE ( 'NONE', *, *, #3940, .F. ) ;
#1984 = CARTESIAN_POINT ( 'NONE',  ( 0.000000000000000000, 4.865647587737607083, 13.75000000000000000 ) ) ;
#1985 = AXIS2_PLACEMENT_3D ( 'NONE', #2867, #3476, #684 ) ;
#1986 = DIRECTION ( 'NONE',  ( 0.000000000000000000, 0.000000000000000000, -1.000000000000000000 ) ) ;
#1987 = AXIS2_PLACEMENT_3D ( 'NONE', #1674, #3518, #1777 ) ;
#1988 = CARTESIAN_POINT ( 'NONE',  ( 9.970205614730321741, 4.856295175475212389, 9.970205614730318189 ) ) ;
#1989 =( NAMED_UNIT ( * ) PLANE_ANGLE_UNIT ( ) SI_UNIT ( $, .RADIAN. ) );
#1990 = CARTESIAN_POINT ( 'NONE',  ( 14.09999999999999964, 6.718704824524791341, -2.590127980196652091E-15 ) ) ;
#1991 = VERTEX_POINT ( 'NONE', #757 ) ;
#1992 = DIRECTION ( 'NONE',  ( 0.000000000000000000, 1.000000000000000000, 0.000000000000000000 ) ) ;
#1993 = STYLED_ITEM ( 'NONE', ( #2472 ), #3573 ) ;
#1994 = ORIENTED_EDGE ( 'NONE', *, *, #3918, .T. ) ;
#1995 = CARTESIAN_POINT ( 'NONE',  ( 0.000000000000000000, 4.468704824524790453, 14.09999999999999964 ) ) ;
#1997 =( NAMED_UNIT ( * ) PLANE_ANGLE_UNIT ( ) SI_UNIT ( $, .RADIAN. ) );
#1996 = CIRCLE ( 'NONE', #3980, 12.60000000000000142 ) ;
#1998 = CARTESIAN_POINT ( 'NONE',  ( -7.121753946748072828, 1.600000000000000311, 10.69593945018286973 ) ) ;
#1999 =( BOUNDED_CURVE ( )  B_SPLINE_CURVE ( 2, ( #4484, #3097, #1346, #4150, #2674, #4059, #926, #2320, #3711, #404, #3826, #3895, #2784, #381, #423, #2539, #3145, #4266, #1786, #2513, #3122, #3190, #3921, #3848, #2853, #4172, #3549, #28, #4195, #1732, #1053, #2179, #3524, #1122, #2, #783, #2874, #49, #1807, #3570, #4526, #3165, #1452, #2437, #1433, #1386, #4244, #4507, #1096, #758, #2087, #3209, #1367, #2465, #2808, #1754, #1030, #690, #1412, #3481, #330, #713, #2107, #2156, #3502 ),
 .UNSPECIFIED., .F., .F. ) 
 B_SPLINE_CURVE_WITH_KNOTS ( ( 3, 2, 2, 2, 2, 2, 2, 2, 2, 2, 2, 2, 2, 2, 2, 2, 2, 2, 2, 2, 2, 2, 2, 2, 2, 2, 2, 2, 2, 2, 2, 2, 3 ),
 ( 0.000000000000000000, 0.03125000000000000000, 0.06250000000000000000, 0.09375000000000000000, 0.1250000000000000000, 0.1562500000000000000, 0.1875000000000000000, 0.2187500000000000000, 0.2500000000000000000, 0.2812500000000000000, 0.3125000000000000000, 0.3437500000000000000, 0.3750000000000000000, 0.4062500000000000000, 0.4375000000000000000, 0.4687500000000000000, 0.5000000000000000000, 0.5312500000000000000, 0.5625000000000000000, 0.5937500000000000000, 0.6250000000000000000, 0.6562500000000000000, 0.6875000000000000000, 0.7187500000000000000, 0.7500000000000000000, 0.7812500000000000000, 0.8125000000000000000, 0.8437500000000000000, 0.8750000000000000000, 0.9062500000000000000, 0.9375000000000000000, 0.9687500000000000000, 1.000000000000000000 ),
 .UNSPECIFIED. ) 
 CURVE ( )  GEOMETRIC_REPRESENTATION_ITEM ( )  RATIONAL_B_SPLINE_CURVE ( ( 1.000000000000000000, 0.9238795325112867385, 1.000000000000000000, 0.9238795325112867385, 1.000000000000000000, 0.9238795325112867385, 1.000000000000000000, 0.9238795325112867385, 1.000000000000000000, 0.9238795325112867385, 1.000000000000000000, 0.9238795325112867385, 1.000000000000000000, 0.9238795325112867385, 1.000000000000000000, 0.9238795325112867385, 1.000000000000000000, 0.9238795325112867385, 1.000000000000000000, 0.9238795325112867385, 1.000000000000000000, 0.9238795325112867385, 1.000000000000000000, 0.9238795325112867385, 1.000000000000000000, 0.9238795325112867385, 1.000000000000000000, 0.9238795325112867385, 1.000000000000000000, 0.9238795325112867385, 1.000000000000000000, 0.9238795325112867385, 1.000000000000000000, 0.9238795325112867385, 1.000000000000000000, 0.9238795325112867385, 1.000000000000000000, 0.9238795325112867385, 1.000000000000000000, 0.9238795325112867385, 1.000000000000000000, 0.9238795325112867385, 1.000000000000000000, 0.9238795325112867385, 1.000000000000000000, 0.9238795325112867385, 1.000000000000000000, 0.9238795325112867385, 1.000000000000000000, 0.9238795325112867385, 1.000000000000000000, 0.9238795325112867385, 1.000000000000000000, 0.9238795325112867385, 1.000000000000000000, 0.9238795325112867385, 1.000000000000000000, 0.9238795325112867385, 1.000000000000000000, 0.9238795325112867385, 1.000000000000000000, 0.9238795325112867385, 1.000000000000000000, 0.9238795325112867385, 1.000000000000000000 ) ) 
 REPRESENTATION_ITEM ( '' )  );
#2000 = CARTESIAN_POINT ( 'NONE',  ( 9.970205614730319965, 8.106295175475212389, -9.970205614730321741 ) ) ;
#2001 = ORIENTED_EDGE ( 'NONE', *, *, #3624, .T. ) ;
#2002 = EDGE_CURVE ( 'NONE', #1735, #3593, #3316, .T. ) ;
#2003 = PRESENTATION_LAYER_ASSIGNMENT (  '', '', ( #2824 ) ) ;
#2004 = CARTESIAN_POINT ( 'NONE',  ( 13.39232934043297618, 0.1986129861764537319, -0.9973077326003525478 ) ) ;
#2005 = ADVANCED_FACE ( 'NONE', ( #2937 ), #1179, .F. ) ;
#2006 = CARTESIAN_POINT ( 'NONE',  ( 13.40000000000000036, 5.250000000000000888, -2.461540066286179870E-15 ) ) ;
#2007 = PLANE ( 'NONE',  #3977 ) ;
#2008 = VERTEX_POINT ( 'NONE', #1805 ) ;
#2009 = MECHANICAL_DESIGN_GEOMETRIC_PRESENTATION_REPRESENTATION (  '', ( #4139 ), #992 ) ;
#2010 = PRESENTATION_STYLE_ASSIGNMENT (( #302 ) ) ;
#2011 = DIRECTION ( 'NONE',  ( -0.000000000000000000, -1.000000000000000000, -0.000000000000000000 ) ) ;
#2012 = CARTESIAN_POINT ( 'NONE',  ( 5.840411229460638509, 5.168795175475213277, -14.10000000000000320 ) ) ;
#2013 = DIRECTION ( 'NONE',  ( 0.000000000000000000, 0.000000000000000000, -1.000000000000000000 ) ) ;
#2014 = CARTESIAN_POINT ( 'NONE',  ( 5.840411229460650056, 5.531204824524791341, 14.09999999999999609 ) ) ;
#2015 = VERTEX_POINT ( 'NONE', #1121 ) ;
#2016 = FILL_AREA_STYLE_COLOUR ( '', #4284 ) ;
#2017 = ORIENTED_EDGE ( 'NONE', *, *, #920, .T. ) ;
#2018 = CARTESIAN_POINT ( 'NONE',  ( -13.29877818578986215, -1.171794871794871851, 0.1177190332752888480 ) ) ;
#2019 = CARTESIAN_POINT ( 'NONE',  ( 0.9806196540244083160, 1.700000000000000178, 13.29790144351676950 ) ) ;
#2020 = DIRECTION ( 'NONE',  ( 0.000000000000000000, -1.000000000000000000, 0.000000000000000000 ) ) ;
#2021 = AXIS2_PLACEMENT_3D ( 'NONE', #2954, #3721, #937 ) ;
#2022 = AXIS2_PLACEMENT_3D ( 'NONE', #3323, #143, #1567 ) ;
#2023 = CARTESIAN_POINT ( 'NONE',  ( 5.840411229460650056, 6.793795175475212389, 14.09999999999999787 ) ) ;
#2024 = ORIENTED_EDGE ( 'NONE', *, *, #2611, .T. ) ;
#2025 = CIRCLE ( 'NONE', #1956, 12.84999999999999964 ) ;
#2026 = PLANE ( 'NONE',  #3908 ) ;
#2027 = CARTESIAN_POINT ( 'NONE',  ( -10.45949412403840384, 1.766390046959026572, -8.376095908548695235 ) ) ;
#2028 = DIRECTION ( 'NONE',  ( -0.000000000000000000, -1.000000000000000000, 0.000000000000000000 ) ) ;
#2029 = CARTESIAN_POINT ( 'NONE',  ( 13.29877818578985860, 0.6241195677580863022, -1.118265277396798485 ) ) ;
#2030 = PRESENTATION_STYLE_ASSIGNMENT (( #635 ) ) ;
#2031 = CARTESIAN_POINT ( 'NONE',  ( 13.40103461748984515, 1.015071515804169211, -0.2912154841930625904 ) ) ;
#2032 = ORIENTED_EDGE ( 'NONE', *, *, #4106, .F. ) ;
#2033 = LINE ( 'NONE', #3428, #2677 ) ;
#2034 = SURFACE_STYLE_USAGE ( .BOTH. , #4193 ) ;
#2035 = FACE_OUTER_BOUND ( 'NONE', #2562, .T. ) ;
#2036 = CARTESIAN_POINT ( 'NONE',  ( 0.000000000000000000, 0.6999999999999999556, 0.000000000000000000 ) ) ;
#2037 = ORIENTED_EDGE ( 'NONE', *, *, #2893, .F. ) ;
#2038 =( NAMED_UNIT ( * ) SI_UNIT ( $, .STERADIAN. ) SOLID_ANGLE_UNIT ( ) );
#2039 =( GEOMETRIC_REPRESENTATION_CONTEXT ( 3 ) GLOBAL_UNCERTAINTY_ASSIGNED_CONTEXT ( ( #1645 ) ) GLOBAL_UNIT_ASSIGNED_CONTEXT ( ( #4536, #2139, #2821 ) ) REPRESENTATION_CONTEXT ( 'NONE', 'WORKASPACE' ) );
#2040 = ADVANCED_FACE ( 'NONE', ( #422 ), #3119, .F. ) ;
#2041 = EDGE_LOOP ( 'NONE', ( #2163, #448, #2860, #3868 ) ) ;
#2042 = CARTESIAN_POINT ( 'NONE',  ( 13.40214012082287276, 1.699497978603069281, 0.1602657242171739993 ) ) ;
#2043 = SURFACE_STYLE_USAGE ( .BOTH. , #1639 ) ;
#2044 = AXIS2_PLACEMENT_3D ( 'NONE', #3983, #3312, #181 ) ;
#2045 = CARTESIAN_POINT ( 'NONE',  ( 5.840411229460650056, 7.793795175475212389, 14.09999999999999787 ) ) ;
#2046 = STYLED_ITEM ( 'NONE', ( #1426 ), #3215 ) ;
#2047 = ORIENTED_EDGE ( 'NONE', *, *, #3400, .T. ) ;
#2048 = DIRECTION ( 'NONE',  ( 0.000000000000000000, 0.000000000000000000, 1.000000000000000000 ) ) ;
#2049 = CARTESIAN_POINT ( 'NONE',  ( 13.29877818578985860, -0.05944069670331595528, -0.7546035260651040577 ) ) ;
#2050 = CARTESIAN_POINT ( 'NONE',  ( 13.29877818578986037, 1.032978080797706699, -0.2445722683324284552 ) ) ;
#2051 = ORIENTED_EDGE ( 'NONE', *, *, #2491, .F. ) ;
#2052 = CARTESIAN_POINT ( 'NONE',  ( 13.29877818578986215, -1.800000000000000044, -0.5789059063963778451 ) ) ;
#2053 = SURFACE_STYLE_USAGE ( .BOTH. , #2757 ) ;
#2054 =( GEOMETRIC_REPRESENTATION_CONTEXT ( 3 ) GLOBAL_UNCERTAINTY_ASSIGNED_CONTEXT ( ( #1723 ) ) GLOBAL_UNIT_ASSIGNED_CONTEXT ( ( #2885, #2480, #368 ) ) REPRESENTATION_CONTEXT ( 'NONE', 'WORKASPACE' ) );
#2055 = PRESENTATION_STYLE_ASSIGNMENT (( #2412 ) ) ;
#2056 = EDGE_CURVE ( 'NONE', #906, #3386, #2162, .T. ) ;
#2057 = CARTESIAN_POINT ( 'NONE',  ( 9.970205614730321741, 6.593704824524791341, 9.970205614730318189 ) ) ;
#2058 = ORIENTED_EDGE ( 'NONE', *, *, #4007, .T. ) ;
#2059 = PRESENTATION_LAYER_ASSIGNMENT (  '', '', ( #4036 ) ) ;
#2060 = DIRECTION ( 'NONE',  ( 0.000000000000000000, -1.000000000000000000, 0.000000000000000000 ) ) ;
#2061 = STYLED_ITEM ( 'NONE', ( #3159 ), #4509 ) ;
#2062 = ORIENTED_EDGE ( 'NONE', *, *, #4381, .F. ) ;
#2063 = CARTESIAN_POINT ( 'NONE',  ( 13.29877818578986215, 1.700000000000000178, 0.3017030679625964384 ) ) ;
#2064 = ADVANCED_FACE ( 'NONE', ( #3175 ), #364, .F. ) ;
#2065 = AXIS2_PLACEMENT_3D ( 'NONE', #3901, #765, #854 ) ;
#2066 = CARTESIAN_POINT ( 'NONE',  ( 9.970205614730319965, 4.843704824524791341, -9.970205614730321741 ) ) ;
#2067 = CARTESIAN_POINT ( 'NONE',  ( -7.121753946748072828, 3.237935071945527543, 10.69593945018286973 ) ) ;
#2068 =( NAMED_UNIT ( * ) PLANE_ANGLE_UNIT ( ) SI_UNIT ( $, .RADIAN. ) );
#2069 = CIRCLE ( 'NONE', #2528, 13.40000000000000036 ) ;
#2070 = CARTESIAN_POINT ( 'NONE',  ( -9.970205614730319965, 7.606295175475212389, 9.970205614730319965 ) ) ;
#2071 = ORIENTED_EDGE ( 'NONE', *, *, #4407, .T. ) ;
#2072 = VECTOR ( 'NONE', #1961, 1000.000000000000000 ) ;
#2073 = VECTOR ( 'NONE', #2676, 1000.000000000000000 ) ;
#2074 = DIRECTION ( 'NONE',  ( 0.000000000000000000, 1.000000000000000000, -0.000000000000000000 ) ) ;
#2075 = CARTESIAN_POINT ( 'NONE',  ( 6.553560065129619971, -1.300000000000000044, 10.62646034016815122 ) ) ;
#2076 = CARTESIAN_POINT ( 'NONE',  ( 5.615431483312292471, 0.6999999999999999556, -11.20197222033958617 ) ) ;
#2077 = CARTESIAN_POINT ( 'NONE',  ( 13.39232934043298329, -0.1010598553365410629, -0.6909192667720412961 ) ) ;
#2078 = VECTOR ( 'NONE', #3963, 1000.000000000000227 ) ;
#2079 = AXIS2_PLACEMENT_3D ( 'NONE', #3193, #808, #2543 ) ;
#2080 = FILL_AREA_STYLE_COLOUR ( '', #1467 ) ;
#2081 =( NAMED_UNIT ( * ) PLANE_ANGLE_UNIT ( ) SI_UNIT ( $, .RADIAN. ) );
#2082 = CARTESIAN_POINT ( 'NONE',  ( 13.40103461748984159, 1.063335453108553708, -0.06906431130076491620 ) ) ;
#2083 = EDGE_LOOP ( 'NONE', ( #1847, #3375, #732, #1833 ) ) ;
#2084 = PRESENTATION_LAYER_ASSIGNMENT (  '', '', ( #693 ) ) ;
#2085 = FILL_AREA_STYLE ('',( #1652 ) ) ;
#2086 = CARTESIAN_POINT ( 'NONE',  ( -13.29877818578986215, -1.800000000000000044, 1.104898520454776101 ) ) ;
#2087 = CARTESIAN_POINT ( 'NONE',  ( -9.475230867899737675, 5.875000000000000888, 9.475230867899737675 ) ) ;
#2088 = EDGE_LOOP ( 'NONE', ( #3896, #4131, #793, #4512 ) ) ;
#2089 = DIRECTION ( 'NONE',  ( 0.8645916449088291156, -0.000000000000000000, 0.5024751611312195942 ) ) ;
#2090 = ORIENTED_EDGE ( 'NONE', *, *, #4079, .F. ) ;
#2091 = SURFACE_STYLE_FILL_AREA ( #3763 ) ;
#2092 = CARTESIAN_POINT ( 'NONE',  ( -14.10000000000000320, 5.281204824524791341, 5.840411229460642950 ) ) ;
#2093 = CARTESIAN_POINT ( 'NONE',  ( 13.29877818578986215, 0.7058092948717948900, -1.120171932037403506 ) ) ;
#2094 = MECHANICAL_DESIGN_GEOMETRIC_PRESENTATION_REPRESENTATION (  '', ( #1070 ), #4431 ) ;
#2095 = ORIENTED_EDGE ( 'NONE', *, *, #4228, .F. ) ;
#2096 = FILL_AREA_STYLE_COLOUR ( '', #118 ) ;
#2097 = CARTESIAN_POINT ( 'NONE',  ( 13.29877818578986393, 1.071794871794872206, 0.1916269461677245767 ) ) ;
#2098 = DIRECTION ( 'NONE',  ( 0.000000000000000000, -0.000000000000000000, 1.000000000000000000 ) ) ;
#2099 =( GEOMETRIC_REPRESENTATION_CONTEXT ( 3 ) GLOBAL_UNCERTAINTY_ASSIGNED_CONTEXT ( ( #1841 ) ) GLOBAL_UNIT_ASSIGNED_CONTEXT ( ( #4373, #855, #2583 ) ) REPRESENTATION_CONTEXT ( 'NONE', 'WORKASPACE' ) );
#2100 = SURFACE_STYLE_FILL_AREA ( #1401 ) ;
#2101 = EDGE_CURVE ( 'NONE', #4529, #2138, #4252, .T. ) ;
#2102 = SURFACE_STYLE_USAGE ( .BOTH. , #2459 ) ;
#2103 = CARTESIAN_POINT ( 'NONE',  ( 0.000000000000000000, -0.2294871794871790327, 0.000000000000000000 ) ) ;
#2104 = ORIENTED_EDGE ( 'NONE', *, *, #431, .T. ) ;
#2105 = CIRCLE ( 'NONE', #182, 12.84999999999999964 ) ;
#2106 =( LENGTH_UNIT ( ) NAMED_UNIT ( * ) SI_UNIT ( .MILLI., .METRE. ) );
#2107 = CARTESIAN_POINT ( 'NONE',  ( 9.475230867899739451, 5.125000000000000888, 9.475230867899734122 ) ) ;
#2108 = ORIENTED_EDGE ( 'NONE', *, *, #3745, .F. ) ;
#2109 = SURFACE_STYLE_USAGE ( .BOTH. , #3454 ) ;
#2110 = CARTESIAN_POINT ( 'NONE',  ( 13.29877818578985682, 1.694286888894270593, 0.02608654467927253029 ) ) ;
#2111 = CARTESIAN_POINT ( 'NONE',  ( 13.29877818578986215, 0.5147330579053517319, -0.4380997397692683593 ) ) ;
#2112 = PRESENTATION_LAYER_ASSIGNMENT (  '', '', ( #3500 ) ) ;
#2113 = SURFACE_SIDE_STYLE ('',( #2473 ) ) ;
#2114 = ORIENTED_EDGE ( 'NONE', *, *, #2125, .F. ) ;
#2115 = FILL_AREA_STYLE ('',( #2096 ) ) ;
#2116 =( GEOMETRIC_REPRESENTATION_CONTEXT ( 3 ) GLOBAL_UNCERTAINTY_ASSIGNED_CONTEXT ( ( #220 ) ) GLOBAL_UNIT_ASSIGNED_CONTEXT ( ( #3590, #4546, #2198 ) ) REPRESENTATION_CONTEXT ( 'NONE', 'WORKASPACE' ) );
#2117 = SURFACE_SIDE_STYLE ('',( #1442 ) ) ;
#2118 = CARTESIAN_POINT ( 'NONE',  ( 13.39735927777015689, 1.667265414729032669, -0.2785305970540093434 ) ) ;
#2119 = ADVANCED_FACE ( 'NONE', ( #3834 ), #12, .T. ) ;
#2120 = CARTESIAN_POINT ( 'NONE',  ( 9.970205614730321741, 4.593704824524791341, 9.970205614730318189 ) ) ;
#2121 = VECTOR ( 'NONE', #3955, 1000.000000000000000 ) ;
#2122 = CARTESIAN_POINT ( 'NONE',  ( 13.29877818578986215, 0.7058092948717948900, -1.120171932037403506 ) ) ;
#2123 = CARTESIAN_POINT ( 'NONE',  ( 13.29877818578855653, 0.3541830831092775411, 0.1308620165343556963 ) ) ;
#2124 =( NAMED_UNIT ( * ) SI_UNIT ( $, .STERADIAN. ) SOLID_ANGLE_UNIT ( ) );
#2125 = EDGE_CURVE ( 'NONE', #874, #1161, #2840, .T. ) ;
#2126 = EDGE_LOOP ( 'NONE', ( #4074, #29, #677, #513 ) ) ;
#2127 = EDGE_CURVE ( 'NONE', #4081, #3752, #2500, .T. ) ;
#2128 = CARTESIAN_POINT ( 'NONE',  ( -13.29877818578986215, 1.700000000000000178, 0.1177190332752888480 ) ) ;
#2129 = ORIENTED_EDGE ( 'NONE', *, *, #3352, .T. ) ;
#2130 = CARTESIAN_POINT ( 'NONE',  ( 13.29877818578986570, 0.7840612400302273688, -1.119438051062437101 ) ) ;
#2131 = CARTESIAN_POINT ( 'NONE',  ( 13.40214012082287098, 1.073237592191806700, -1.059795571912003354 ) ) ;
#2132 = AXIS2_PLACEMENT_3D ( 'NONE', #2237, #2591, #1254 ) ;
#2133 = CARTESIAN_POINT ( 'NONE',  ( -12.53396428571428700, 10.00000000000000000, -1.288308691439584264 ) ) ;
#2134 = LINE ( 'NONE', #2184, #634 ) ;
#2135 = CARTESIAN_POINT ( 'NONE',  ( -12.60000000000000142, 1.600000000000000755, 0.000000000000000000 ) ) ;
#2136 = EDGE_CURVE ( 'NONE', #4267, #350, #1253, .T. ) ;
#2137 = VECTOR ( 'NONE', #1076, 1000.000000000000000 ) ;
#2138 = VERTEX_POINT ( 'NONE', #2648 ) ;
#2139 =( NAMED_UNIT ( * ) PLANE_ANGLE_UNIT ( ) SI_UNIT ( $, .RADIAN. ) );
#2140 = CARTESIAN_POINT ( 'NONE',  ( -5.840411229460641174, 7.668795175475212389, 14.10000000000000320 ) ) ;
#2141 = FILL_AREA_STYLE_COLOUR ( '', #3663 ) ;
#2142 = CARTESIAN_POINT ( 'NONE',  ( -5.840411229460643838, 5.031204824524790453, -14.10000000000000320 ) ) ;
#2143 = CARTESIAN_POINT ( 'NONE',  ( 13.29877818578986215, -0.2743589743589742724, 0.4054690936036221549 ) ) ;
#2144 = PRESENTATION_LAYER_ASSIGNMENT (  '', '', ( #3531 ) ) ;
#2145 = MECHANICAL_DESIGN_GEOMETRIC_PRESENTATION_REPRESENTATION (  '', ( #1849 ), #1618 ) ;
#2146 = FILL_AREA_STYLE_COLOUR ( '', #1176 ) ;
#2147 = CARTESIAN_POINT ( 'NONE',  ( -5.496223376265255034, -1.300000000000000044, -11.20197222033958617 ) ) ;
#2148 = STYLED_ITEM ( 'NONE', ( #2427 ), #3722 ) ;
#2149 = VECTOR ( 'NONE', #2226, 1000.000000000000000 ) ;
#2150 = COLOUR_RGB ( '',0.3333333333333333148, 0.3333333333333333148, 0.6666666666666666297 ) ;
#2151 = DIRECTION ( 'NONE',  ( -0.000000000000000000, -0.000000000000000000, 1.000000000000000000 ) ) ;
#2152 = AXIS2_PLACEMENT_3D ( 'NONE', #3004, #2336, #516 ) ;
#2153 = EDGE_CURVE ( 'NONE', #1025, #1488, #1288, .T. ) ;
#2154 = LINE ( 'NONE', #2897, #763 ) ;
#2155 = VECTOR ( 'NONE', #2060, 1000.000000000000000 ) ;
#2156 = CARTESIAN_POINT ( 'NONE',  ( 5.550461735799483876, 5.062500000000000888, 13.39999999999999680 ) ) ;
#2157 = ORIENTED_EDGE ( 'NONE', *, *, #3295, .T. ) ;
#2158 = DIRECTION ( 'NONE',  ( 0.000000000000000000, 1.000000000000000000, 0.000000000000000000 ) ) ;
#2159 = CARTESIAN_POINT ( 'NONE',  ( 13.29877818578986215, 0.6985440019472269890, -0.4915899101806478488 ) ) ;
#2160 = DIRECTION ( 'NONE',  ( 0.000000000000000000, 0.000000000000000000, 1.000000000000000000 ) ) ;
#2161 = PRESENTATION_LAYER_ASSIGNMENT (  '', '', ( #2617 ) ) ;
#2162 = LINE ( 'NONE', #1419, #2298 ) ;
#2163 = ORIENTED_EDGE ( 'NONE', *, *, #633, .T. ) ;
#2164 = CARTESIAN_POINT ( 'NONE',  ( -9.970205614730319965, 6.356295175475212389, -9.970205614730319965 ) ) ;
#2165 = SURFACE_STYLE_FILL_AREA ( #459 ) ;
#2166 = FILL_AREA_STYLE ('',( #1817 ) ) ;
#2167 = CARTESIAN_POINT ( 'NONE',  ( 0.000000000000000000, 6.468704824524791341, 14.09999999999999964 ) ) ;
#2168 = FILL_AREA_STYLE ('',( #3517 ) ) ;
#2169 = UNCERTAINTY_MEASURE_WITH_UNIT (LENGTH_MEASURE( 1.000000000000000082E-05 ), #2492, 'distance_accuracy_value', 'NONE');
#2170 = DIRECTION ( 'NONE',  ( 0.000000000000000000, 0.000000000000000000, -1.000000000000000000 ) ) ;
#2171 = CARTESIAN_POINT ( 'NONE',  ( 13.29877818578855297, 0.5480121472158092644, -0.4579144548525627689 ) ) ;
#2172 = CARTESIAN_POINT ( 'NONE',  ( 13.29877818578986215, -0.2028445512820512553, -0.4695309063963780116 ) ) ;
#2173 = AXIS2_PLACEMENT_3D ( 'NONE', #2402, #3113, #1308 ) ;
#2174 = SURFACE_STYLE_FILL_AREA ( #95 ) ;
#2175 = AXIS2_PLACEMENT_3D ( 'NONE', #4014, #1857, #2967 ) ;
#2176 = ORIENTED_EDGE ( 'NONE', *, *, #3252, .F. ) ;
#2177 = CARTESIAN_POINT ( 'NONE',  ( 13.38231464123664693, -0.7361997501091940288, -0.7392522360929834058 ) ) ;
#2178 = VECTOR ( 'NONE', #746, 1000.000000000000000 ) ;
#2179 = CARTESIAN_POINT ( 'NONE',  ( 5.550461735799483876, 7.062500000000000888, 13.39999999999999680 ) ) ;
#2180 = EDGE_LOOP ( 'NONE', ( #2737, #2384, #2399, #3369 ) ) ;
#2181 = EDGE_CURVE ( 'NONE', #4113, #906, #2985, .T. ) ;
#2182 = CARTESIAN_POINT ( 'NONE',  ( 13.29877818578986570, 1.318816931889401189, -0.9255332735335836114 ) ) ;
#2183 = CARTESIAN_POINT ( 'NONE',  ( 0.000000000000000000, 5.000000000000000888, 13.40000000000000036 ) ) ;
#2184 = CARTESIAN_POINT ( 'NONE',  ( -11.32179765614438693, -1.300000000000000044, 5.358669153046897726 ) ) ;
#2185 = CARTESIAN_POINT ( 'NONE',  ( -1.641026710857453312E-15, 7.700000000000000178, -13.40000000000000036 ) ) ;
#2186 = FILL_AREA_STYLE_COLOUR ( '', #81 ) ;
#2187 = EDGE_CURVE ( 'NONE', #1319, #2015, #4013, .T. ) ;
#2188 = ORIENTED_EDGE ( 'NONE', *, *, #2136, .F. ) ;
#2189 = PRESENTATION_LAYER_ASSIGNMENT (  '', '', ( #496 ) ) ;
#2190 = CARTESIAN_POINT ( 'NONE',  ( -9.970205614730319965, 7.606295175475212389, 9.970205614730319965 ) ) ;
#2191 =( LENGTH_UNIT ( ) NAMED_UNIT ( * ) SI_UNIT ( .MILLI., .METRE. ) );
#2192 = PLANE ( 'NONE',  #3596 ) ;
#2193 = CARTESIAN_POINT ( 'NONE',  ( -14.09999999999999964, 7.218704824524790453, 8.633759933988839975E-16 ) ) ;
#2194 = CARTESIAN_POINT ( 'NONE',  ( 0.000000000000000000, -2.160025235603923566, -13.40000000000000213 ) ) ;
#2195 = SURFACE_STYLE_USAGE ( .BOTH. , #92 ) ;
#2196 = SURFACE_SIDE_STYLE ('',( #2870 ) ) ;
#2197 = CIRCLE ( 'NONE', #1379, 1.289999999999999591 ) ;
#2198 =( NAMED_UNIT ( * ) SI_UNIT ( $, .STERADIAN. ) SOLID_ANGLE_UNIT ( ) );
#2199 = VERTEX_POINT ( 'NONE', #876 ) ;
#2200 = DIRECTION ( 'NONE',  ( 0.000000000000000000, 0.000000000000000000, 1.000000000000000000 ) ) ;
#2201 = ORIENTED_EDGE ( 'NONE', *, *, #543, .T. ) ;
#2202 = CARTESIAN_POINT ( 'NONE',  ( 13.29877818578986215, 1.073237592191806700, -1.059795571912003354 ) ) ;
#2203 = ADVANCED_FACE ( 'NONE', ( #140 ), #1565, .F. ) ;
#2204 = LINE ( 'NONE', #3506, #3467 ) ;
#2205 = PRESENTATION_LAYER_ASSIGNMENT (  '', '', ( #2653 ) ) ;
#2206 = FACE_OUTER_BOUND ( 'NONE', #811, .T. ) ;
#2207 = LINE ( 'NONE', #3689, #2878 ) ;
#2208 = ADVANCED_FACE ( 'NONE', ( #2294 ), #1608, .T. ) ;
#2209 = PRESENTATION_LAYER_ASSIGNMENT (  '', '', ( #443 ) ) ;
#2210 = AXIS2_PLACEMENT_3D ( 'NONE', #4102, #943, #4460 ) ;
#2211 = VERTEX_POINT ( 'NONE', #4055 ) ;
#2212 = CARTESIAN_POINT ( 'NONE',  ( 14.09999999999999964, 7.981295175475211501, -2.590127980196652091E-15 ) ) ;
#2213 = CARTESIAN_POINT ( 'NONE',  ( -14.10000000000000320, 7.543795175475211501, 5.840411229460642950 ) ) ;
#2214 = CARTESIAN_POINT ( 'NONE',  ( -5.496223376265255034, -1.300000000000000044, -11.20197222033958617 ) ) ;
#2215 = CARTESIAN_POINT ( 'NONE',  ( -11.32179765614438516, 0.6999999999999999556, -5.244954800604855194 ) ) ;
#2216 = CARTESIAN_POINT ( 'NONE',  ( 9.970205614730319965, 4.843704824524791341, -9.970205614730321741 ) ) ;
#2217 = AXIS2_PLACEMENT_3D ( 'NONE', #4346, #827, #1872 ) ;
#2218 =( NAMED_UNIT ( * ) PLANE_ANGLE_UNIT ( ) SI_UNIT ( $, .RADIAN. ) );
#2219 = UNCERTAINTY_MEASURE_WITH_UNIT (LENGTH_MEASURE( 1.000000000000000082E-05 ), #1223, 'distance_accuracy_value', 'NONE');
#2220 =( GEOMETRIC_REPRESENTATION_CONTEXT ( 3 ) GLOBAL_UNCERTAINTY_ASSIGNED_CONTEXT ( ( #2536 ) ) GLOBAL_UNIT_ASSIGNED_CONTEXT ( ( #1601, #3401, #4433 ) ) REPRESENTATION_CONTEXT ( 'NONE', 'WORKASPACE' ) );
#2221 = CARTESIAN_POINT ( 'NONE',  ( 13.40129048890766761, 0.4587868311936371679, -0.3849191791662754381 ) ) ;
#2222 = CARTESIAN_POINT ( 'NONE',  ( -10.45949412403840384, 3.218914651395904158, -8.376095908548695235 ) ) ;
#2223 = MECHANICAL_DESIGN_GEOMETRIC_PRESENTATION_REPRESENTATION (  '', ( #1993 ), #1249 ) ;
#2224 = ORIENTED_EDGE ( 'NONE', *, *, #4233, .F. ) ;
#2225 = AXIS2_PLACEMENT_3D ( 'NONE', #3493, #1336, #1671 ) ;
#2226 = DIRECTION ( 'NONE',  ( 0.000000000000000000, -1.000000000000000000, 0.000000000000000000 ) ) ;
#2227 =( NAMED_UNIT ( * ) SI_UNIT ( $, .STERADIAN. ) SOLID_ANGLE_UNIT ( ) );
#2228 = ORIENTED_EDGE ( 'NONE', *, *, #2564, .T. ) ;
#2229 = DIRECTION ( 'NONE',  ( 0.000000000000000000, 0.000000000000000000, -1.000000000000000000 ) ) ;
#2230 = COLOUR_RGB ( '',0.2941176470588235392, 0.2745098039215686514, 1.000000000000000000 ) ;
#2231 = DIRECTION ( 'NONE',  ( -0.000000000000000000, -0.000000000000000000, 1.000000000000000000 ) ) ;
#2232 = CARTESIAN_POINT ( 'NONE',  ( -13.40000000000000036, 4.950000000000000178, 8.205133554287266562E-16 ) ) ;
#2233 = ORIENTED_EDGE ( 'NONE', *, *, #2640, .F. ) ;
#2234 = CARTESIAN_POINT ( 'NONE',  ( 9.970205614730321741, 7.856295175475211501, 9.970205614730318189 ) ) ;
#2235 = CARTESIAN_POINT ( 'NONE',  ( -14.09999999999999964, 6.218704824524790453, 8.633759933988839975E-16 ) ) ;
#2236 = SURFACE_SIDE_STYLE ('',( #1192 ) ) ;
#2237 = CARTESIAN_POINT ( 'NONE',  ( -0.09630342289866861138, 0.3987179487179490778, 13.29790144351676950 ) ) ;
#2238 = CARTESIAN_POINT ( 'NONE',  ( -13.40000000000000036, 6.012500000000000178, 5.550461735799474106 ) ) ;
#2239 = PRESENTATION_STYLE_ASSIGNMENT (( #1513 ) ) ;
#2240 = APPLICATION_PROTOCOL_DEFINITION ( 'draft international standard', 'automotive_design', 1998, #3474 ) ;
#2241 = CARTESIAN_POINT ( 'NONE',  ( 13.29877818578855475, 0.7142227564102565651, -0.4919668038322754233 ) ) ;
#2242 = FACE_OUTER_BOUND ( 'NONE', #50, .T. ) ;
#2243 = LINE ( 'NONE', #938, #3151 ) ;
#2244 = ADVANCED_FACE ( 'NONE', ( #923 ), #4076, .F. ) ;
#2245 = EDGE_LOOP ( 'NONE', ( #2228, #4144, #2362, #2024, #2546, #3568, #4478, #3338, #701 ) ) ;
#2246 = SURFACE_STYLE_USAGE ( .BOTH. , #3616 ) ;
#2247 = AXIS2_PLACEMENT_3D ( 'NONE', #467, #4260, #374 ) ;
#2248 = ORIENTED_EDGE ( 'NONE', *, *, #4028, .T. ) ;
#2249 = VECTOR ( 'NONE', #4109, 1000.000000000000000 ) ;
#2250 = SURFACE_STYLE_USAGE ( .BOTH. , #204 ) ;
#2251 = LINE ( 'NONE', #3322, #3823 ) ;
#2252 = PRESENTATION_STYLE_ASSIGNMENT (( #831 ) ) ;
#2253 = CARTESIAN_POINT ( 'NONE',  ( 13.39999999999999858, 5.387500000000001066, 5.550461735799477658 ) ) ;
#2254 = VERTEX_POINT ( 'NONE', #3406 ) ;
#2255 = VERTEX_POINT ( 'NONE', #2388 ) ;
#2256 = CARTESIAN_POINT ( 'NONE',  ( -5.840411229460641174, 5.668795175475212389, 14.10000000000000142 ) ) ;
#2257 = CARTESIAN_POINT ( 'NONE',  ( -5.840411229460641174, 7.406204824524791341, 14.10000000000000320 ) ) ;
#2258 = DIRECTION ( 'NONE',  ( -0.000000000000000000, 1.000000000000000000, -0.000000000000000000 ) ) ;
#2259 =( NAMED_UNIT ( * ) SI_UNIT ( $, .STERADIAN. ) SOLID_ANGLE_UNIT ( ) );
#2260 = CARTESIAN_POINT ( 'NONE',  ( 13.39999999999999858, 6.387500000000001066, 5.550461735799477658 ) ) ;
#2261 = LINE ( 'NONE', #3649, #1522 ) ;
#2262 = UNCERTAINTY_MEASURE_WITH_UNIT (LENGTH_MEASURE( 1.000000000000000082E-05 ), #1222, 'distance_accuracy_value', 'NONE');
#2263 = CARTESIAN_POINT ( 'NONE',  ( 0.000000000000000000, 10.00000000000000000, 13.40000000000000036 ) ) ;
#2264 = EDGE_CURVE ( 'NONE', #3752, #3102, #711, .T. ) ;
#2265 = CARTESIAN_POINT ( 'NONE',  ( -12.53396428571428700, 0.6999999999999999556, -1.288308691439584264 ) ) ;
#2266 = VECTOR ( 'NONE', #1679, 1000.000000000000000 ) ;
#2267 = CARTESIAN_POINT ( 'NONE',  ( 0.9806196540244083160, -0.2294871794871790327, 13.36407067828291062 ) ) ;
#2268 = EDGE_CURVE ( 'NONE', #3255, #4081, #3942, .T. ) ;
#2269 = VERTEX_POINT ( 'NONE', #688 ) ;
#2270 = CARTESIAN_POINT ( 'NONE',  ( 5.550461735799471441, 8.437500000000000000, -13.40000000000000391 ) ) ;
#2271 = VECTOR ( 'NONE', #2530, 1000.000000000000000 ) ;
#2272 = CARTESIAN_POINT ( 'NONE',  ( -5.875951837458691429, 0.6999999999999999556, 10.55720291093416563 ) ) ;
#2273 = VERTEX_POINT ( 'NONE', #2086 ) ;
#2274 = SURFACE_STYLE_FILL_AREA ( #166 ) ;
#2275 = PRESENTATION_LAYER_ASSIGNMENT (  '', '', ( #3077 ) ) ;
#2276 = LINE ( 'NONE', #3709, #4194 ) ;
#2277 =( NAMED_UNIT ( * ) PLANE_ANGLE_UNIT ( ) SI_UNIT ( $, .RADIAN. ) );
#2278 = CARTESIAN_POINT ( 'NONE',  ( -14.10000000000000142, 8.281204824524790453, 5.840411229460642950 ) ) ;
#2279 = CARTESIAN_POINT ( 'NONE',  ( 13.29877818578986215, 0.7058092948717948900, -1.120171932037403506 ) ) ;
#2280 = ORIENTED_EDGE ( 'NONE', *, *, #1789, .T. ) ;
#2281 = CARTESIAN_POINT ( 'NONE',  ( -5.840411229460643838, 7.031204824524792230, -14.10000000000000320 ) ) ;
#2282 = CYLINDRICAL_SURFACE ( 'NONE', #139, 1.289999999999999591 ) ;
#2283 = CARTESIAN_POINT ( 'NONE',  ( -9.475230867899737675, 5.075000000000000178, 9.475230867899737675 ) ) ;
#2284 = VECTOR ( 'NONE', #460, 1000.000000000000000 ) ;
#2285 = FILL_AREA_STYLE_COLOUR ( '', #222 ) ;
#2286 = CIRCLE ( 'NONE', #3665, 13.40000000000000036 ) ;
#2287 = DIRECTION ( 'NONE',  ( 0.000000000000000000, -0.000000000000000000, 1.000000000000000000 ) ) ;
#2288 = CARTESIAN_POINT ( 'NONE',  ( -5.550461735799474106, 7.937500000000000888, 13.40000000000000036 ) ) ;
#2289 =( GEOMETRIC_REPRESENTATION_CONTEXT ( 3 ) GLOBAL_UNCERTAINTY_ASSIGNED_CONTEXT ( ( #1178 ) ) GLOBAL_UNIT_ASSIGNED_CONTEXT ( ( #3866, #347, #3160 ) ) REPRESENTATION_CONTEXT ( 'NONE', 'WORKASPACE' ) );
#2290 = SURFACE_STYLE_USAGE ( .BOTH. , #2918 ) ;
#2291 = ORIENTED_EDGE ( 'NONE', *, *, #3269, .F. ) ;
#2292 = VECTOR ( 'NONE', #1835, 1000.000000000000000 ) ;
#2293 = EDGE_CURVE ( 'NONE', #738, #976, #1333, .T. ) ;
#2294 = FACE_OUTER_BOUND ( 'NONE', #806, .T. ) ;
#2295 = PRESENTATION_LAYER_ASSIGNMENT (  '', '', ( #978 ) ) ;
#2296 = FACE_OUTER_BOUND ( 'NONE', #3404, .T. ) ;
#2297 = CARTESIAN_POINT ( 'NONE',  ( 5.550461735799483876, 6.262500000000001066, 13.39999999999999680 ) ) ;
#2298 = VECTOR ( 'NONE', #3532, 1000.000000000000000 ) ;
#2299 = LINE ( 'NONE', #499, #2889 ) ;
#2300 = EDGE_CURVE ( 'NONE', #4190, #874, #1182, .T. ) ;
#2301 = ORIENTED_EDGE ( 'NONE', *, *, #489, .F. ) ;
#2302 = CARTESIAN_POINT ( 'NONE',  ( -14.10000000000000320, 8.281204824524790453, 5.840411229460642950 ) ) ;
#2303 = DIRECTION ( 'NONE',  ( 0.000000000000000000, 0.000000000000000000, -1.000000000000000000 ) ) ;
#2304 = VECTOR ( 'NONE', #670, 1000.000000000000000 ) ;
#2305 = CARTESIAN_POINT ( 'NONE',  ( -1.641026710857453312E-15, 6.700000000000001066, -13.40000000000000036 ) ) ;
#2306 =( NAMED_UNIT ( * ) SI_UNIT ( $, .STERADIAN. ) SOLID_ANGLE_UNIT ( ) );
#2307 = UNCERTAINTY_MEASURE_WITH_UNIT (LENGTH_MEASURE( 1.000000000000000082E-05 ), #3856, 'distance_accuracy_value', 'NONE');
#2308 = B_SPLINE_CURVE_WITH_KNOTS ( 'NONE', 3,
 ( #1605, #2940, #3989, #2693, #3068, #988, #1287, #1364, #4479, #3801, #1026, #1631 ),
 .UNSPECIFIED., .F., .F.,
 ( 4, 2, 2, 2, 2, 4 ),
 ( 0.000000000000000000, 0.0001062266523888842434, 0.0002124533047777684867, 0.0004249066095555371360, 0.0006373599143333057854, 0.0008498132191110744889 ),
 .UNSPECIFIED. ) ;
#2309 = PRESENTATION_STYLE_ASSIGNMENT (( #488 ) ) ;
#2310 = FACE_BOUND ( 'NONE', #2083, .T. ) ;
#2311 = DIRECTION ( 'NONE',  ( 0.000000000000000000, -1.000000000000000000, 0.000000000000000000 ) ) ;
#2312 = ORIENTED_EDGE ( 'NONE', *, *, #2944, .T. ) ;
#2313 = CARTESIAN_POINT ( 'NONE',  ( 9.475230867899739451, 6.125000000000000888, 9.475230867899734122 ) ) ;
#2314 = ORIENTED_EDGE ( 'NONE', *, *, #703, .F. ) ;
#2315 = LINE ( 'NONE', #3363, #1702 ) ;
#2316 = PRESENTATION_STYLE_ASSIGNMENT (( #1895 ) ) ;
#2317 = DIRECTION ( 'NONE',  ( -0.4909038334306846663, 0.000000000000000000, 0.8712137661464370852 ) ) ;
#2318 = ADVANCED_FACE ( 'NONE', ( #4169 ), #1383, .F. ) ;
#2319 = SURFACE_STYLE_FILL_AREA ( #4418 ) ;
#2320 = CARTESIAN_POINT ( 'NONE',  ( -5.550461735799475882, 8.562500000000000000, -13.40000000000000036 ) ) ;
#2321 = CARTESIAN_POINT ( 'NONE',  ( 13.29877818578986215, -0.1387778966624326205, -0.6219122663534362161 ) ) ;
#2322 = CIRCLE ( 'NONE', #2767, 12.53065251170244032 ) ;
#2323 = ORIENTED_EDGE ( 'NONE', *, *, #4417, .F. ) ;
#2324 = CARTESIAN_POINT ( 'NONE',  ( -9.970205614730319965, 5.606295175475212389, 9.970205614730319965 ) ) ;
#2325 = LINE ( 'NONE', #3715, #37 ) ;
#2326 = PRESENTATION_STYLE_ASSIGNMENT (( #3997 ) ) ;
#2327 =( GEOMETRIC_REPRESENTATION_CONTEXT ( 3 ) GLOBAL_UNCERTAINTY_ASSIGNED_CONTEXT ( ( #1196 ) ) GLOBAL_UNIT_ASSIGNED_CONTEXT ( ( #2191, #1443, #395 ) ) REPRESENTATION_CONTEXT ( 'NONE', 'WORKASPACE' ) );
#2328 = CARTESIAN_POINT ( 'NONE',  ( -13.40000000000000036, 7.012500000000000178, 5.550461735799474106 ) ) ;
#2329 = EDGE_CURVE ( 'NONE', #3593, #3448, #3870, .T. ) ;
#2330 = CARTESIAN_POINT ( 'NONE',  ( -14.10000000000000320, 8.543795175475214165, 5.840411229460642950 ) ) ;
#2331 = CARTESIAN_POINT ( 'NONE',  ( 0.000000000000000000, 4.200000000000000178, 13.40000000000000036 ) ) ;
#2332 = CARTESIAN_POINT ( 'NONE',  ( 13.29877818578985682, 0.03328883061082911488, -0.8671714316984816540 ) ) ;
#2333 = CARTESIAN_POINT ( 'NONE',  ( -5.550461735799474994, 5.562500000000003553, -13.40000000000000036 ) ) ;
#2334 = AXIS2_PLACEMENT_3D ( 'NONE', #3242, #393, #59 ) ;
#2335 = VERTEX_POINT ( 'NONE', #880 ) ;
#2336 = DIRECTION ( 'NONE',  ( 0.000000000000000000, 1.000000000000000000, -0.000000000000000000 ) ) ;
#2337 = CARTESIAN_POINT ( 'NONE',  ( 0.000000000000000000, 10.00000000000000000, 0.000000000000000000 ) ) ;
#2338 = CARTESIAN_POINT ( 'NONE',  ( 14.09999999999999964, 6.981295175475212389, -2.590127980196652091E-15 ) ) ;
#2339 = CARTESIAN_POINT ( 'NONE',  ( 13.38414768492802231, 1.766390046959026572, 0.6516062829929536449 ) ) ;
#2340 = CARTESIAN_POINT ( 'NONE',  ( -5.840411229460643838, 7.031204824524792230, -14.10000000000000142 ) ) ;
#2341 = ORIENTED_EDGE ( 'NONE', *, *, #2832, .F. ) ;
#2342 = CARTESIAN_POINT ( 'NONE',  ( 13.29877818578986215, -0.2743589743589742724, 0.4054690936036221549 ) ) ;
#2343 = AXIS2_PLACEMENT_3D ( 'NONE', #484, #196, #1883 ) ;
#2344 = EDGE_CURVE ( 'NONE', #1376, #4113, #3325, .T. ) ;
#2345 = EDGE_LOOP ( 'NONE', ( #3603, #1119, #1682, #2224 ) ) ;
#2346 = CARTESIAN_POINT ( 'NONE',  ( 14.09999999999999964, 5.718704824524791341, -2.590127980196652091E-15 ) ) ;
#2347 = CARTESIAN_POINT ( 'NONE',  ( 0.000000000000000000, 8.334352412262395760, 13.75000000000000000 ) ) ;
#2348 = CARTESIAN_POINT ( 'NONE',  ( 13.29877818578986393, 1.071794871794872206, 0.1916269461677245767 ) ) ;
#2349 = FACE_OUTER_BOUND ( 'NONE', #25, .T. ) ;
#2350 = CARTESIAN_POINT ( 'NONE',  ( 14.09999999999999787, 8.043795175475210613, -5.840411229460648279 ) ) ;
#2351 = EDGE_CURVE ( 'NONE', #2008, #3448, #2299, .T. ) ;
#2352 = UNCERTAINTY_MEASURE_WITH_UNIT (LENGTH_MEASURE( 1.000000000000000082E-05 ), #4537, 'distance_accuracy_value', 'NONE');
#2353 = VERTEX_POINT ( 'NONE', #2279 ) ;
#2354 = SURFACE_STYLE_FILL_AREA ( #4140 ) ;
#2355 = AXIS2_PLACEMENT_3D ( 'NONE', #2575, #2890, #3226 ) ;
#2356 = CARTESIAN_POINT ( 'NONE',  ( -6.951848621070844558, 1.600000000000000311, -10.80714119227260817 ) ) ;
#2357 = VECTOR ( 'NONE', #2519, 1000.000000000000000 ) ;
#2358 = VECTOR ( 'NONE', #1069, 1000.000000000000000 ) ;
#2359 = PLANE ( 'NONE',  #1180 ) ;
#2360 = CARTESIAN_POINT ( 'NONE',  ( -13.40000000000000036, 7.812500000000001776, 5.550461735799474106 ) ) ;
#2361 = CARTESIAN_POINT ( 'NONE',  ( -0.7245085511037967496, -1.799999999999999600, 13.38039937219279985 ) ) ;
#2362 = ORIENTED_EDGE ( 'NONE', *, *, #1384, .T. ) ;
#2363 = DIRECTION ( 'NONE',  ( -0.000000000000000000, -1.000000000000000000, -0.000000000000000000 ) ) ;
#2364 = MECHANICAL_DESIGN_GEOMETRIC_PRESENTATION_REPRESENTATION (  '', ( #4036 ), #1112 ) ;
#2365 =( NAMED_UNIT ( * ) PLANE_ANGLE_UNIT ( ) SI_UNIT ( $, .RADIAN. ) );
#2366 = CARTESIAN_POINT ( 'NONE',  ( -9.970205614730319965, 6.606295175475212389, 9.970205614730319965 ) ) ;
#2367 = SURFACE_SIDE_STYLE ('',( #1680 ) ) ;
#2368 = CARTESIAN_POINT ( 'NONE',  ( 14.09999999999999787, 5.656204824524791341, 5.840411229460643838 ) ) ;
#2369 = EDGE_LOOP ( 'NONE', ( #3396, #960, #3379, #3146 ) ) ;
#2370 = AXIS2_PLACEMENT_3D ( 'NONE', #2337, #586, #1986 ) ;
#2371 = ORIENTED_EDGE ( 'NONE', *, *, #4307, .T. ) ;
#2372 = CARTESIAN_POINT ( 'NONE',  ( -1.726751986797767995E-15, 5.968704824524790453, -14.09999999999999964 ) ) ;
#2373 = SURFACE_STYLE_FILL_AREA ( #4423 ) ;
#2374 = CARTESIAN_POINT ( 'NONE',  ( -9.973682491052370480, 1.766390046959026572, -8.102355063046511319 ) ) ;
#2375 = CARTESIAN_POINT ( 'NONE',  ( -5.840411229460641174, 7.668795175475212389, 14.10000000000000320 ) ) ;
#2376 = EDGE_LOOP ( 'NONE', ( #2104, #1013, #4062, #3241 ) ) ;
#2377 = AXIS2_PLACEMENT_3D ( 'NONE', #1919, #3319, #4053 ) ;
#2378 = DIRECTION ( 'NONE',  ( -0.000000000000000000, -1.000000000000000000, -0.000000000000000000 ) ) ;
#2379 = LINE ( 'NONE', #2097, #4510 ) ;
#2380 = PRESENTATION_STYLE_ASSIGNMENT (( #1720 ) ) ;
#2381 = CARTESIAN_POINT ( 'NONE',  ( 13.29877818578986748, 0.1401164236597590707, -0.9587346994097827313 ) ) ;
#2382 = CARTESIAN_POINT ( 'NONE',  ( 13.29877818578986037, 0.9879234653943556044, -0.3415902213593820513 ) ) ;
#2383 = SURFACE_STYLE_FILL_AREA ( #4410 ) ;
#2384 = ORIENTED_EDGE ( 'NONE', *, *, #3601, .T. ) ;
#2385 = VECTOR ( 'NONE', #3430, 1000.000000000000000 ) ;
#2386 =( NAMED_UNIT ( * ) PLANE_ANGLE_UNIT ( ) SI_UNIT ( $, .RADIAN. ) );
#2387 = EDGE_CURVE ( 'NONE', #4347, #1735, #2632, .T. ) ;
#2388 = CARTESIAN_POINT ( 'NONE',  ( 0.000000000000000000, 8.731295175475212389, 14.09999999999999964 ) ) ;
#2389 = FILL_AREA_STYLE_COLOUR ( '', #802 ) ;
#2390 = SURFACE_STYLE_USAGE ( .BOTH. , #588 ) ;
#2391 = CARTESIAN_POINT ( 'NONE',  ( 14.09999999999999964, 4.718704824524791341, -2.590127980196652091E-15 ) ) ;
#2392 = ORIENTED_EDGE ( 'NONE', *, *, #2556, .T. ) ;
#2393 = DIRECTION ( 'NONE',  ( -1.000000000000000000, 0.000000000000000000, -0.000000000000000000 ) ) ;
#2394 = ORIENTED_EDGE ( 'NONE', *, *, #2620, .F. ) ;
#2395 = CARTESIAN_POINT ( 'NONE',  ( 13.40214012082287276, 1.464244991027819909, -0.7849884997877852877 ) ) ;
#2396 = DIRECTION ( 'NONE',  ( -0.000000000000000000, -1.000000000000000000, 0.000000000000000000 ) ) ;
#2397 = PRESENTATION_LAYER_ASSIGNMENT (  '', '', ( #1570 ) ) ;
#2398 = CARTESIAN_POINT ( 'NONE',  ( -9.970205614730319965, 5.356295175475213277, -9.970205614730319965 ) ) ;
#2399 = ORIENTED_EDGE ( 'NONE', *, *, #2701, .T. ) ;
#2400 = MECHANICAL_DESIGN_GEOMETRIC_PRESENTATION_REPRESENTATION (  '', ( #2986 ), #1004 ) ;
#2401 = FACE_OUTER_BOUND ( 'NONE', #1573, .T. ) ;
#2402 = CARTESIAN_POINT ( 'NONE',  ( 0.000000000000000000, -2.160025235603923566, 0.000000000000000000 ) ) ;
#2403 = CARTESIAN_POINT ( 'NONE',  ( 13.39232934043298684, 0.1401164236597590707, -0.9587346994097827313 ) ) ;
#2404 = EDGE_CURVE ( 'NONE', #2353, #947, #2483, .T. ) ;
#2405 = CARTESIAN_POINT ( 'NONE',  ( 13.29877818578986215, 1.005142645310143967, -1.082841631536087368 ) ) ;
#2406 = PRESENTATION_STYLE_ASSIGNMENT (( #707 ) ) ;
#2407 = CARTESIAN_POINT ( 'NONE',  ( 13.40103461748983804, 1.051675504853140319, -0.1638421155088778114 ) ) ;
#2408 = VERTEX_POINT ( 'NONE', #1901 ) ;
#2409 = CARTESIAN_POINT ( 'NONE',  ( -13.29877818578986215, 1.700000000000000178, 0.1177190332752888480 ) ) ;
#2410 = CARTESIAN_POINT ( 'NONE',  ( 13.29877818578986037, 1.071229492710954245, 0.1187064517434583688 ) ) ;
#2411 = ADVANCED_FACE ( 'NONE', ( #1295 ), #4443, .F. ) ;
#2412 = SURFACE_STYLE_USAGE ( .BOTH. , #1007 ) ;
#2413 = FILL_AREA_STYLE_COLOUR ( '', #398 ) ;
#2414 = CARTESIAN_POINT ( 'NONE',  ( -14.10000000000000142, 7.156204824524790453, -5.840411229460639397 ) ) ;
#2415 = ORIENTED_EDGE ( 'NONE', *, *, #4106, .T. ) ;
#2416 = SURFACE_STYLE_FILL_AREA ( #3785 ) ;
#2417 = ORIENTED_EDGE ( 'NONE', *, *, #2752, .T. ) ;
#2418 = CARTESIAN_POINT ( 'NONE',  ( 13.40214012082286921, 1.504567614949688048, -0.7321718335794040744 ) ) ;
#2419 = LINE ( 'NONE', #788, #4282 ) ;
#2420 = DIRECTION ( 'NONE',  ( -0.000000000000000000, -1.000000000000000000, -0.000000000000000000 ) ) ;
#2421 = VECTOR ( 'NONE', #1942, 1000.000000000000000 ) ;
#2422 = SURFACE_STYLE_USAGE ( .BOTH. , #3438 ) ;
#2423 = CARTESIAN_POINT ( 'NONE',  ( -5.840411229460643838, 7.293795175475213277, -14.10000000000000320 ) ) ;
#2424 = ORIENTED_EDGE ( 'NONE', *, *, #1971, .T. ) ;
#2425 = CARTESIAN_POINT ( 'NONE',  ( 13.36007176639287763, -1.799999999999999600, 1.033674221808750238 ) ) ;
#2426 = SURFACE_STYLE_USAGE ( .BOTH. , #4184 ) ;
#2427 = PRESENTATION_STYLE_ASSIGNMENT (( #2751 ) ) ;
#2428 = CARTESIAN_POINT ( 'NONE',  ( 13.29877818578986037, -0.1735429653926041371, -0.5480328881603317992 ) ) ;
#2429 = CARTESIAN_POINT ( 'NONE',  ( -3.367574150264197819, 3.237935071945527543, 14.09999999999999964 ) ) ;
#2430 =( GEOMETRIC_REPRESENTATION_CONTEXT ( 3 ) GLOBAL_UNCERTAINTY_ASSIGNED_CONTEXT ( ( #3986 ) ) GLOBAL_UNIT_ASSIGNED_CONTEXT ( ( #3819, #1340, #1045 ) ) REPRESENTATION_CONTEXT ( 'NONE', 'WORKASPACE' ) );
#2431 = CARTESIAN_POINT ( 'NONE',  ( 13.29877818578986393, 0.8702147816037983930, -0.4538569313947775075 ) ) ;
#2432 = ORIENTED_EDGE ( 'NONE', *, *, #200, .T. ) ;
#2433 = DIRECTION ( 'NONE',  ( 0.000000000000000000, 0.000000000000000000, 1.000000000000000000 ) ) ;
#2434 = CARTESIAN_POINT ( 'NONE',  ( 13.29877818578986570, 1.015071515804169211, -0.2912154841930625904 ) ) ;
#2435 = VECTOR ( 'NONE', #4210, 1000.000000000000000 ) ;
#2436 = PLANE ( 'NONE',  #1779 ) ;
#2437 = CARTESIAN_POINT ( 'NONE',  ( 13.39999999999999680, 6.312500000000000000, -5.550461735799482099 ) ) ;
#2438 = ORIENTED_EDGE ( 'NONE', *, *, #903, .T. ) ;
#2439 = MECHANICAL_DESIGN_GEOMETRIC_PRESENTATION_REPRESENTATION (  '', ( #3088 ), #2521 ) ;
#2440 = ORIENTED_EDGE ( 'NONE', *, *, #2056, .F. ) ;
#2441 = SURFACE_STYLE_USAGE ( .BOTH. , #3079 ) ;
#2442 = COLOUR_RGB ( '',0.2941176470588235392, 0.2745098039215686514, 1.000000000000000000 ) ;
#2443 = CARTESIAN_POINT ( 'NONE',  ( -9.970205614730319965, 5.343704824524790453, 9.970205614730319965 ) ) ;
#2444 = SURFACE_SIDE_STYLE ('',( #1015 ) ) ;
#2445 = LINE ( 'NONE', #1417, #370 ) ;
#2446 = PLANE ( 'NONE',  #977 ) ;
#2447 =( GEOMETRIC_REPRESENTATION_CONTEXT ( 3 ) GLOBAL_UNCERTAINTY_ASSIGNED_CONTEXT ( ( #2551 ) ) GLOBAL_UNIT_ASSIGNED_CONTEXT ( ( #1303, #2068, #4180 ) ) REPRESENTATION_CONTEXT ( 'NONE', 'WORKASPACE' ) );
#2448 = CARTESIAN_POINT ( 'NONE',  ( 9.970205614730321741, 4.856295175475212389, 9.970205614730318189 ) ) ;
#2449 = EDGE_CURVE ( 'NONE', #1227, #2408, #3321, .T. ) ;
#2450 = ORIENTED_EDGE ( 'NONE', *, *, #2449, .T. ) ;
#2451 =( GEOMETRIC_REPRESENTATION_CONTEXT ( 3 ) GLOBAL_UNCERTAINTY_ASSIGNED_CONTEXT ( ( #552 ) ) GLOBAL_UNIT_ASSIGNED_CONTEXT ( ( #1281, #3772, #1021 ) ) REPRESENTATION_CONTEXT ( 'NONE', 'WORKASPACE' ) );
#2452 = AXIS2_PLACEMENT_3D ( 'NONE', #640, #4504, #274 ) ;
#2453 = DIRECTION ( 'NONE',  ( 0.000000000000000000, 0.000000000000000000, 1.000000000000000000 ) ) ;
#2454 = CARTESIAN_POINT ( 'NONE',  ( -0.09630342289866861138, -1.800000000000000044, 13.29790144351676950 ) ) ;
#2455 =( LENGTH_UNIT ( ) NAMED_UNIT ( * ) SI_UNIT ( .MILLI., .METRE. ) );
#2456 = DIRECTION ( 'NONE',  ( 0.000000000000000000, 1.000000000000000000, 0.000000000000000000 ) ) ;
#2457 = MECHANICAL_DESIGN_GEOMETRIC_PRESENTATION_REPRESENTATION (  '', ( #4204 ), #306 ) ;
#2458 = LINE ( 'NONE', #1404, #1397 ) ;
#2459 = SURFACE_SIDE_STYLE ('',( #373 ) ) ;
#2460 =( NAMED_UNIT ( * ) SI_UNIT ( $, .STERADIAN. ) SOLID_ANGLE_UNIT ( ) );
#2461 = VERTEX_POINT ( 'NONE', #212 ) ;
#2462 = LINE ( 'NONE', #2409, #86 ) ;
#2463 =( NAMED_UNIT ( * ) PLANE_ANGLE_UNIT ( ) SI_UNIT ( $, .RADIAN. ) );
#2464 = APPLICATION_CONTEXT ( 'automotive_design' ) ;
#2465 = CARTESIAN_POINT ( 'NONE',  ( -13.40000000000000036, 5.687500000000003553, -5.550461735799474106 ) ) ;
#2466 = VERTEX_POINT ( 'NONE', #2342 ) ;
#2467 = DIRECTION ( 'NONE',  ( 0.000000000000000000, 1.000000000000000000, -0.000000000000000000 ) ) ;
#2468 = EDGE_CURVE ( 'NONE', #185, #3829, #1342, .T. ) ;
#2469 = CARTESIAN_POINT ( 'NONE',  ( 13.40214012082287098, 1.261929886947140256, -0.9653505588420876471 ) ) ;
#2470 = SURFACE_STYLE_FILL_AREA ( #741 ) ;
#2471 = PLANE ( 'NONE',  #3092 ) ;
#2472 = PRESENTATION_STYLE_ASSIGNMENT (( #363 ) ) ;
#2473 = SURFACE_STYLE_FILL_AREA ( #721 ) ;
#2474 = ADVANCED_FACE ( 'NONE', ( #3828 ), #967, .T. ) ;
#2475 = MECHANICAL_DESIGN_GEOMETRIC_PRESENTATION_REPRESENTATION (  '', ( #325 ), #3048 ) ;
#2476 = ORIENTED_EDGE ( 'NONE', *, *, #2673, .F. ) ;
#2477 =( NAMED_UNIT ( * ) PLANE_ANGLE_UNIT ( ) SI_UNIT ( $, .RADIAN. ) );
#2478 = FACE_BOUND ( 'NONE', #358, .T. ) ;
#2479 = CARTESIAN_POINT ( 'NONE',  ( 13.37586399364644940, 1.457625971500852602, -0.8167173772772075013 ) ) ;
#2480 =( NAMED_UNIT ( * ) PLANE_ANGLE_UNIT ( ) SI_UNIT ( $, .RADIAN. ) );
#2481 = EDGE_CURVE ( 'NONE', #2828, #70, #1659, .T. ) ;
#2482 = CARTESIAN_POINT ( 'NONE',  ( -7.121753946748072828, 3.237935071945527543, 14.09999999999999964 ) ) ;
#2483 = B_SPLINE_CURVE_WITH_KNOTS ( 'NONE', 3,
 ( #3387, #4375, #2989, #928, #3691, #1225, #190, #3664, #3734, #3032, #4420, #946, #4016, #1206, #568, #2321, #1637, #2652, #2719 ),
 .UNSPECIFIED., .F., .F.,
 ( 4, 1, 1, 1, 1, 1, 1, 1, 1, 1, 1, 1, 1, 1, 1, 1, 4 ),
 ( 0.000000000000000000, 0.06874126307936560820, 0.1347890881950341846, 0.1985360495606905973, 0.2603856506059203935, 0.3209615782321963429, 0.3799038495841488006, 0.4385029357752678325, 0.4961543439762688967, 0.5542654832084994432, 0.6127487608156945154, 0.6725134425261788396, 0.7336464018979735879, 0.7967896194814542143, 0.8619356990410245167, 0.9293977347748985096, 1.000000000000000000 ),
 .UNSPECIFIED. ) ;
#2484 = PRESENTATION_STYLE_ASSIGNMENT (( #1089 ) ) ;
#2485 = FILL_AREA_STYLE ('',( #2146 ) ) ;
#2486 = FACE_OUTER_BOUND ( 'NONE', #1705, .T. ) ;
#2487 = LINE ( 'NONE', #731, #592 ) ;
#2488 = ORIENTED_EDGE ( 'NONE', *, *, #2468, .T. ) ;
#2489 = DIRECTION ( 'NONE',  ( 0.000000000000000000, -0.000000000000000000, 1.000000000000000000 ) ) ;
#2490 = DIRECTION ( 'NONE',  ( -0.005571928702579169619, 0.000000000000000000, 0.9999844766847800770 ) ) ;
#2491 = EDGE_CURVE ( 'NONE', #3727, #3985, #3434, .T. ) ;
#2492 =( LENGTH_UNIT ( ) NAMED_UNIT ( * ) SI_UNIT ( .MILLI., .METRE. ) );
#2493 = LINE ( 'NONE', #3873, #4188 ) ;
#2494 = VERTEX_POINT ( 'NONE', #4174 ) ;
#2495 = CARTESIAN_POINT ( 'NONE',  ( 13.29877818578986037, 0.9339448942567658563, -1.099440961670263173 ) ) ;
#2496 = CARTESIAN_POINT ( 'NONE',  ( 13.40214012082287276, 1.139203165526752715, -1.033713779362037233 ) ) ;
#2497 = CARTESIAN_POINT ( 'NONE',  ( 0.000000000000000000, 8.865647587737605306, 13.75000000000000000 ) ) ;
#2498 =( LENGTH_UNIT ( ) NAMED_UNIT ( * ) SI_UNIT ( .MILLI., .METRE. ) );
#2499 = MECHANICAL_DESIGN_GEOMETRIC_PRESENTATION_REPRESENTATION (  '', ( #3500 ), #3426 ) ;
#2500 = LINE ( 'NONE', #3881, #4406 ) ;
#2501 = ORIENTED_EDGE ( 'NONE', *, *, #1011, .F. ) ;
#2502 = VECTOR ( 'NONE', #608, 1000.000000000000000 ) ;
#2503 = CARTESIAN_POINT ( 'NONE',  ( 14.09999999999999787, 7.043795175475213277, -5.840411229460648279 ) ) ;
#2504 = CARTESIAN_POINT ( 'NONE',  ( 13.35309757482044191, 0.7058092948717948900, -1.120171932037403506 ) ) ;
#2505 = CARTESIAN_POINT ( 'NONE',  ( -5.840411229460643838, 6.031204824524792230, -14.10000000000000320 ) ) ;
#2506 = EDGE_CURVE ( 'NONE', #3326, #331, #4487, .T. ) ;
#2507 = SURFACE_SIDE_STYLE ('',( #2100 ) ) ;
#2508 = DIRECTION ( 'NONE',  ( -0.000000000000000000, -1.000000000000000000, 0.000000000000000000 ) ) ;
#2509 = CARTESIAN_POINT ( 'NONE',  ( 13.29877818578855475, 0.3741410469246344017, -0.1512001847746313188 ) ) ;
#2510 = LINE ( 'NONE', #3311, #4001 ) ;
#2511 =( NAMED_UNIT ( * ) PLANE_ANGLE_UNIT ( ) SI_UNIT ( $, .RADIAN. ) );
#2512 = DIRECTION ( 'NONE',  ( -0.000000000000000000, -1.000000000000000000, -0.000000000000000000 ) ) ;
#2513 = CARTESIAN_POINT ( 'NONE',  ( -13.40000000000000036, 7.812500000000001776, 5.550461735799474994 ) ) ;
#2514 = ORIENTED_EDGE ( 'NONE', *, *, #1925, .T. ) ;
#2515 =( NAMED_UNIT ( * ) SI_UNIT ( $, .STERADIAN. ) SOLID_ANGLE_UNIT ( ) );
#2516 = VECTOR ( 'NONE', #4424, 1000.000000000000000 ) ;
#2517 = AXIS2_PLACEMENT_3D ( 'NONE', #3789, #2020, #972 ) ;
#2518 = CARTESIAN_POINT ( 'NONE',  ( 13.39386407330357720, 0.3538461538461542544, 0.4054690936036221549 ) ) ;
#2519 = DIRECTION ( 'NONE',  ( -1.000000000000000000, -0.000000000000000000, -0.000000000000000000 ) ) ;
#2520 = CARTESIAN_POINT ( 'NONE',  ( 5.840411229460650056, 4.793795175475214165, 14.09999999999999787 ) ) ;
#2521 =( GEOMETRIC_REPRESENTATION_CONTEXT ( 3 ) GLOBAL_UNCERTAINTY_ASSIGNED_CONTEXT ( ( #682 ) ) GLOBAL_UNIT_ASSIGNED_CONTEXT ( ( #71, #4291, #2227 ) ) REPRESENTATION_CONTEXT ( 'NONE', 'WORKASPACE' ) );
#2522 = ORIENTED_EDGE ( 'NONE', *, *, #3295, .F. ) ;
#2523 = STYLED_ITEM ( 'NONE', ( #4029 ), #7 ) ;
#2524 = SURFACE_STYLE_FILL_AREA ( #2115 ) ;
#2525 = CARTESIAN_POINT ( 'NONE',  ( 5.840411229460650056, 7.793795175475212389, 14.09999999999999787 ) ) ;
#2526 = CARTESIAN_POINT ( 'NONE',  ( 13.35309757482044191, 0.7058092948717948900, -1.120171932037403506 ) ) ;
#2527 = CARTESIAN_POINT ( 'NONE',  ( 13.36173222399292904, 0.2182476968000390261, -1.013680110399601819 ) ) ;
#2528 = AXIS2_PLACEMENT_3D ( 'NONE', #2750, #2074, #1510 ) ;
#2529 = CARTESIAN_POINT ( 'NONE',  ( -9.970205614730319965, 5.093704824524791341, -9.970205614730319965 ) ) ;
#2530 = DIRECTION ( 'NONE',  ( 0.000000000000000000, 1.000000000000000000, 0.000000000000000000 ) ) ;
#2531 = CARTESIAN_POINT ( 'NONE',  ( 13.40129048890766761, 0.4359593604985664284, -0.3512098482858209136 ) ) ;
#2532 = DIRECTION ( 'NONE',  ( 0.000000000000000000, 0.000000000000000000, 1.000000000000000000 ) ) ;
#2533 = COLOUR_RGB ( '',0.2941176470588235392, 0.2745098039215686514, 1.000000000000000000 ) ;
#2534 = STYLED_ITEM ( 'NONE', ( #3574 ), #349 ) ;
#2535 = ORIENTED_EDGE ( 'NONE', *, *, #703, .T. ) ;
#2536 = UNCERTAINTY_MEASURE_WITH_UNIT (LENGTH_MEASURE( 1.000000000000000082E-05 ), #1601, 'distance_accuracy_value', 'NONE');
#2537 = LINE ( 'NONE', #1850, #2078 ) ;
#2538 =( GEOMETRIC_REPRESENTATION_CONTEXT ( 3 ) GLOBAL_UNCERTAINTY_ASSIGNED_CONTEXT ( ( #1555 ) ) GLOBAL_UNIT_ASSIGNED_CONTEXT ( ( #1012, #647, #2038 ) ) REPRESENTATION_CONTEXT ( 'NONE', 'WORKASPACE' ) );
#2539 = CARTESIAN_POINT ( 'NONE',  ( 5.550461735799483876, 8.062500000000000000, 13.39999999999999680 ) ) ;
#2540 = ORIENTED_EDGE ( 'NONE', *, *, #1436, .F. ) ;
#2541 = EDGE_CURVE ( 'NONE', #2008, #2273, #1369, .T. ) ;
#2542 = CARTESIAN_POINT ( 'NONE',  ( 13.29877818578986393, 1.572015463253193301, -0.6167759037644222619 ) ) ;
#2543 = DIRECTION ( 'NONE',  ( 0.000000000000000000, 0.000000000000000000, -1.000000000000000000 ) ) ;
#2544 = CARTESIAN_POINT ( 'NONE',  ( 13.29877818578986215, 0.3741410469246344017, -0.1512001847746313188 ) ) ;
#2545 = FILL_AREA_STYLE ('',( #78 ) ) ;
#2546 = ORIENTED_EDGE ( 'NONE', *, *, #2153, .T. ) ;
#2547 = CARTESIAN_POINT ( 'NONE',  ( -14.10000000000000320, 7.418795175475211501, -5.840411229460639397 ) ) ;
#2548 = CARTESIAN_POINT ( 'NONE',  ( 13.37506491809356390, -0.01402236382275714836, -0.8213338370525573584 ) ) ;
#2549 = CARTESIAN_POINT ( 'NONE',  ( -5.840411229460643838, 7.031204824524792230, -14.10000000000000320 ) ) ;
#2550 =( LENGTH_UNIT ( ) NAMED_UNIT ( * ) SI_UNIT ( .MILLI., .METRE. ) );
#2551 = UNCERTAINTY_MEASURE_WITH_UNIT (LENGTH_MEASURE( 1.000000000000000082E-05 ), #1303, 'distance_accuracy_value', 'NONE');
#2552 = FILL_AREA_STYLE_COLOUR ( '', #3230 ) ;
#2553 =( LENGTH_UNIT ( ) NAMED_UNIT ( * ) SI_UNIT ( .MILLI., .METRE. ) );
#2554 = AXIS2_PLACEMENT_3D ( 'NONE', #245, #1377, #1356 ) ;
#2555 = CARTESIAN_POINT ( 'NONE',  ( 13.39966896702964405, 1.071231492093807303, 0.1189643247181395858 ) ) ;
#2556 = EDGE_CURVE ( 'NONE', #80, #113, #1712, .T. ) ;
#2557 = PRESENTATION_LAYER_ASSIGNMENT (  '', '', ( #3782 ) ) ;
#2558 = ORIENTED_EDGE ( 'NONE', *, *, #1571, .F. ) ;
#2559 = LINE ( 'NONE', #1871, #2149 ) ;
#2560 = CIRCLE ( 'NONE', #2772, 1.289999999999904112 ) ;
#2561 = CARTESIAN_POINT ( 'NONE',  ( 0.000000000000000000, 1.600000000000000755, 0.000000000000000000 ) ) ;
#2562 = EDGE_LOOP ( 'NONE', ( #860, #2291, #4182, #1676 ) ) ;
#2563 = PRESENTATION_STYLE_ASSIGNMENT (( #4223 ) ) ;
#2564 = EDGE_CURVE ( 'NONE', #1040, #1890, #3686, .T. ) ;
#2565 = DIRECTION ( 'NONE',  ( 0.000000000000000000, 1.000000000000000000, 0.000000000000000000 ) ) ;
#2566 = CARTESIAN_POINT ( 'NONE',  ( -0.7245085511037967496, 10.00000000000000000, 13.38039937219279985 ) ) ;
#2567 = CARTESIAN_POINT ( 'NONE',  ( -5.875951837458691429, -1.300000000000000044, 10.55720291093416563 ) ) ;
#2568 = ORIENTED_EDGE ( 'NONE', *, *, #2939, .F. ) ;
#2569 = COLOUR_RGB ( '',0.2941176470588235392, 0.2745098039215686514, 1.000000000000000000 ) ;
#2570 = SURFACE_SIDE_STYLE ('',( #3198 ) ) ;
#2571 = FILL_AREA_STYLE_COLOUR ( '', #296 ) ;
#2572 = DIRECTION ( 'NONE',  ( 0.000000000000000000, -0.8923808708064828732, -0.4512830391435769251 ) ) ;
#2573 = CARTESIAN_POINT ( 'NONE',  ( -14.10000000000000320, 5.156204824524790453, -5.840411229460639397 ) ) ;
#2574 = FACE_OUTER_BOUND ( 'NONE', #945, .T. ) ;
#2575 = CARTESIAN_POINT ( 'NONE',  ( 13.29877818578986215, -1.800000000000000044, 0.4054690936036221549 ) ) ;
#2576 = FACE_OUTER_BOUND ( 'NONE', #1158, .T. ) ;
#2577 = EDGE_LOOP ( 'NONE', ( #326, #1852, #4318, #4008 ) ) ;
#2578 = DIRECTION ( 'NONE',  ( 0.8712137661464369742, -0.000000000000000000, 0.4909038334306846108 ) ) ;
#2579 = SURFACE_STYLE_FILL_AREA ( #4031 ) ;
#2580 = EDGE_LOOP ( 'NONE', ( #4385, #2568, #3233, #4196 ) ) ;
#2581 = CARTESIAN_POINT ( 'NONE',  ( 13.29877818578985682, 1.694286888894270593, 0.02608654467927253029 ) ) ;
#2582 = PRESENTATION_STYLE_ASSIGNMENT (( #830 ) ) ;
#2583 =( NAMED_UNIT ( * ) SI_UNIT ( $, .STERADIAN. ) SOLID_ANGLE_UNIT ( ) );
#2584 = CARTESIAN_POINT ( 'NONE',  ( 13.39999999999999858, 6.387500000000001066, 5.550461735799477658 ) ) ;
#2585 = CIRCLE ( 'NONE', #4261, 1.289999999999904112 ) ;
#2586 = VECTOR ( 'NONE', #779, 1000.000000000000000 ) ;
#2587 = ORIENTED_EDGE ( 'NONE', *, *, #3407, .T. ) ;
#2588 = CARTESIAN_POINT ( 'NONE',  ( -14.10000000000000142, 7.418795175475211501, -5.840411229460639397 ) ) ;
#2589 = CARTESIAN_POINT ( 'NONE',  ( -14.10000000000000320, 6.281204824524792230, 5.840411229460642950 ) ) ;
#2590 = FACE_BOUND ( 'NONE', #3713, .T. ) ;
#2591 = DIRECTION ( 'NONE',  ( 0.000000000000000000, -1.000000000000000000, 0.000000000000000000 ) ) ;
#2592 = CARTESIAN_POINT ( 'NONE',  ( 5.550461735799471441, 4.637500000000001066, -13.40000000000000391 ) ) ;
#2593 = AXIS2_PLACEMENT_3D ( 'NONE', #2561, #2626, #1478 ) ;
#2594 = ADVANCED_FACE ( 'NONE', ( #332 ), #3124, .T. ) ;
#2595 = PLANE ( 'NONE',  #3509 ) ;
#2596 = UNCERTAINTY_MEASURE_WITH_UNIT (LENGTH_MEASURE( 1.000000000000000082E-05 ), #792, 'distance_accuracy_value', 'NONE');
#2597 = STYLED_ITEM ( 'NONE', ( #2406 ), #57 ) ;
#2598 = VERTEX_POINT ( 'NONE', #1885 ) ;
#2599 = CARTESIAN_POINT ( 'NONE',  ( 13.29877818578855475, 0.5848510186455659898, -0.4733281489065485070 ) ) ;
#2600 = CARTESIAN_POINT ( 'NONE',  ( 12.58291269623122055, 1.766390046959026572, 4.607635844880021203 ) ) ;
#2601 = DIRECTION ( 'NONE',  ( -1.000000000000000000, 0.000000000000000000, -0.000000000000000000 ) ) ;
#2602 = SURFACE_SIDE_STYLE ('',( #4005 ) ) ;
#2603 = AXIS2_PLACEMENT_3D ( 'NONE', #1235, #868, #534 ) ;
#2604 = ORIENTED_EDGE ( 'NONE', *, *, #2125, .T. ) ;
#2605 = COLOUR_RGB ( '',0.2941176470588235392, 0.2745098039215686514, 1.000000000000000000 ) ;
#2606 = VECTOR ( 'NONE', #4232, 1000.000000000000000 ) ;
#2607 = CARTESIAN_POINT ( 'NONE',  ( 13.29877818578986215, -0.2743589743589742724, 0.1923280679625963552 ) ) ;
#2608 =( LENGTH_UNIT ( ) NAMED_UNIT ( * ) SI_UNIT ( .MILLI., .METRE. ) );
#2609 = ORIENTED_EDGE ( 'NONE', *, *, #1384, .F. ) ;
#2610 = CARTESIAN_POINT ( 'NONE',  ( 13.40000000000000036, 6.450000000000001066, -2.461540066286179870E-15 ) ) ;
#2611 = EDGE_CURVE ( 'NONE', #1150, #1025, #532, .T. ) ;
#2612 = ORIENTED_EDGE ( 'NONE', *, *, #1978, .F. ) ;
#2613 = CARTESIAN_POINT ( 'NONE',  ( 9.970205614730321741, 5.856295175475212389, 9.970205614730318189 ) ) ;
#2614 = CARTESIAN_POINT ( 'NONE',  ( 14.09999999999999964, 5.981295175475212389, -2.590127980196652091E-15 ) ) ;
#2615 = CARTESIAN_POINT ( 'NONE',  ( 0.000000000000000000, 1.600000000000000311, 0.000000000000000000 ) ) ;
#2616 =( NAMED_UNIT ( * ) PLANE_ANGLE_UNIT ( ) SI_UNIT ( $, .RADIAN. ) );
#2617 = STYLED_ITEM ( 'NONE', ( #236 ), #728 ) ;
#2618 = CARTESIAN_POINT ( 'NONE',  ( -5.550461735799474106, 6.137500000000001066, 13.40000000000000036 ) ) ;
#2619 = CARTESIAN_POINT ( 'NONE',  ( -13.29877818578986215, 1.700000000000000178, -0.5104860949298393180 ) ) ;
#2620 = EDGE_CURVE ( 'NONE', #339, #4486, #117, .T. ) ;
#2621 = CARTESIAN_POINT ( 'NONE',  ( 13.39859972363535334, -1.291734519261081626, -0.3219702313904920232 ) ) ;
#2622 =( NAMED_UNIT ( * ) PLANE_ANGLE_UNIT ( ) SI_UNIT ( $, .RADIAN. ) );
#2623 = PLANE ( 'NONE',  #599 ) ;
#2624 = CARTESIAN_POINT ( 'NONE',  ( -13.40000000000000036, 8.687500000000000000, -5.550461735799473217 ) ) ;
#2625 = PRESENTATION_LAYER_ASSIGNMENT (  '', '', ( #1360 ) ) ;
#2626 = DIRECTION ( 'NONE',  ( 0.000000000000000000, 1.000000000000000000, 0.000000000000000000 ) ) ;
#2627 = VERTEX_POINT ( 'NONE', #383 ) ;
#2628 = SURFACE_STYLE_FILL_AREA ( #186 ) ;
#2629 = PRESENTATION_LAYER_ASSIGNMENT (  '', '', ( #4231 ) ) ;
#2630 = SURFACE_SIDE_STYLE ('',( #1184 ) ) ;
#2631 = LINE ( 'NONE', #521, #1839 ) ;
#2632 = LINE ( 'NONE', #4082, #2073 ) ;
#2633 = ORIENTED_EDGE ( 'NONE', *, *, #494, .F. ) ;
#2634 = CARTESIAN_POINT ( 'NONE',  ( -9.970205614730319965, 7.093704824524791341, -9.970205614730319965 ) ) ;
#2635 = CARTESIAN_POINT ( 'NONE',  ( 13.29877818578986215, -1.800000000000000044, -1.277223214088685666 ) ) ;
#2636 = CARTESIAN_POINT ( 'NONE',  ( 9.475230867899739451, 7.325000000000001066, 9.475230867899734122 ) ) ;
#2637 = SURFACE_SIDE_STYLE ('',( #130 ) ) ;
#2638 = UNCERTAINTY_MEASURE_WITH_UNIT (LENGTH_MEASURE( 1.000000000000000082E-05 ), #2710, 'distance_accuracy_value', 'NONE');
#2639 = DIRECTION ( 'NONE',  ( 1.000000000000000000, -1.099124939299452348E-12, 3.901262727489778447E-15 ) ) ;
#2640 = EDGE_CURVE ( 'NONE', #3432, #2762, #1827, .T. ) ;
#2641 =( GEOMETRIC_REPRESENTATION_CONTEXT ( 3 ) GLOBAL_UNCERTAINTY_ASSIGNED_CONTEXT ( ( #845 ) ) GLOBAL_UNIT_ASSIGNED_CONTEXT ( ( #736, #1344, #1785 ) ) REPRESENTATION_CONTEXT ( 'NONE', 'WORKASPACE' ) );
#2642 = PRESENTATION_STYLE_ASSIGNMENT (( #1215 ) ) ;
#2643 = DIRECTION ( 'NONE',  ( 0.000000000000000000, 1.000000000000000000, -0.000000000000000000 ) ) ;
#2644 = CARTESIAN_POINT ( 'NONE',  ( -9.475230867899737675, 8.625000000000000000, -9.475230867899735898 ) ) ;
#2645 = AXIS2_PLACEMENT_3D ( 'NONE', #3289, #133, #511 ) ;
#2646 = LINE ( 'NONE', #2272, #2952 ) ;
#2647 = ORIENTED_EDGE ( 'NONE', *, *, #2970, .T. ) ;
#2648 = CARTESIAN_POINT ( 'NONE',  ( 0.000000000000000000, 8.200000000000001066, 13.40000000000000036 ) ) ;
#2649 = AXIS2_PLACEMENT_3D ( 'NONE', #1576, #110, #3266 ) ;
#2650 = DIRECTION ( 'NONE',  ( 0.000000000000000000, 1.000000000000000000, -0.000000000000000000 ) ) ;
#2651 = CARTESIAN_POINT ( 'NONE',  ( -7.490708688590949293, 3.218914651395904158, -11.11077330084040860 ) ) ;
#2652 = CARTESIAN_POINT ( 'NONE',  ( 13.29877818578986393, -0.1929303691669448650, -0.4960920265535260221 ) ) ;
#2653 = STYLED_ITEM ( 'NONE', ( #3698 ), #94 ) ;
#2654 = ORIENTED_EDGE ( 'NONE', *, *, #2812, .F. ) ;
#2655 = CARTESIAN_POINT ( 'NONE',  ( 5.840411229460637621, 7.906204824524790453, -14.10000000000000497 ) ) ;
#2656 = SURFACE_STYLE_USAGE ( .BOTH. , #4353 ) ;
#2657 = SURFACE_STYLE_USAGE ( .BOTH. , #42 ) ;
#2658 = CARTESIAN_POINT ( 'NONE',  ( -13.40000000000000036, 7.887500000000000178, -5.550461735799473217 ) ) ;
#2659 = DIRECTION ( 'NONE',  ( 0.000000000000000000, 1.000000000000000000, -0.000000000000000000 ) ) ;
#2660 =( GEOMETRIC_REPRESENTATION_CONTEXT ( 3 ) GLOBAL_UNCERTAINTY_ASSIGNED_CONTEXT ( ( #3157 ) ) GLOBAL_UNIT_ASSIGNED_CONTEXT ( ( #3264, #2616, #2259 ) ) REPRESENTATION_CONTEXT ( 'NONE', 'WORKASPACE' ) );
#2661 = CARTESIAN_POINT ( 'NONE',  ( -0.09630342289866861138, -0.2294871794871792547, 13.29790144351676950 ) ) ;
#2662 = VECTOR ( 'NONE', #1562, 1000.000000000000000 ) ;
#2663 = ADVANCED_FACE ( 'NONE', ( #1078 ), #3211, .T. ) ;
#2664 = VECTOR ( 'NONE', #76, 1000.000000000000000 ) ;
#2665 = SURFACE_SIDE_STYLE ('',( #1239 ) ) ;
#2666 = CARTESIAN_POINT ( 'NONE',  ( 13.39999999999999858, 6.187500000000002665, 5.550461735799477658 ) ) ;
#2667 = FACE_OUTER_BOUND ( 'NONE', #4456, .T. ) ;
#2668 = ORIENTED_EDGE ( 'NONE', *, *, #1011, .T. ) ;
#2669 = VECTOR ( 'NONE', #1020, 1000.000000000000000 ) ;
#2670 =( NAMED_UNIT ( * ) SI_UNIT ( $, .STERADIAN. ) SOLID_ANGLE_UNIT ( ) );
#2671 =( GEOMETRIC_REPRESENTATION_CONTEXT ( 3 ) GLOBAL_UNCERTAINTY_ASSIGNED_CONTEXT ( ( #4283 ) ) GLOBAL_UNIT_ASSIGNED_CONTEXT ( ( #3704, #1264, #918 ) ) REPRESENTATION_CONTEXT ( 'NONE', 'WORKASPACE' ) );
#2672 = PRESENTATION_LAYER_ASSIGNMENT (  '', '', ( #1849 ) ) ;
#2673 = EDGE_CURVE ( 'NONE', #3326, #2353, #2914, .T. ) ;
#2674 = CARTESIAN_POINT ( 'NONE',  ( -13.40000000000000036, 8.750000000000000000, 8.205133554287266562E-16 ) ) ;
#2675 = MECHANICAL_DESIGN_GEOMETRIC_PRESENTATION_REPRESENTATION (  '', ( #384 ), #2894 ) ;
#2676 = DIRECTION ( 'NONE',  ( -0.000000000000000000, -1.000000000000000000, -0.000000000000000000 ) ) ;
#2677 = VECTOR ( 'NONE', #2363, 1000.000000000000000 ) ;
#2678 = AXIS2_PLACEMENT_3D ( 'NONE', #1484, #3171, #2901 ) ;
#2679 = ORIENTED_EDGE ( 'NONE', *, *, #1272, .T. ) ;
#2680 = CARTESIAN_POINT ( 'NONE',  ( 9.970205614730321741, 6.593704824524791341, 9.970205614730318189 ) ) ;
#2681 = CARTESIAN_POINT ( 'NONE',  ( 0.000000000000000000, 1.779508393036489666, 0.000000000000000000 ) ) ;
#2682 = CARTESIAN_POINT ( 'NONE',  ( -13.40000000000000036, 6.950000000000000178, 8.205133554287266562E-16 ) ) ;
#2683 = CARTESIAN_POINT ( 'NONE',  ( -5.840411229460641174, 8.668795175475215942, 14.10000000000000320 ) ) ;
#2684 = UNCERTAINTY_MEASURE_WITH_UNIT (LENGTH_MEASURE( 1.000000000000000082E-05 ), #723, 'distance_accuracy_value', 'NONE');
#2685 =( NAMED_UNIT ( * ) SI_UNIT ( $, .STERADIAN. ) SOLID_ANGLE_UNIT ( ) );
#2686 = CARTESIAN_POINT ( 'NONE',  ( -13.35437004352870360, -1.799999999999999600, 1.104898520454776101 ) ) ;
#2687 = CARTESIAN_POINT ( 'NONE',  ( 13.29877818578986215, -0.2743589743589742724, 0.4054690936036221549 ) ) ;
#2688 = ORIENTED_EDGE ( 'NONE', *, *, #3158, .F. ) ;
#2689 = CARTESIAN_POINT ( 'NONE',  ( -13.40000000000000036, 5.812500000000001776, 5.550461735799474106 ) ) ;
#2690 = SURFACE_STYLE_USAGE ( .BOTH. , #704 ) ;
#2691 = ORIENTED_EDGE ( 'NONE', *, *, #4084, .F. ) ;
#2692 = ADVANCED_FACE ( 'NONE', ( #100 ), #739, .F. ) ;
#2693 = CARTESIAN_POINT ( 'NONE',  ( 13.39173720055698524, 0.5742111923580398569, -0.4705940956026035682 ) ) ;
#2694 = DIRECTION ( 'NONE',  ( 0.000000000000000000, 0.000000000000000000, -1.000000000000000000 ) ) ;
#2695 = COLOUR_RGB ( '',0.2549019607843137081, 0.2549019607843137081, 0.4980392156862745168 ) ;
#2696 = CARTESIAN_POINT ( 'NONE',  ( -9.970205614730319965, 8.606295175475212389, 9.970205614730319965 ) ) ;
#2697 = CARTESIAN_POINT ( 'NONE',  ( 0.9806196540244083160, -0.2294871794871792547, 13.29790144351676950 ) ) ;
#2698 = MECHANICAL_DESIGN_GEOMETRIC_PRESENTATION_REPRESENTATION (  '', ( #3782 ), #1803 ) ;
#2699 = CARTESIAN_POINT ( 'NONE',  ( -12.53396428571428700, 0.6999999999999999556, 1.288308691439584264 ) ) ;
#2700 = CARTESIAN_POINT ( 'NONE',  ( -14.10000000000000142, 7.281204824524790453, 5.840411229460642950 ) ) ;
#2701 = EDGE_CURVE ( 'NONE', #3988, #412, #1203, .T. ) ;
#2702 = DIRECTION ( 'NONE',  ( 0.000000000000000000, 0.000000000000000000, 1.000000000000000000 ) ) ;
#2703 = EDGE_LOOP ( 'NONE', ( #3948, #603, #375, #1787 ) ) ;
#2704 = PLANE ( 'NONE',  #4297 ) ;
#2705 = CARTESIAN_POINT ( 'NONE',  ( 13.29877818578986215, 1.700000000000000178, 1.033674221808750238 ) ) ;
#2706 = AXIS2_PLACEMENT_3D ( 'NONE', #1170, #909, #931 ) ;
#2707 = DIRECTION ( 'NONE',  ( 0.000000000000000000, 1.000000000000000000, 0.000000000000000000 ) ) ;
#2708 = CARTESIAN_POINT ( 'NONE',  ( -9.970205614730319965, 6.606295175475212389, 9.970205614730319965 ) ) ;
#2709 = ORIENTED_EDGE ( 'NONE', *, *, #2404, .F. ) ;
#2710 =( LENGTH_UNIT ( ) NAMED_UNIT ( * ) SI_UNIT ( .MILLI., .METRE. ) );
#2711 = VERTEX_POINT ( 'NONE', #3658 ) ;
#2712 = CARTESIAN_POINT ( 'NONE',  ( 9.475230867899735898, 5.375000000000000888, -9.475230867899739451 ) ) ;
#2713 = FILL_AREA_STYLE ('',( #3307 ) ) ;
#2714 = VERTEX_POINT ( 'NONE', #3294 ) ;
#2715 = CARTESIAN_POINT ( 'NONE',  ( 5.840411229460638509, 8.168795175475212389, -14.10000000000000320 ) ) ;
#2716 = CARTESIAN_POINT ( 'NONE',  ( -4.962382004931043866, 0.6999999999999999556, 11.50959012463679620 ) ) ;
#2717 = CARTESIAN_POINT ( 'NONE',  ( -5.840411229460643838, 6.031204824524791341, -14.10000000000000142 ) ) ;
#2718 = ORIENTED_EDGE ( 'NONE', *, *, #3808, .F. ) ;
#2719 = CARTESIAN_POINT ( 'NONE',  ( 13.29877818578986215, -0.2028445512820512553, -0.4695309063963780116 ) ) ;
#2720 = VERTEX_POINT ( 'NONE', #4370 ) ;
#2721 = CARTESIAN_POINT ( 'NONE',  ( -14.09999999999999964, 5.218704824524790453, 8.633759933988839975E-16 ) ) ;
#2722 = SURFACE_STYLE_USAGE ( .BOTH. , #2444 ) ;
#2723 = CARTESIAN_POINT ( 'NONE',  ( -5.840411229460641174, 6.668795175475212389, 14.10000000000000320 ) ) ;
#2724 = VERTEX_POINT ( 'NONE', #1539 ) ;
#2725 = CARTESIAN_POINT ( 'NONE',  ( 0.000000000000000000, 3.218914651395904158, 0.000000000000000000 ) ) ;
#2726 = FILL_AREA_STYLE_COLOUR ( '', #2981 ) ;
#2727 = EDGE_CURVE ( 'NONE', #3075, #3440, #3033, .T. ) ;
#2728 =( NAMED_UNIT ( * ) SI_UNIT ( $, .STERADIAN. ) SOLID_ANGLE_UNIT ( ) );
#2729 =( NAMED_UNIT ( * ) SI_UNIT ( $, .STERADIAN. ) SOLID_ANGLE_UNIT ( ) );
#2730 = VERTEX_POINT ( 'NONE', #2964 ) ;
#2731 = CARTESIAN_POINT ( 'NONE',  ( -0.09630342289866861138, -1.800000000000000044, 13.29790144351676950 ) ) ;
#2732 = CARTESIAN_POINT ( 'NONE',  ( 13.29877818578985860, 1.051675504853140319, -0.1638421155088778114 ) ) ;
#2733 = COLOUR_RGB ( '',0.2941176470588235392, 0.2745098039215686514, 1.000000000000000000 ) ;
#2734 = CARTESIAN_POINT ( 'NONE',  ( -14.10000000000000142, 5.281204824524790453, 5.840411229460642950 ) ) ;
#2735 = ORIENTED_EDGE ( 'NONE', *, *, #676, .F. ) ;
#2736 = VECTOR ( 'NONE', #4458, 1000.000000000000000 ) ;
#2737 = ORIENTED_EDGE ( 'NONE', *, *, #4293, .T. ) ;
#2738 = FILL_AREA_STYLE_COLOUR ( '', #3306 ) ;
#2739 = CARTESIAN_POINT ( 'NONE',  ( 0.000000000000000000, 0.6999999999999992895, 0.000000000000000000 ) ) ;
#2741 = DIRECTION ( 'NONE',  ( 0.000000000000000000, 0.000000000000000000, -1.000000000000000000 ) ) ;
#2740 = PRESENTATION_LAYER_ASSIGNMENT (  '', '', ( #1546 ) ) ;
#2742 = AXIS2_PLACEMENT_3D ( 'NONE', #3636, #2512, #1095 ) ;
#2743 =( LENGTH_UNIT ( ) NAMED_UNIT ( * ) SI_UNIT ( .MILLI., .METRE. ) );
#2744 = DIRECTION ( 'NONE',  ( 0.000000000000000000, 0.000000000000000000, 1.000000000000000000 ) ) ;
#2745 = ADVANCED_FACE ( 'NONE', ( #1221 ), #3026, .F. ) ;
#2746 = AXIS2_PLACEMENT_3D ( 'NONE', #2900, #4294, #1454 ) ;
#2747 = CARTESIAN_POINT ( 'NONE',  ( -14.09999999999999964, 5.481295175475212389, 8.633759933988839975E-16 ) ) ;
#2748 = VERTEX_POINT ( 'NONE', #3339 ) ;
#2749 =( GEOMETRIC_REPRESENTATION_CONTEXT ( 3 ) GLOBAL_UNCERTAINTY_ASSIGNED_CONTEXT ( ( #3586 ) ) GLOBAL_UNIT_ASSIGNED_CONTEXT ( ( #905, #4105, #146 ) ) REPRESENTATION_CONTEXT ( 'NONE', 'WORKASPACE' ) );
#2750 = CARTESIAN_POINT ( 'NONE',  ( 0.000000000000000000, -0.2743589743589742724, 0.000000000000000000 ) ) ;
#2751 = SURFACE_STYLE_USAGE ( .BOTH. , #343 ) ;
#2752 = EDGE_CURVE ( 'NONE', #1991, #1062, #2315, .T. ) ;
#2753 = CARTESIAN_POINT ( 'NONE',  ( 13.29877818578855653, 0.3548282302510816777, 0.07358012677752623354 ) ) ;
#2754 = CARTESIAN_POINT ( 'NONE',  ( 13.29877818578986215, 0.8216636426143154592, -0.4759654380783050476 ) ) ;
#2755 = VERTEX_POINT ( 'NONE', #3706 ) ;
#2756 = AXIS2_PLACEMENT_3D ( 'NONE', #2758, #643, #1655 ) ;
#2757 = SURFACE_SIDE_STYLE ('',( #3480 ) ) ;
#2758 = CARTESIAN_POINT ( 'NONE',  ( -13.78568851628465808, 3.218914651395904158, -14.65781290106666823 ) ) ;
#2759 = CARTESIAN_POINT ( 'NONE',  ( 5.840411229460638509, 6.906204824524792230, -14.10000000000000320 ) ) ;
#2760 = ORIENTED_EDGE ( 'NONE', *, *, #2887, .F. ) ;
#2761 = SURFACE_SIDE_STYLE ('',( #3099 ) ) ;
#2762 = VERTEX_POINT ( 'NONE', #563 ) ;
#2763 = CARTESIAN_POINT ( 'NONE',  ( 13.29877818578986570, 1.318816931889401189, -0.9255332735335836114 ) ) ;
#2764 = CARTESIAN_POINT ( 'NONE',  ( -3.367574150264197819, 1.779508393036489666, 14.09999999999999964 ) ) ;
#2765 = DIRECTION ( 'NONE',  ( 0.000000000000000000, 1.000000000000000000, 0.000000000000000000 ) ) ;
#2766 = DIRECTION ( 'NONE',  ( -0.000000000000000000, -1.000000000000000000, -0.000000000000000000 ) ) ;
#2767 = AXIS2_PLACEMENT_3D ( 'NONE', #1975, #3631, #1532 ) ;
#2768 = DIRECTION ( 'NONE',  ( 0.000000000000000000, 0.000000000000000000, 1.000000000000000000 ) ) ;
#2769 = VECTOR ( 'NONE', #1688, 1000.000000000000000 ) ;
#2770 = CARTESIAN_POINT ( 'NONE',  ( 5.550461735799482987, 5.062500000000001776, 13.39999999999999680 ) ) ;
#2771 = ORIENTED_EDGE ( 'NONE', *, *, #3774, .F. ) ;
#2772 = AXIS2_PLACEMENT_3D ( 'NONE', #1797, #2843, #1816 ) ;
#2773 = DIRECTION ( 'NONE',  ( 0.000000000000000000, -0.000000000000000000, 1.000000000000000000 ) ) ;
#2774 =( NAMED_UNIT ( * ) SI_UNIT ( $, .STERADIAN. ) SOLID_ANGLE_UNIT ( ) );
#2775 =( NAMED_UNIT ( * ) PLANE_ANGLE_UNIT ( ) SI_UNIT ( $, .RADIAN. ) );
#2776 = DIRECTION ( 'NONE',  ( 0.000000000000000000, -1.000000000000000000, 0.000000000000000000 ) ) ;
#2777 = CARTESIAN_POINT ( 'NONE',  ( 13.40214012082287098, 1.005142645310143967, -1.082841631536087368 ) ) ;
#2778 = CARTESIAN_POINT ( 'NONE',  ( 13.40103461748984337, 0.8702147816037983930, -0.4538569313947775075 ) ) ;
#2779 = ORIENTED_EDGE ( 'NONE', *, *, #3158, .T. ) ;
#2780 = CYLINDRICAL_SURFACE ( 'NONE', #3184, 12.53065251170244032 ) ;
#2781 = MECHANICAL_DESIGN_GEOMETRIC_PRESENTATION_REPRESENTATION (  '', ( #1660 ), #2039 ) ;
#2782 = DIRECTION ( 'NONE',  ( 1.000000000000000000, 0.000000000000000000, -0.000000000000000000 ) ) ;
#2783 = DIRECTION ( 'NONE',  ( 0.000000000000000000, 1.000000000000000000, -0.000000000000000000 ) ) ;
#2784 = CARTESIAN_POINT ( 'NONE',  ( 13.40000000000000036, 8.250000000000000000, -2.461540066286179870E-15 ) ) ;
#2785 = ORIENTED_EDGE ( 'NONE', *, *, #1311, .T. ) ;
#2786 = EDGE_CURVE ( 'NONE', #2711, #1453, #2308, .T. ) ;
#2787 = VERTEX_POINT ( 'NONE', #3821 ) ;
#2788 = CARTESIAN_POINT ( 'NONE',  ( 13.40214012082287276, 1.371596899075002707, -0.8819547247948693602 ) ) ;
#2789 = FACE_OUTER_BOUND ( 'NONE', #1362, .T. ) ;
#2790 = CARTESIAN_POINT ( 'NONE',  ( -12.60000000000000142, 13.15621570892968606, 0.000000000000000000 ) ) ;
#2791 =( GEOMETRIC_REPRESENTATION_CONTEXT ( 3 ) GLOBAL_UNCERTAINTY_ASSIGNED_CONTEXT ( ( #2638 ) ) GLOBAL_UNIT_ASSIGNED_CONTEXT ( ( #2710, #1722, #2728 ) ) REPRESENTATION_CONTEXT ( 'NONE', 'WORKASPACE' ) );
#2792 = DIRECTION ( 'NONE',  ( 0.000000000000000000, -0.3583679495452996577, -0.9335804264972019650 ) ) ;
#2793 = ORIENTED_EDGE ( 'NONE', *, *, #633, .F. ) ;
#2794 =( NAMED_UNIT ( * ) PLANE_ANGLE_UNIT ( ) SI_UNIT ( $, .RADIAN. ) );
#2795 = CARTESIAN_POINT ( 'NONE',  ( -9.973682491052370480, 3.218914651395904158, -8.102355063046511319 ) ) ;
#2796 = CARTESIAN_POINT ( 'NONE',  ( 13.29877818578985682, 0.1986129861764537319, -0.9973077326003525478 ) ) ;
#2797 = PLANE ( 'NONE',  #2355 ) ;
#2798 = FILL_AREA_STYLE_COLOUR ( '', #754 ) ;
#2799 = CIRCLE ( 'NONE', #3961, 12.60000000000000142 ) ;
#2800 = CARTESIAN_POINT ( 'NONE',  ( 13.40103461748984159, 0.8216636426143154592, -0.4759654380783050476 ) ) ;
#2801 = ORIENTED_EDGE ( 'NONE', *, *, #1298, .F. ) ;
#2802 = FACE_OUTER_BOUND ( 'NONE', #171, .T. ) ;
#2803 = EDGE_CURVE ( 'NONE', #2755, #339, #663, .T. ) ;
#2804 = DIRECTION ( 'NONE',  ( 0.000000000000000000, 0.000000000000000000, -1.000000000000000000 ) ) ;
#2805 = VECTOR ( 'NONE', #3716, 1000.000000000000000 ) ;
#2806 = CIRCLE ( 'NONE', #823, 1.289999999999999591 ) ;
#2807 = PRESENTATION_STYLE_ASSIGNMENT (( #4124 ) ) ;
#2808 = CARTESIAN_POINT ( 'NONE',  ( -9.475230867899737675, 5.625000000000001776, -9.475230867899735898 ) ) ;
#2809 = ORIENTED_EDGE ( 'NONE', *, *, #3475, .F. ) ;
#2810 = CARTESIAN_POINT ( 'NONE',  ( -11.32179765614438516, 0.6999999999999999556, -5.244954800604855194 ) ) ;
#2811 = COLOUR_RGB ( '',0.2941176470588235392, 0.2745098039215686514, 1.000000000000000000 ) ;
#2812 = EDGE_CURVE ( 'NONE', #70, #80, #1929, .T. ) ;
#2813 = CARTESIAN_POINT ( 'NONE',  ( 13.29877818578986393, 1.464244991027819909, -0.7849884997877852877 ) ) ;
#2814 = PRESENTATION_LAYER_ASSIGNMENT (  '', '', ( #3240 ) ) ;
#2815 = SURFACE_STYLE_USAGE ( .BOTH. , #3239 ) ;
#2816 = SURFACE_SIDE_STYLE ('',( #1060 ) ) ;
#2817 = MECHANICAL_DESIGN_GEOMETRIC_PRESENTATION_REPRESENTATION (  '', ( #1120 ), #299 ) ;
#2818 = CARTESIAN_POINT ( 'NONE',  ( 0.000000000000000000, 8.334352412262395760, 13.75000000000000000 ) ) ;
#2819 = VERTEX_POINT ( 'NONE', #1313 ) ;
#2820 = COLOUR_RGB ( '',0.2941176470588235392, 0.2745098039215686514, 1.000000000000000000 ) ;
#2821 =( NAMED_UNIT ( * ) SI_UNIT ( $, .STERADIAN. ) SOLID_ANGLE_UNIT ( ) );
#2822 = CARTESIAN_POINT ( 'NONE',  ( 13.35508950938147166, 0.4562498212774481199, -1.096250754051257159 ) ) ;
#2823 = CARTESIAN_POINT ( 'NONE',  ( -5.840411229460641174, 8.406204824524790453, 14.10000000000000320 ) ) ;
#2824 = STYLED_ITEM ( 'NONE', ( #4348 ), #2745 ) ;
#2825 =( LENGTH_UNIT ( ) NAMED_UNIT ( * ) SI_UNIT ( .MILLI., .METRE. ) );
#2826 = CARTESIAN_POINT ( 'NONE',  ( 13.29877818578855653, 0.3538461538461538658, 0.1607775871933657674 ) ) ;
#2827 = CARTESIAN_POINT ( 'NONE',  ( 13.40103461748983982, 1.071229492710954245, 0.1187064517434583688 ) ) ;
#2828 = VERTEX_POINT ( 'NONE', #961 ) ;
#2829 = CARTESIAN_POINT ( 'NONE',  ( -0.09630342289866861138, 1.071794871794871984, 13.29790144351676950 ) ) ;
#2830 = CARTESIAN_POINT ( 'NONE',  ( 13.29877818578986215, 1.071794871794871984, 0.4054690936036221549 ) ) ;
#2831 = DIRECTION ( 'NONE',  ( 0.000000000000000000, -1.000000000000000000, 0.000000000000000000 ) ) ;
#2832 = EDGE_CURVE ( 'NONE', #4113, #2787, #3449, .T. ) ;
#2833 = LINE ( 'NONE', #4221, #2137 ) ;
#2834 = ORIENTED_EDGE ( 'NONE', *, *, #2300, .T. ) ;
#2835 = DIRECTION ( 'NONE',  ( 0.000000000000000000, -0.000000000000000000, -1.000000000000000000 ) ) ;
#2836 = ADVANCED_FACE ( 'NONE', ( #2802 ), #2780, .F. ) ;
#2837 = CARTESIAN_POINT ( 'NONE',  ( 13.29877818578986215, 1.700000000000000178, 1.033674221808750238 ) ) ;
#2838 = DIRECTION ( 'NONE',  ( -0.000000000000000000, -1.000000000000000000, -0.000000000000000000 ) ) ;
#2839 = CARTESIAN_POINT ( 'NONE',  ( 9.475230867899739451, 7.325000000000001066, 9.475230867899734122 ) ) ;
#2840 = LINE ( 'NONE', #1082, #2606 ) ;
#2841 = EDGE_LOOP ( 'NONE', ( #1994 ) ) ;
#2842 = CARTESIAN_POINT ( 'NONE',  ( 5.840411229460637621, 8.168795175475212389, -14.10000000000000497 ) ) ;
#2843 = DIRECTION ( 'NONE',  ( 0.000000000000000000, 1.000000000000000000, -0.000000000000000000 ) ) ;
#2844 = SURFACE_STYLE_FILL_AREA ( #2166 ) ;
#2845 =( GEOMETRIC_REPRESENTATION_CONTEXT ( 3 ) GLOBAL_UNCERTAINTY_ASSIGNED_CONTEXT ( ( #3395 ) ) GLOBAL_UNIT_ASSIGNED_CONTEXT ( ( #3854, #3902, #9 ) ) REPRESENTATION_CONTEXT ( 'NONE', 'WORKASPACE' ) );
#2846 = CARTESIAN_POINT ( 'NONE',  ( -1.726751986797767995E-15, 6.968704824524791341, -14.09999999999999964 ) ) ;
#2847 = UNCERTAINTY_MEASURE_WITH_UNIT (LENGTH_MEASURE( 1.000000000000000082E-05 ), #2455, 'distance_accuracy_value', 'NONE');
#2848 = VECTOR ( 'NONE', #3263, 1000.000000000000000 ) ;
#2849 = SURFACE_STYLE_USAGE ( .BOTH. , #1747 ) ;
#2850 = FACE_OUTER_BOUND ( 'NONE', #1661, .T. ) ;
#2851 = CARTESIAN_POINT ( 'NONE',  ( 0.9806196540244083160, 1.700000000000000178, 13.29790144351676950 ) ) ;
#2852 = DIRECTION ( 'NONE',  ( -0.000000000000000000, 1.000000000000000000, 0.000000000000000000 ) ) ;
#2853 = CARTESIAN_POINT ( 'NONE',  ( -1.641026710857453312E-15, 7.500000000000001776, -13.40000000000000036 ) ) ;
#2854 = EDGE_LOOP ( 'NONE', ( #2647, #3993, #1657, #3098 ) ) ;
#2855 = CARTESIAN_POINT ( 'NONE',  ( 13.29877818578986215, -0.2743589743589742724, 0.1923280679625963552 ) ) ;
#2856 = LINE ( 'NONE', #77, #4506 ) ;
#2857 = DIRECTION ( 'NONE',  ( 0.000000000000000000, 0.000000000000000000, 1.000000000000000000 ) ) ;
#2858 = MECHANICAL_DESIGN_GEOMETRIC_PRESENTATION_REPRESENTATION (  '', ( #1374 ), #4520 ) ;
#2859 = DIRECTION ( 'NONE',  ( -1.635972270951187843E-16, 0.000000000000000000, 1.000000000000000000 ) ) ;
#2860 = ORIENTED_EDGE ( 'NONE', *, *, #2868, .F. ) ;
#2861 = LINE ( 'NONE', #2905, #3644 ) ;
#2862 = CARTESIAN_POINT ( 'NONE',  ( -9.970205614730319965, 6.606295175475212389, 9.970205614730319965 ) ) ;
#2863 = SURFACE_STYLE_USAGE ( .BOTH. , #3952 ) ;
#2864 = CARTESIAN_POINT ( 'NONE',  ( 13.29877818578986215, -1.800000000000000044, -1.277223214088685666 ) ) ;
#2865 = CARTESIAN_POINT ( 'NONE',  ( 9.970205614730321741, 7.593704824524791341, 9.970205614730318189 ) ) ;
#2866 = FACE_OUTER_BOUND ( 'NONE', #2979, .T. ) ;
#2867 = CARTESIAN_POINT ( 'NONE',  ( 0.000000000000000000, 1.700000000000000178, 0.000000000000000000 ) ) ;
#2868 = EDGE_CURVE ( 'NONE', #4311, #2335, #2033, .T. ) ;
#2869 = FILL_AREA_STYLE ('',( #2552 ) ) ;
#2870 = SURFACE_STYLE_FILL_AREA ( #1469 ) ;
#2871 = FACE_OUTER_BOUND ( 'NONE', #4216, .T. ) ;
#2872 = ORIENTED_EDGE ( 'NONE', *, *, #551, .F. ) ;
#2873 = DIRECTION ( 'NONE',  ( 0.000000000000000000, 0.000000000000000000, 1.000000000000000000 ) ) ;
#2874 = CARTESIAN_POINT ( 'NONE',  ( -13.40000000000000036, 6.750000000000000888, 8.205133554287266562E-16 ) ) ;
#2875 = ORIENTED_EDGE ( 'NONE', *, *, #1978, .T. ) ;
#2876 = CARTESIAN_POINT ( 'NONE',  ( 13.29877818578986215, 1.700000000000000178, 0.3017030679625964384 ) ) ;
#2877 = VECTOR ( 'NONE', #2572, 1000.000000000000114 ) ;
#2878 = VECTOR ( 'NONE', #1950, 1000.000000000000227 ) ;
#2879 = DIRECTION ( 'NONE',  ( 0.000000000000000000, 0.000000000000000000, -1.000000000000000000 ) ) ;
#2880 = CARTESIAN_POINT ( 'NONE',  ( 13.29877818578986215, 0.3578206901135075335, -0.008798754165037657796 ) ) ;
#2881 = CARTESIAN_POINT ( 'NONE',  ( -5.550461735799474994, 8.137500000000001066, 13.40000000000000036 ) ) ;
#2882 = ORIENTED_EDGE ( 'NONE', *, *, #4350, .F. ) ;
#2883 = FACE_OUTER_BOUND ( 'NONE', #3153, .T. ) ;
#2884 = DIRECTION ( 'NONE',  ( 0.000000000000000000, 0.000000000000000000, -1.000000000000000000 ) ) ;
#2885 =( LENGTH_UNIT ( ) NAMED_UNIT ( * ) SI_UNIT ( .MILLI., .METRE. ) );
#2886 = VECTOR ( 'NONE', #335, 1000.000000000000000 ) ;
#2887 = EDGE_CURVE ( 'NONE', #4298, #2211, #2462, .T. ) ;
#2888 = CARTESIAN_POINT ( 'NONE',  ( -1.726751986797767995E-15, 7.968704824524790453, -14.09999999999999964 ) ) ;
#2889 = VECTOR ( 'NONE', #1589, 1000.000000000000000 ) ;
#2890 = DIRECTION ( 'NONE',  ( 0.000000000000000000, 1.000000000000000000, -0.000000000000000000 ) ) ;
#2891 =( LENGTH_UNIT ( ) NAMED_UNIT ( * ) SI_UNIT ( .MILLI., .METRE. ) );
#2892 = CARTESIAN_POINT ( 'NONE',  ( -5.496223376265255034, 0.6999999999999999556, -11.20197222033958617 ) ) ;
#2893 = EDGE_CURVE ( 'NONE', #3386, #2787, #385, .T. ) ;
#2894 =( GEOMETRIC_REPRESENTATION_CONTEXT ( 3 ) GLOBAL_UNCERTAINTY_ASSIGNED_CONTEXT ( ( #3719 ) ) GLOBAL_UNIT_ASSIGNED_CONTEXT ( ( #1891, #472, #114 ) ) REPRESENTATION_CONTEXT ( 'NONE', 'WORKASPACE' ) );
#2895 = CARTESIAN_POINT ( 'NONE',  ( 13.39485131156398268, 0.9711554558519663871, -0.3743120193424652187 ) ) ;
#2896 = ORIENTED_EDGE ( 'NONE', *, *, #1115, .T. ) ;
#2897 = CARTESIAN_POINT ( 'NONE',  ( -8.933277224193398425, -1.300000000000000044, 8.780375578197118003 ) ) ;
#2898 = STYLED_ITEM ( 'NONE', ( #4152 ), #2594 ) ;
#2899 = ORIENTED_EDGE ( 'NONE', *, *, #760, .F. ) ;
#2900 = CARTESIAN_POINT ( 'NONE',  ( -4.962382004931043866, 13.15621570892968606, 11.50959012463679620 ) ) ;
#2901 = DIRECTION ( 'NONE',  ( 0.000000000000000000, 0.8924498855307666512, 0.4511465413988249296 ) ) ;
#2902 = SURFACE_STYLE_FILL_AREA ( #3553 ) ;
#2903 = CARTESIAN_POINT ( 'NONE',  ( -13.40000000000000036, 7.950000000000000178, 8.205133554287266562E-16 ) ) ;
#2904 = ORIENTED_EDGE ( 'NONE', *, *, #1237, .T. ) ;
#2905 = CARTESIAN_POINT ( 'NONE',  ( 11.67609591196360164, -1.300000000000000044, 4.420361200519161926 ) ) ;
#2906 = CARTESIAN_POINT ( 'NONE',  ( -14.10000000000000320, 8.418795175475212389, -5.840411229460639397 ) ) ;
#2907 = CARTESIAN_POINT ( 'NONE',  ( 13.35898067334977135, 1.112621731172888540, -1.048395815189818059 ) ) ;
#2908 = DIRECTION ( 'NONE',  ( -0.000000000000000000, -0.000000000000000000, 1.000000000000000000 ) ) ;
#2909 = CARTESIAN_POINT ( 'NONE',  ( 14.09999999999999964, 7.656204824524790453, 5.840411229460643838 ) ) ;
#2910 = SURFACE_STYLE_FILL_AREA ( #2168 ) ;
#2911 = UNCERTAINTY_MEASURE_WITH_UNIT (LENGTH_MEASURE( 1.000000000000000082E-05 ), #1933, 'distance_accuracy_value', 'NONE');
#2912 =( NAMED_UNIT ( * ) SI_UNIT ( $, .STERADIAN. ) SOLID_ANGLE_UNIT ( ) );
#2913 = FACE_OUTER_BOUND ( 'NONE', #3003, .T. ) ;
#2914 = B_SPLINE_CURVE_WITH_KNOTS ( 'NONE', 3,
 ( #2876, #4269, #4246, #2581, #1788, #3256, #1124, #3572, #1875, #785, #2542, #1504, #1144, #475, #3923, #425, #2182, #3234, #3941, #3965, #2202, #829, #2495, #449, #2130, #1853, #3875 ),
 .UNSPECIFIED., .F., .F.,
 ( 4, 1, 1, 1, 1, 1, 1, 1, 1, 1, 1, 1, 1, 1, 1, 1, 1, 1, 1, 1, 1, 1, 1, 1, 4 ),
 ( 0.000000000000000000, 0.07288902662003828026, 0.1401861299444943920, 0.2022774341249591601, 0.2588951317514626149, 0.3104829424654783065, 0.3570952441313353654, 0.3985135666534656007, 0.4350375108701160509, 0.4692514858292877178, 0.5028050278902745918, 0.5362104463185621839, 0.5693793599392057425, 0.6028014750483933204, 0.6366657983367766116, 0.6709286568940431295, 0.7058030002293127492, 0.7411890612458775784, 0.7763043110764616950, 0.8120043009129350731, 0.8479689758088955198, 0.8845217611964791837, 0.9219741585442050580, 0.9601981758096080899, 1.000000000000000000 ),
 .UNSPECIFIED. ) ;
#2915 = AXIS2_PLACEMENT_3D ( 'NONE', #401, #1867, #4324 ) ;
#2916 = EDGE_LOOP ( 'NONE', ( #804, #4421, #3318, #2438, #3520, #4207 ) ) ;
#2917 = COLOUR_RGB ( '',0.2941176470588235392, 0.2745098039215686514, 1.000000000000000000 ) ;
#2918 = SURFACE_SIDE_STYLE ('',( #4310 ) ) ;
#2919 = ORIENTED_EDGE ( 'NONE', *, *, #2995, .F. ) ;
#2920 = DIRECTION ( 'NONE',  ( -1.000000000000000000, 0.000000000000000000, -0.000000000000000000 ) ) ;
#2921 = DIRECTION ( 'NONE',  ( 0.000000000000000000, 1.000000000000000000, 0.000000000000000000 ) ) ;
#2922 = EDGE_CURVE ( 'NONE', #1615, #851, #689, .T. ) ;
#2923 = FILL_AREA_STYLE ('',( #3257 ) ) ;
#2924 = CARTESIAN_POINT ( 'NONE',  ( 9.475230867899739451, 5.325000000000001066, 9.475230867899734122 ) ) ;
#2925 = ORIENTED_EDGE ( 'NONE', *, *, #2541, .T. ) ;
#2926 = CARTESIAN_POINT ( 'NONE',  ( 14.09999999999999609, 7.043795175475212389, -5.840411229460648279 ) ) ;
#2927 = FACE_OUTER_BOUND ( 'NONE', #2345, .T. ) ;
#2928 = DIRECTION ( 'NONE',  ( 0.000000000000000000, 0.000000000000000000, 1.000000000000000000 ) ) ;
#2929 = SURFACE_STYLE_USAGE ( .BOTH. , #3669 ) ;
#2930 = CARTESIAN_POINT ( 'NONE',  ( 5.840411229460637621, 6.906204824524792230, -14.10000000000000497 ) ) ;
#2931 = PRESENTATION_LAYER_ASSIGNMENT (  '', '', ( #4095 ) ) ;
#2932 = VERTEX_POINT ( 'NONE', #2194 ) ;
#2933 = CARTESIAN_POINT ( 'NONE',  ( 13.40129048890766761, 0.3578206901135075335, -0.008798754165037657796 ) ) ;
#2934 = CARTESIAN_POINT ( 'NONE',  ( 0.9806196540244083160, 0.3987179487179490778, 13.29790144351676950 ) ) ;
#2935 = MECHANICAL_DESIGN_GEOMETRIC_PRESENTATION_REPRESENTATION (  '', ( #1094 ), #55 ) ;
#2936 = VERTEX_POINT ( 'NONE', #3047 ) ;
#2937 = FACE_OUTER_BOUND ( 'NONE', #1502, .T. ) ;
#2938 = ORIENTED_EDGE ( 'NONE', *, *, #2293, .T. ) ;
#2939 = EDGE_CURVE ( 'NONE', #3478, #1991, #1854, .T. ) ;
#2940 = CARTESIAN_POINT ( 'NONE',  ( 13.39099745325230728, 0.6785336812408311324, -0.4911088921980614752 ) ) ;
#2941 = PLANE ( 'NONE',  #1794 ) ;
#2942 = CARTESIAN_POINT ( 'NONE',  ( -14.09999999999999964, 8.218704824524790453, 8.633759933988839975E-16 ) ) ;
#2943 = ADVANCED_FACE ( 'NONE', ( #3091, #4438 ), #614, .T. ) ;
#2944 = EDGE_CURVE ( 'NONE', #1286, #1227, #3567, .T. ) ;
#2945 = CIRCLE ( 'NONE', #3012, 1.289999999999904112 ) ;
#2946 = VERTEX_POINT ( 'NONE', #4217 ) ;
#2947 = CARTESIAN_POINT ( 'NONE',  ( -14.10000000000000142, 6.418795175475212389, -5.840411229460639397 ) ) ;
#2948 = CARTESIAN_POINT ( 'NONE',  ( 14.09999999999999787, 7.781204824524791341, -5.840411229460648279 ) ) ;
#2949 = SURFACE_STYLE_FILL_AREA ( #1552 ) ;
#2950 = DIRECTION ( 'NONE',  ( 0.000000000000000000, 0.000000000000000000, -1.000000000000000000 ) ) ;
#2951 = CARTESIAN_POINT ( 'NONE',  ( -9.475230867899737675, 4.825000000000001066, -9.475230867899735898 ) ) ;
#2952 = VECTOR ( 'NONE', #2982, 1000.000000000000114 ) ;
#2953 = UNCERTAINTY_MEASURE_WITH_UNIT (LENGTH_MEASURE( 1.000000000000000082E-05 ), #1531, 'distance_accuracy_value', 'NONE');
#2954 = CARTESIAN_POINT ( 'NONE',  ( -7.121753946748072828, 3.237935071945527543, 14.09999999999999964 ) ) ;
#2955 = PLANE ( 'NONE',  #2645 ) ;
#2956 = VECTOR ( 'NONE', #1214, 1000.000000000000000 ) ;
#2957 = MECHANICAL_DESIGN_GEOMETRIC_PRESENTATION_REPRESENTATION (  '', ( #756 ), #527 ) ;
#2958 = ORIENTED_EDGE ( 'NONE', *, *, #1819, .T. ) ;
#2959 = VECTOR ( 'NONE', #3221, 1000.000000000000000 ) ;
#2960 = STYLED_ITEM ( 'NONE', ( #1753 ), #1868 ) ;
#2961 = CARTESIAN_POINT ( 'NONE',  ( -5.550461735799474106, 8.937500000000001776, 13.40000000000000036 ) ) ;
#2962 = EDGE_LOOP ( 'NONE', ( #1331, #4253, #3347, #1498 ) ) ;
#2963 = VECTOR ( 'NONE', #30, 1000.000000000000000 ) ;
#2964 = CARTESIAN_POINT ( 'NONE',  ( 13.36007176639287763, 1.700000000000000178, 1.033674221808750238 ) ) ;
#2965 = AXIS2_PLACEMENT_3D ( 'NONE', #3414, #259, #2920 ) ;
#2966 = SURFACE_STYLE_FILL_AREA ( #1949 ) ;
#2967 = DIRECTION ( 'NONE',  ( 0.000000000000000000, 0.000000000000000000, 1.000000000000000000 ) ) ;
#2968 = CARTESIAN_POINT ( 'NONE',  ( -1.641026710857453312E-15, 4.700000000000001066, -13.40000000000000036 ) ) ;
#2969 = CARTESIAN_POINT ( 'NONE',  ( 0.000000000000000000, -1.799999999999999600, 0.000000000000000000 ) ) ;
#2970 = EDGE_CURVE ( 'NONE', #3210, #2711, #1129, .T. ) ;
#2971 = ORIENTED_EDGE ( 'NONE', *, *, #353, .F. ) ;
#2972 = CARTESIAN_POINT ( 'NONE',  ( 5.840411229460650056, 4.793795175475214165, 14.09999999999999787 ) ) ;
#2973 =( NAMED_UNIT ( * ) PLANE_ANGLE_UNIT ( ) SI_UNIT ( $, .RADIAN. ) );
#2974 = PRESENTATION_LAYER_ASSIGNMENT (  '', '', ( #4139 ) ) ;
#2975 = CARTESIAN_POINT ( 'NONE',  ( 13.40000000000000036, 7.450000000000001066, -2.461540066286179870E-15 ) ) ;
#2976 = DIRECTION ( 'NONE',  ( 0.000000000000000000, 0.000000000000000000, -1.000000000000000000 ) ) ;
#2977 = DIRECTION ( 'NONE',  ( 1.000000000000000000, 0.000000000000000000, 0.000000000000000000 ) ) ;
#2978 = FACE_OUTER_BOUND ( 'NONE', #653, .T. ) ;
#2979 = EDGE_LOOP ( 'NONE', ( #3964, #2793, #3007, #571 ) ) ;
#2980 = CARTESIAN_POINT ( 'NONE',  ( -5.550461735799474106, 6.937500000000000888, 13.40000000000000036 ) ) ;
#2981 = COLOUR_RGB ( '',0.2941176470588235392, 0.2745098039215686514, 1.000000000000000000 ) ;
#2982 = DIRECTION ( 'NONE',  ( 0.9999844766847799660, 0.000000000000000000, 0.005571928702579167884 ) ) ;
#2983 = ORIENTED_EDGE ( 'NONE', *, *, #1789, .F. ) ;
#2984 = FILL_AREA_STYLE ('',( #3527 ) ) ;
#2985 = LINE ( 'NONE', #4371, #3101 ) ;
#2986 = STYLED_ITEM ( 'NONE', ( #319 ), #1167 ) ;
#2987 = FACE_BOUND ( 'NONE', #2245, .T. ) ;
#2988 = CARTESIAN_POINT ( 'NONE',  ( 5.550461735799483876, 5.262500000000001066, 13.39999999999999680 ) ) ;
#2989 = CARTESIAN_POINT ( 'NONE',  ( 13.29877818578985860, 0.6241195677580863022, -1.118265277396798485 ) ) ;
#2990 = ORIENTED_EDGE ( 'NONE', *, *, #3918, .F. ) ;
#2991 = CARTESIAN_POINT ( 'NONE',  ( 9.970205614730321741, 5.856295175475212389, 9.970205614730318189 ) ) ;
#2992 = DIRECTION ( 'NONE',  ( 0.9999844766847799660, 0.000000000000000000, 0.005571928702579167884 ) ) ;
#2993 = LINE ( 'NONE', #2635, #3893 ) ;
#2994 = CARTESIAN_POINT ( 'NONE',  ( -1.641026710857453312E-15, 4.700000000000001066, -13.40000000000000036 ) ) ;
#2995 = EDGE_CURVE ( 'NONE', #1168, #350, #2197, .T. ) ;
#2996 = UNCERTAINTY_MEASURE_WITH_UNIT (LENGTH_MEASURE( 1.000000000000000082E-05 ), #1740, 'distance_accuracy_value', 'NONE');
#2997 = CARTESIAN_POINT ( 'NONE',  ( 13.39386407330357720, 1.071794871794871540, 0.4054690936036221549 ) ) ;
#2998 = ADVANCED_FACE ( 'NONE', ( #2871 ), #352, .T. ) ;
#2999 = FILL_AREA_STYLE ('',( #1628 ) ) ;
#3000 = CARTESIAN_POINT ( 'NONE',  ( 13.39999999999999858, 7.187500000000000888, 5.550461735799477658 ) ) ;
#3001 = PRESENTATION_LAYER_ASSIGNMENT (  '', '', ( #733 ) ) ;
#3002 = LINE ( 'NONE', #3361, #1332 ) ;
#3003 = EDGE_LOOP ( 'NONE', ( #3635, #2691, #1390, #1755 ) ) ;
#3004 = CARTESIAN_POINT ( 'NONE',  ( 0.000000000000000000, -1.300000000000000044, 0.000000000000000000 ) ) ;
#3005 = CARTESIAN_POINT ( 'NONE',  ( 5.550461735799483876, 4.262500000000001066, 13.39999999999999680 ) ) ;
#3006 =( GEOMETRIC_REPRESENTATION_CONTEXT ( 3 ) GLOBAL_UNCERTAINTY_ASSIGNED_CONTEXT ( ( #4219 ) ) GLOBAL_UNIT_ASSIGNED_CONTEXT ( ( #2891, #4323, #2912 ) ) REPRESENTATION_CONTEXT ( 'NONE', 'WORKASPACE' ) );
#3007 = ORIENTED_EDGE ( 'NONE', *, *, #2136, .T. ) ;
#3008 = CARTESIAN_POINT ( 'NONE',  ( -1.726751986797767995E-15, 5.231295175475213277, -14.09999999999999964 ) ) ;
#3009 =( LENGTH_UNIT ( ) NAMED_UNIT ( * ) SI_UNIT ( .MILLI., .METRE. ) );
#3010 = CARTESIAN_POINT ( 'NONE',  ( 5.550461735799471441, 7.637500000000000178, -13.40000000000000391 ) ) ;
#3011 = CARTESIAN_POINT ( 'NONE',  ( 9.970205614730319965, 5.106295175475212389, -9.970205614730321741 ) ) ;
#3012 = AXIS2_PLACEMENT_3D ( 'NONE', #2716, #618, #2013 ) ;
#3013 = EDGE_CURVE ( 'NONE', #339, #2466, #376, .T. ) ;
#3014 = FACE_BOUND ( 'NONE', #1795, .T. ) ;
#3015 = FILL_AREA_STYLE_COLOUR ( '', #787 ) ;
#3016 =( NAMED_UNIT ( * ) SI_UNIT ( $, .STERADIAN. ) SOLID_ANGLE_UNIT ( ) );
#3017 = AXIS2_PLACEMENT_3D ( 'NONE', #3274, #3170, #2835 ) ;
#3018 = PLANE ( 'NONE',  #426 ) ;
#3019 = EDGE_CURVE ( 'NONE', #331, #2730, #4023, .T. ) ;
#3020 = PRESENTATION_LAYER_ASSIGNMENT (  '', '', ( #1612 ) ) ;
#3021 = VERTEX_POINT ( 'NONE', #2267 ) ;
#3022 = CARTESIAN_POINT ( 'NONE',  ( -5.550461735799474106, 5.937500000000001776, 13.40000000000000036 ) ) ;
#3023 = CARTESIAN_POINT ( 'NONE',  ( 0.000000000000000000, 0.6999999999999999556, 0.000000000000000000 ) ) ;
#3024 = COLOUR_RGB ( '',0.2941176470588235392, 0.2745098039215686514, 1.000000000000000000 ) ;
#3025 = ORIENTED_EDGE ( 'NONE', *, *, #3013, .F. ) ;
#3026 = CYLINDRICAL_SURFACE ( 'NONE', #390, 12.60000000000000142 ) ;
#3027 = DIRECTION ( 'NONE',  ( -0.000000000000000000, -1.000000000000000000, -0.000000000000000000 ) ) ;
#3028 = AXIS2_PLACEMENT_3D ( 'NONE', #179, #1911, #4046 ) ;
#3029 = CARTESIAN_POINT ( 'NONE',  ( -9.970205614730319965, 5.606295175475212389, 9.970205614730319965 ) ) ;
#3030 = DIRECTION ( 'NONE',  ( 0.000000000000000000, 0.000000000000000000, -1.000000000000000000 ) ) ;
#3031 = CARTESIAN_POINT ( 'NONE',  ( 0.000000000000000000, 6.468704824524791341, 14.09999999999999964 ) ) ;
#3032 = CARTESIAN_POINT ( 'NONE',  ( 13.29877818578986748, 0.1401164236597590707, -0.9587346994097827313 ) ) ;
#3033 = CIRCLE ( 'NONE', #2152, 12.47768620486444391 ) ;
#3034 = ORIENTED_EDGE ( 'NONE', *, *, #2556, .F. ) ;
#3035 = CARTESIAN_POINT ( 'NONE',  ( 14.09999999999999787, 6.781204824524792230, -5.840411229460648279 ) ) ;
#3036 = CARTESIAN_POINT ( 'NONE',  ( -5.496223376265255034, 0.6999999999999999556, -11.20197222033958617 ) ) ;
#3037 = CARTESIAN_POINT ( 'NONE',  ( -13.40000000000000036, 4.950000000000000178, 8.205133554287266562E-16 ) ) ;
#3038 = CARTESIAN_POINT ( 'NONE',  ( -9.970205614730319965, 6.356295175475212389, -9.970205614730319965 ) ) ;
#3039 = UNCERTAINTY_MEASURE_WITH_UNIT (LENGTH_MEASURE( 1.000000000000000082E-05 ), #3065, 'distance_accuracy_value', 'NONE');
#3040 = ORIENTED_EDGE ( 'NONE', *, *, #1607, .F. ) ;
#3041 =( NAMED_UNIT ( * ) PLANE_ANGLE_UNIT ( ) SI_UNIT ( $, .RADIAN. ) );
#3042 = FILL_AREA_STYLE_COLOUR ( '', #4247 ) ;
#3043 = ORIENTED_EDGE ( 'NONE', *, *, #4061, .T. ) ;
#3044 = CARTESIAN_POINT ( 'NONE',  ( 9.475230867899739451, 8.125000000000000000, 9.475230867899734122 ) ) ;
#3045 = CARTESIAN_POINT ( 'NONE',  ( -3.367574150264197819, 1.779508393036489666, 12.96994388355140160 ) ) ;
#3046 = EDGE_LOOP ( 'NONE', ( #4471, #2062, #243, #622 ) ) ;
#3047 = CARTESIAN_POINT ( 'NONE',  ( -5.875951837458691429, -1.300000000000000044, 10.55720291093416563 ) ) ;
#3048 =( GEOMETRIC_REPRESENTATION_CONTEXT ( 3 ) GLOBAL_UNCERTAINTY_ASSIGNED_CONTEXT ( ( #3308 ) ) GLOBAL_UNIT_ASSIGNED_CONTEXT ( ( #286, #4178, #1325 ) ) REPRESENTATION_CONTEXT ( 'NONE', 'WORKASPACE' ) );
#3049 = CARTESIAN_POINT ( 'NONE',  ( -1.726751986797767995E-15, 7.231295175475213277, -14.09999999999999964 ) ) ;
#3050 = CARTESIAN_POINT ( 'NONE',  ( -11.32179765614438693, 0.6999999999999999556, -0.1740654134571496536 ) ) ;
#3051 = STYLED_ITEM ( 'NONE', ( #3991 ), #1658 ) ;
#3052 = CARTESIAN_POINT ( 'NONE',  ( 14.09999999999999964, 5.718704824524791341, -2.590127980196652091E-15 ) ) ;
#3053 = ORIENTED_EDGE ( 'NONE', *, *, #4028, .F. ) ;
#3054 = EDGE_CURVE ( 'NONE', #350, #2714, #2243, .T. ) ;
#3055 = ORIENTED_EDGE ( 'NONE', *, *, #3825, .F. ) ;
#3056 = PRESENTATION_STYLE_ASSIGNMENT (( #2043 ) ) ;
#3057 = DIRECTION ( 'NONE',  ( 0.000000000000000000, 0.000000000000000000, 1.000000000000000000 ) ) ;
#3058 = FACE_OUTER_BOUND ( 'NONE', #2577, .T. ) ;
#3059 = CARTESIAN_POINT ( 'NONE',  ( -9.970205614730319965, 8.606295175475212389, 9.970205614730319965 ) ) ;
#3060 = ORIENTED_EDGE ( 'NONE', *, *, #2541, .F. ) ;
#3061 =( NAMED_UNIT ( * ) SI_UNIT ( $, .STERADIAN. ) SOLID_ANGLE_UNIT ( ) );
#3062 = PLANE ( 'NONE',  #227 ) ;
#3063 = SURFACE_SIDE_STYLE ('',( #3114 ) ) ;
#3064 = FACE_OUTER_BOUND ( 'NONE', #3735, .T. ) ;
#3065 =( LENGTH_UNIT ( ) NAMED_UNIT ( * ) SI_UNIT ( .MILLI., .METRE. ) );
#3066 = AXIS2_PLACEMENT_3D ( 'NONE', #14, #3179, #1104 ) ;
#3067 = ORIENTED_EDGE ( 'NONE', *, *, #486, .T. ) ;
#3068 = CARTESIAN_POINT ( 'NONE',  ( 13.39225966610029417, 0.5409957005973786703, -0.4558714887866173737 ) ) ;
#3069 = CARTESIAN_POINT ( 'NONE',  ( 0.000000000000000000, 10.00000000000000000, 0.000000000000000000 ) ) ;
#3070 = PRESENTATION_LAYER_ASSIGNMENT (  '', '', ( #51 ) ) ;
#3071 = CARTESIAN_POINT ( 'NONE',  ( 14.09999999999999787, 4.918795175475214165, 5.840411229460643838 ) ) ;
#3072 =( LENGTH_UNIT ( ) NAMED_UNIT ( * ) SI_UNIT ( .MILLI., .METRE. ) );
#3073 = ADVANCED_FACE ( 'NONE', ( #1889 ), #3018, .F. ) ;
#3074 = CARTESIAN_POINT ( 'NONE',  ( -9.970205614730319965, 5.093704824524791341, -9.970205614730319965 ) ) ;
#3075 = VERTEX_POINT ( 'NONE', #1959 ) ;
#3076 = DIRECTION ( 'NONE',  ( 0.000000000000000000, 0.000000000000000000, -1.000000000000000000 ) ) ;
#3077 = STYLED_ITEM ( 'NONE', ( #2239 ), #3276 ) ;
#3078 = ORIENTED_EDGE ( 'NONE', *, *, #1898, .F. ) ;
#3079 = SURFACE_SIDE_STYLE ('',( #2091 ) ) ;
#3080 = EDGE_CURVE ( 'NONE', #3478, #2254, #535, .T. ) ;
#3081 = CARTESIAN_POINT ( 'NONE',  ( -5.840411229460643838, 6.031204824524792230, -14.10000000000000320 ) ) ;
#3082 = PRESENTATION_STYLE_ASSIGNMENT (( #2722 ) ) ;
#3083 = CARTESIAN_POINT ( 'NONE',  ( 0.000000000000000000, 1.071794871794871540, 0.000000000000000000 ) ) ;
#3084 = DIRECTION ( 'NONE',  ( 0.000000000000000000, 0.000000000000000000, -1.000000000000000000 ) ) ;
#3085 = CARTESIAN_POINT ( 'NONE',  ( -1.726751986797767995E-15, 6.231295175475212389, -14.09999999999999964 ) ) ;
#3086 = EDGE_LOOP ( 'NONE', ( #2535, #2983, #266, #782 ) ) ;
#3087 = CARTESIAN_POINT ( 'NONE',  ( 13.29877818578986393, -0.1010598553365410629, -0.6909192667720412961 ) ) ;
#3088 = STYLED_ITEM ( 'NONE', ( #3232 ), #4338 ) ;
#3089 = CARTESIAN_POINT ( 'NONE',  ( 13.29877818578986393, 0.7327718675465506593, -0.4912542518522088897 ) ) ;
#3090 = VERTEX_POINT ( 'NONE', #1558 ) ;
#3091 = FACE_OUTER_BOUND ( 'NONE', #993, .T. ) ;
#3092 = AXIS2_PLACEMENT_3D ( 'NONE', #3925, #54, #1457 ) ;
#3093 =( NAMED_UNIT ( * ) SI_UNIT ( $, .STERADIAN. ) SOLID_ANGLE_UNIT ( ) );
#3094 = SURFACE_STYLE_FILL_AREA ( #4148 ) ;
#3095 = CIRCLE ( 'NONE', #4270, 12.84999999999999964 ) ;
#3096 = SURFACE_STYLE_USAGE ( .BOTH. , #2367 ) ;
#3097 = CARTESIAN_POINT ( 'NONE',  ( -5.550461735799474994, 8.937500000000001776, 13.40000000000000036 ) ) ;
#3098 = ORIENTED_EDGE ( 'NONE', *, *, #1183, .T. ) ;
#3099 = SURFACE_STYLE_FILL_AREA ( #1757 ) ;
#3100 = PRESENTATION_LAYER_ASSIGNMENT (  '', '', ( #1993 ) ) ;
#3101 = VECTOR ( 'NONE', #234, 1000.000000000000000 ) ;
#3102 = VERTEX_POINT ( 'NONE', #2997 ) ;
#3103 = CARTESIAN_POINT ( 'NONE',  ( 13.40214012082286743, 1.419936286090328181, -0.8348847527686903414 ) ) ;
#3104 = CARTESIAN_POINT ( 'NONE',  ( -1.726751986797767995E-15, 4.968704824524791341, -14.09999999999999964 ) ) ;
#3105 = CARTESIAN_POINT ( 'NONE',  ( 0.000000000000000000, 4.468704824524790453, 14.09999999999999964 ) ) ;
#3106 = STYLED_ITEM ( 'NONE', ( #1438 ), #2064 ) ;
#3107 = MECHANICAL_DESIGN_GEOMETRIC_PRESENTATION_REPRESENTATION (  '', ( #4126 ), #984 ) ;
#3108 = CARTESIAN_POINT ( 'NONE',  ( -14.10000000000000320, 6.543795175475212389, 5.840411229460642950 ) ) ;
#3109 = AXIS2_PLACEMENT_3D ( 'NONE', #3853, #387, #1145 ) ;
#3110 = EDGE_CURVE ( 'NONE', #2466, #4392, #112, .T. ) ;
#3111 = ORIENTED_EDGE ( 'NONE', *, *, #494, .T. ) ;
#3112 = VECTOR ( 'NONE', #3168, 1000.000000000000000 ) ;
#3113 = DIRECTION ( 'NONE',  ( 0.000000000000000000, -1.000000000000000000, 0.000000000000000000 ) ) ;
#3114 = SURFACE_STYLE_FILL_AREA ( #3773 ) ;
#3115 = UNCERTAINTY_MEASURE_WITH_UNIT (LENGTH_MEASURE( 1.000000000000000082E-05 ), #2825, 'distance_accuracy_value', 'NONE');
#3116 = ADVANCED_FACE ( 'NONE', ( #2978 ), #2955, .T. ) ;
#3117 = CARTESIAN_POINT ( 'NONE',  ( 13.40103461748983982, 0.9879234653943556044, -0.3415902213593820513 ) ) ;
#3118 = ORIENTED_EDGE ( 'NONE', *, *, #1056, .F. ) ;
#3119 =( BOUNDED_SURFACE ( )  B_SPLINE_SURFACE ( 1, 2, ( 
 ( #162, #2961, #1200, #184, #4009, #2624, #2644, #958, #872, #2270, #1284, #3678, #4030, #1915, #3044, #3655, #3725, #2288, #4050, #2360, #1240, #514, #1982, #560, #4097, #1561, #917, #1218, #1582, #3000, #3376, #1960, #3703, #2980, #4384, #4367, #231, #1629, #4434, #895, #1263, #202, #538, #1944, #3336, #2666, #2313, #3359, #1602, #3022, #4409, #2689, #4072, #1536, #939, #2333, #582, #3748, #2712, #610, #2006, #135, #1644, #2770, #4494 ),
 ( #1256, #2683, #3059, #2330, #4066, #951, #3813, #3718, #934, #4160, #2000, #2350, #219, #1354, #575, #2045, #601, #2375, #2070, #4111, #3372, #288, #3420, #2423, #1621, #3768, #4089, #4448, #1305, #1693, #265, #2023, #1972, #2723, #2708, #3108, #1018, #3466, #3038, #4137, #3085, #4426, #1277, #3741, #3394, #242, #1667, #4397, #975, #4469, #627, #1329, #2747, #317, #2398, #3791, #652, #3439, #3011, #1741, #4534, #3554, #2448, #2520, #1375 ) ),
 .UNSPECIFIED., .F., .F., .F. ) 
 B_SPLINE_SURFACE_WITH_KNOTS ( ( 2, 2 ),
 ( 3, 2, 2, 2, 2, 2, 2, 2, 2, 2, 2, 2, 2, 2, 2, 2, 2, 2, 2, 2, 2, 2, 2, 2, 2, 2, 2, 2, 2, 2, 2, 2, 3 ),
 ( 0.000000000000000000, 1.000000000000000000 ),
 ( 0.000000000000000000, 0.03125000000000000000, 0.06250000000000000000, 0.09375000000000000000, 0.1250000000000000000, 0.1562500000000000000, 0.1875000000000000000, 0.2187500000000000000, 0.2500000000000000000, 0.2812500000000000000, 0.3125000000000000000, 0.3437500000000000000, 0.3750000000000000000, 0.4062500000000000000, 0.4375000000000000000, 0.4687500000000000000, 0.5000000000000000000, 0.5312500000000000000, 0.5625000000000000000, 0.5937500000000000000, 0.6250000000000000000, 0.6562500000000000000, 0.6875000000000000000, 0.7187500000000000000, 0.7500000000000000000, 0.7812500000000000000, 0.8125000000000000000, 0.8437500000000000000, 0.8750000000000000000, 0.9062500000000000000, 0.9375000000000000000, 0.9687500000000000000, 1.000000000000000000 ),
 .UNSPECIFIED. ) 
 GEOMETRIC_REPRESENTATION_ITEM ( )  RATIONAL_B_SPLINE_SURFACE ( (
 ( 1.000000000000000000, 0.9238795325112867385, 1.000000000000000000, 0.9238795325112867385, 1.000000000000000000, 0.9238795325112867385, 1.000000000000000000, 0.9238795325112867385, 1.000000000000000000, 0.9238795325112867385, 1.000000000000000000, 0.9238795325112867385, 1.000000000000000000, 0.9238795325112867385, 1.000000000000000000, 0.9238795325112867385, 1.000000000000000000, 0.9238795325112867385, 1.000000000000000000, 0.9238795325112867385, 1.000000000000000000, 0.9238795325112867385, 1.000000000000000000, 0.9238795325112867385, 1.000000000000000000, 0.9238795325112867385, 1.000000000000000000, 0.9238795325112867385, 1.000000000000000000, 0.9238795325112867385, 1.000000000000000000, 0.9238795325112867385, 1.000000000000000000, 0.9238795325112867385, 1.000000000000000000, 0.9238795325112867385, 1.000000000000000000, 0.9238795325112867385, 1.000000000000000000, 0.9238795325112867385, 1.000000000000000000, 0.9238795325112867385, 1.000000000000000000, 0.9238795325112867385, 1.000000000000000000, 0.9238795325112867385, 1.000000000000000000, 0.9238795325112867385, 1.000000000000000000, 0.9238795325112867385, 1.000000000000000000, 0.9238795325112867385, 1.000000000000000000, 0.9238795325112867385, 1.000000000000000000, 0.9238795325112867385, 1.000000000000000000, 0.9238795325112867385, 1.000000000000000000, 0.9238795325112867385, 1.000000000000000000, 0.9238795325112867385, 1.000000000000000000, 0.9238795325112867385, 1.000000000000000000),
 ( 1.000000000000000000, 0.9238795325112867385, 1.000000000000000000, 0.9238795325112867385, 1.000000000000000000, 0.9238795325112867385, 1.000000000000000000, 0.9238795325112867385, 1.000000000000000000, 0.9238795325112867385, 1.000000000000000000, 0.9238795325112867385, 1.000000000000000000, 0.9238795325112867385, 1.000000000000000000, 0.9238795325112867385, 1.000000000000000000, 0.9238795325112867385, 1.000000000000000000, 0.9238795325112867385, 1.000000000000000000, 0.9238795325112867385, 1.000000000000000000, 0.9238795325112867385, 1.000000000000000000, 0.9238795325112867385, 1.000000000000000000, 0.9238795325112867385, 1.000000000000000000, 0.9238795325112867385, 1.000000000000000000, 0.9238795325112867385, 1.000000000000000000, 0.9238795325112867385, 1.000000000000000000, 0.9238795325112867385, 1.000000000000000000, 0.9238795325112867385, 1.000000000000000000, 0.9238795325112867385, 1.000000000000000000, 0.9238795325112867385, 1.000000000000000000, 0.9238795325112867385, 1.000000000000000000, 0.9238795325112867385, 1.000000000000000000, 0.9238795325112867385, 1.000000000000000000, 0.9238795325112867385, 1.000000000000000000, 0.9238795325112867385, 1.000000000000000000, 0.9238795325112867385, 1.000000000000000000, 0.9238795325112867385, 1.000000000000000000, 0.9238795325112867385, 1.000000000000000000, 0.9238795325112867385, 1.000000000000000000, 0.9238795325112867385, 1.000000000000000000, 0.9238795325112867385, 1.000000000000000000) ) ) 
 REPRESENTATION_ITEM ( '' )  SURFACE ( )  );
#3120 =( LENGTH_UNIT ( ) NAMED_UNIT ( * ) SI_UNIT ( .MILLI., .METRE. ) );
#3121 = CARTESIAN_POINT ( 'NONE',  ( 13.29877818578986215, -0.2743589743589742724, 0.4054690936036221549 ) ) ;
#3122 = CARTESIAN_POINT ( 'NONE',  ( -13.40000000000000036, 7.750000000000000888, 8.205133554287266562E-16 ) ) ;
#3123 = ORIENTED_EDGE ( 'NONE', *, *, #816, .F. ) ;
#3124 = PLANE ( 'NONE',  #2965 ) ;
#3125 = VERTEX_POINT ( 'NONE', #4363 ) ;
#3126 = CARTESIAN_POINT ( 'NONE',  ( 13.29877818578986215, 1.699828267867757425, 0.2533199975026420026 ) ) ;
#3127 = CARTESIAN_POINT ( 'NONE',  ( 14.09999999999999787, 5.781204824524791341, -5.840411229460648279 ) ) ;
#3128 = CARTESIAN_POINT ( 'NONE',  ( 0.000000000000000000, -1.300000000000000044, 0.000000000000000000 ) ) ;
#3129 =( LENGTH_UNIT ( ) NAMED_UNIT ( * ) SI_UNIT ( .MILLI., .METRE. ) );
#3130 = ORIENTED_EDGE ( 'NONE', *, *, #4473, .T. ) ;
#3131 = PRESENTATION_LAYER_ASSIGNMENT (  '', '', ( #3415 ) ) ;
#3132 =( LENGTH_UNIT ( ) NAMED_UNIT ( * ) SI_UNIT ( .MILLI., .METRE. ) );
#3133 = SURFACE_STYLE_FILL_AREA ( #3423 ) ;
#3134 = ADVANCED_FACE ( 'NONE', ( #3424 ), #3495, .T. ) ;
#3135 = CARTESIAN_POINT ( 'NONE',  ( 13.39232934043297618, 0.03328883061082911488, -0.8671714316984816540 ) ) ;
#3136 =( NAMED_UNIT ( * ) PLANE_ANGLE_UNIT ( ) SI_UNIT ( $, .RADIAN. ) );
#3137 = DIRECTION ( 'NONE',  ( 0.000000000000000000, -0.000000000000000000, -1.000000000000000000 ) ) ;
#3138 = CARTESIAN_POINT ( 'NONE',  ( 13.29877818578986570, 0.9146422099184834398, -0.4235522241165464163 ) ) ;
#3139 = ORIENTED_EDGE ( 'NONE', *, *, #2387, .F. ) ;
#3140 =( NAMED_UNIT ( * ) SI_UNIT ( $, .STERADIAN. ) SOLID_ANGLE_UNIT ( ) );
#3141 = EDGE_CURVE ( 'NONE', #2269, #1341, #956, .T. ) ;
#3142 = CARTESIAN_POINT ( 'NONE',  ( 13.29877818578986037, 1.032978080797706699, -0.2445722683324284552 ) ) ;
#3143 = PRESENTATION_LAYER_ASSIGNMENT (  '', '', ( #1660 ) ) ;
#3144 = DIRECTION ( 'NONE',  ( 0.000000000000000000, -0.000000000000000000, -1.000000000000000000 ) ) ;
#3145 = CARTESIAN_POINT ( 'NONE',  ( 0.000000000000000000, 8.000000000000000000, 13.40000000000000036 ) ) ;
#3146 = ORIENTED_EDGE ( 'NONE', *, *, #3973, .T. ) ;
#3147 = EDGE_LOOP ( 'NONE', ( #784 ) ) ;
#3148 = CARTESIAN_POINT ( 'NONE',  ( 13.40214012082287631, 1.687035229855017526, -0.09717548437462161792 ) ) ;
#3149 = DIRECTION ( 'NONE',  ( 0.000000000000000000, 1.000000000000000000, 0.000000000000000000 ) ) ;
#3150 = CARTESIAN_POINT ( 'NONE',  ( -13.40000000000000036, 7.012500000000000178, 5.550461735799474994 ) ) ;
#3151 = VECTOR ( 'NONE', #4382, 1000.000000000000000 ) ;
#3152 =( NAMED_UNIT ( * ) SI_UNIT ( $, .STERADIAN. ) SOLID_ANGLE_UNIT ( ) );
#3153 = EDGE_LOOP ( 'NONE', ( #2415, #692, #1826, #3187 ) ) ;
#3154 = DIRECTION ( 'NONE',  ( 0.000000000000000000, 1.000000000000000000, 0.000000000000000000 ) ) ;
#3155 = CARTESIAN_POINT ( 'NONE',  ( 13.39177138126016153, -0.2028445512820512553, -0.4695309063963780116 ) ) ;
#3156 = CYLINDRICAL_SURFACE ( 'NONE', #658, 12.60000000000000142 ) ;
#3157 = UNCERTAINTY_MEASURE_WITH_UNIT (LENGTH_MEASURE( 1.000000000000000082E-05 ), #3264, 'distance_accuracy_value', 'NONE');
#3158 = EDGE_CURVE ( 'NONE', #4032, #4017, #807, .T. ) ;
#3159 = PRESENTATION_STYLE_ASSIGNMENT (( #2849 ) ) ;
#3160 =( NAMED_UNIT ( * ) SI_UNIT ( $, .STERADIAN. ) SOLID_ANGLE_UNIT ( ) );
#3161 = ORIENTED_EDGE ( 'NONE', *, *, #284, .F. ) ;
#3162 = CARTESIAN_POINT ( 'NONE',  ( 13.29877818578986570, 0.9146422099184834398, -0.4235522241165464163 ) ) ;
#3163 = EDGE_CURVE ( 'NONE', #2273, #1319, #681, .T. ) ;
#3164 =( GEOMETRIC_REPRESENTATION_CONTEXT ( 3 ) GLOBAL_UNCERTAINTY_ASSIGNED_CONTEXT ( ( #3039 ) ) GLOBAL_UNIT_ASSIGNED_CONTEXT ( ( #3065, #4454, #2460 ) ) REPRESENTATION_CONTEXT ( 'NONE', 'WORKASPACE' ) );
#3165 = CARTESIAN_POINT ( 'NONE',  ( 5.550461735799472329, 6.437500000000000888, -13.40000000000000391 ) ) ;
#3166 = ORIENTED_EDGE ( 'NONE', *, *, #3196, .F. ) ;
#3167 = AXIS2_PLACEMENT_3D ( 'NONE', #4500, #2508, #3205 ) ;
#3168 = DIRECTION ( 'NONE',  ( 0.000000000000000000, -1.000000000000000000, 0.000000000000000000 ) ) ;
#3169 = CIRCLE ( 'NONE', #1471, 12.60000000000000142 ) ;
#3170 = DIRECTION ( 'NONE',  ( 0.000000000000000000, -1.000000000000000000, 0.000000000000000000 ) ) ;
#3171 = DIRECTION ( 'NONE',  ( 0.000000000000000000, 0.4511465413988249296, -0.8924498855307666512 ) ) ;
#3172 = CARTESIAN_POINT ( 'NONE',  ( 13.29877818578986215, 0.6684504717627619552, -0.4908665070233156347 ) ) ;
#3173 = CARTESIAN_POINT ( 'NONE',  ( 5.550461735799483876, 7.262500000000001066, 13.39999999999999680 ) ) ;
#3174 = VECTOR ( 'NONE', #2768, 1000.000000000000000 ) ;
#3175 = FACE_OUTER_BOUND ( 'NONE', #3555, .T. ) ;
#3176 = VERTEX_POINT ( 'NONE', #705 ) ;
#3177 = PRESENTATION_LAYER_ASSIGNMENT (  '', '', ( #2148 ) ) ;
#3178 = COLOUR_RGB ( '',0.2941176470588235392, 0.2745098039215686514, 1.000000000000000000 ) ;
#3179 = DIRECTION ( 'NONE',  ( 0.4909038334306846663, 0.000000000000000000, -0.8712137661464370852 ) ) ;
#3180 = CARTESIAN_POINT ( 'NONE',  ( 0.9806196540244083160, -0.2294871794871792547, 13.29790144351676950 ) ) ;
#3181 = CARTESIAN_POINT ( 'NONE',  ( 0.000000000000000000, 10.00000000000000000, 0.000000000000000000 ) ) ;
#3182 = CARTESIAN_POINT ( 'NONE',  ( 0.000000000000000000, 8.200000000000001066, 13.40000000000000036 ) ) ;
#3183 =( NAMED_UNIT ( * ) SI_UNIT ( $, .STERADIAN. ) SOLID_ANGLE_UNIT ( ) );
#3184 = AXIS2_PLACEMENT_3D ( 'NONE', #4145, #1050, #639 ) ;
#3185 = CARTESIAN_POINT ( 'NONE',  ( 13.29877818578855475, 0.3578206901135075335, -0.008798754165037657796 ) ) ;
#3186 = DIRECTION ( 'NONE',  ( 0.000000000000000000, 1.000000000000000000, 0.000000000000000000 ) ) ;
#3187 = ORIENTED_EDGE ( 'NONE', *, *, #980, .F. ) ;
#3188 =( NAMED_UNIT ( * ) PLANE_ANGLE_UNIT ( ) SI_UNIT ( $, .RADIAN. ) );
#3189 = FILL_AREA_STYLE ('',( #712 ) ) ;
#3190 = CARTESIAN_POINT ( 'NONE',  ( -13.40000000000000036, 7.687500000000000888, -5.550461735799474106 ) ) ;
#3191 = VERTEX_POINT ( 'NONE', #1465 ) ;
#3192 = SURFACE_SIDE_STYLE ('',( #3595 ) ) ;
#3193 = CARTESIAN_POINT ( 'NONE',  ( 0.000000000000000000, 3.237935071945527543, 0.000000000000000000 ) ) ;
#3194 = CARTESIAN_POINT ( 'NONE',  ( 0.000000000000000000, 8.599999999999999645, 13.40000000000000036 ) ) ;
#3195 = CARTESIAN_POINT ( 'NONE',  ( -1.641026710857453312E-15, 6.700000000000001066, -13.40000000000000036 ) ) ;
#3196 = EDGE_CURVE ( 'NONE', #523, #3102, #4212, .T. ) ;
#3197 = ORIENTED_EDGE ( 'NONE', *, *, #138, .T. ) ;
#3198 = SURFACE_STYLE_FILL_AREA ( #3535 ) ;
#3199 = CARTESIAN_POINT ( 'NONE',  ( 9.970205614730321741, 6.856295175475212389, 9.970205614730318189 ) ) ;
#3200 = VECTOR ( 'NONE', #3228, 1000.000000000000000 ) ;
#3201 = LINE ( 'NONE', #4255, #2848 ) ;
#3202 = DIRECTION ( 'NONE',  ( 0.9999780368040421807, -0.000000000000000000, 0.006627662448678010854 ) ) ;
#3203 = CARTESIAN_POINT ( 'NONE',  ( -9.970205614730319965, 6.343704824524790453, 9.970205614730319965 ) ) ;
#3204 = MECHANICAL_DESIGN_GEOMETRIC_PRESENTATION_REPRESENTATION (  '', ( #638 ), #1497 ) ;
#3205 = DIRECTION ( 'NONE',  ( 0.000000000000000000, 0.000000000000000000, -1.000000000000000000 ) ) ;
#3206 = CARTESIAN_POINT ( 'NONE',  ( 13.40129048890766761, 0.3846598658757187650, -0.2118841006327477350 ) ) ;
#3207 = CARTESIAN_POINT ( 'NONE',  ( 11.73452407141603437, -1.300000000000000044, -4.395247113234060699 ) ) ;
#3208 = CARTESIAN_POINT ( 'NONE',  ( -15.67069872835678801, 1.766390046959026572, -11.31245942397727688 ) ) ;
#3209 = CARTESIAN_POINT ( 'NONE',  ( -13.40000000000000036, 5.812500000000001776, 5.550461735799474994 ) ) ;
#3210 = VERTEX_POINT ( 'NONE', #4258 ) ;
#3211 = CYLINDRICAL_SURFACE ( 'NONE', #2746, 1.289999999999904112 ) ;
#3212 = ADVANCED_FACE ( 'NONE', ( #2866 ), #3156, .F. ) ;
#3213 = DIRECTION ( 'NONE',  ( 0.000000000000000000, 0.000000000000000000, -1.000000000000000000 ) ) ;
#3214 = DIRECTION ( 'NONE',  ( 0.8712137661464369742, -0.000000000000000000, 0.4909038334306846108 ) ) ;
#3215 = ADVANCED_FACE ( 'NONE', ( #1111 ), #3585, .T. ) ;
#3216 = ORIENTED_EDGE ( 'NONE', *, *, #1898, .T. ) ;
#3217 = PRESENTATION_STYLE_ASSIGNMENT (( #1441 ) ) ;
#3218 = VECTOR ( 'NONE', #4070, 1000.000000000000000 ) ;
#3219 = CARTESIAN_POINT ( 'NONE',  ( -14.09999999999999964, 8.481295175475212389, 8.633759933988839975E-16 ) ) ;
#3220 = CARTESIAN_POINT ( 'NONE',  ( -0.09630342289866861138, 1.071794871794871984, 13.29790144351676950 ) ) ;
#3221 = DIRECTION ( 'NONE',  ( -1.000000000000000000, 0.000000000000000000, 0.000000000000000000 ) ) ;
#3222 = CARTESIAN_POINT ( 'NONE',  ( -14.09999999999999964, 6.218704824524790453, 8.633759933988839975E-16 ) ) ;
#3223 = CARTESIAN_POINT ( 'NONE',  ( 0.000000000000000000, 8.600000000000001421, 14.09999999999999964 ) ) ;
#3224 = UNCERTAINTY_MEASURE_WITH_UNIT (LENGTH_MEASURE( 1.000000000000000082E-05 ), #497, 'distance_accuracy_value', 'NONE');
#3225 = COLOUR_RGB ( '',0.2941176470588235392, 0.2745098039215686514, 1.000000000000000000 ) ;
#3226 = DIRECTION ( 'NONE',  ( 0.000000000000000000, 0.000000000000000000, 1.000000000000000000 ) ) ;
#3227 = PLANE ( 'NONE',  #64 ) ;
#3228 = DIRECTION ( 'NONE',  ( -1.000000000000000000, -0.000000000000000000, -0.000000000000000000 ) ) ;
#3229 = SURFACE_STYLE_USAGE ( .BOTH. , #1472 ) ;
#3230 = COLOUR_RGB ( '',0.2941176470588235392, 0.2745098039215686514, 1.000000000000000000 ) ;
#3231 = ORIENTED_EDGE ( 'NONE', *, *, #323, .F. ) ;
#3232 = PRESENTATION_STYLE_ASSIGNMENT (( #3938 ) ) ;
#3233 = ORIENTED_EDGE ( 'NONE', *, *, #3886, .T. ) ;
#3234 = CARTESIAN_POINT ( 'NONE',  ( 13.29877818578986215, 1.261929886947140256, -0.9653505588420876471 ) ) ;
#3235 = COLOUR_RGB ( '',0.2941176470588235392, 0.2745098039215686514, 1.000000000000000000 ) ;
#3236 = PRESENTATION_LAYER_ASSIGNMENT (  '', '', ( #1534 ) ) ;
#3237 = DIRECTION ( 'NONE',  ( 0.8712137661464369742, -0.000000000000000000, 0.4909038334306846108 ) ) ;
#3238 = CARTESIAN_POINT ( 'NONE',  ( 13.29877818578986037, 0.5480121472158092644, -0.4579144548525627689 ) ) ;
#3239 = SURFACE_SIDE_STYLE ('',( #3530 ) ) ;
#3240 = STYLED_ITEM ( 'NONE', ( #2582 ), #668 ) ;
#3241 = ORIENTED_EDGE ( 'NONE', *, *, #844, .T. ) ;
#3242 = CARTESIAN_POINT ( 'NONE',  ( -13.78568851628465808, 3.218914651395904158, -14.65781290106666823 ) ) ;
#3243 = FILL_AREA_STYLE ('',( #2571 ) ) ;
#3244 = CARTESIAN_POINT ( 'NONE',  ( 13.38845943472548683, -0.1675857401020122706, -0.5639929113785370207 ) ) ;
#3245 = CARTESIAN_POINT ( 'NONE',  ( 5.840411229460650056, 5.531204824524791341, 14.09999999999999787 ) ) ;
#3246 = CARTESIAN_POINT ( 'NONE',  ( 0.000000000000000000, 10.00000000000000000, 0.000000000000000000 ) ) ;
#3247 = VECTOR ( 'NONE', #561, 1000.000000000000000 ) ;
#3248 = AXIS2_PLACEMENT_3D ( 'NONE', #616, #4480, #2804 ) ;
#3249 = FILL_AREA_STYLE_COLOUR ( '', #3804 ) ;
#3250 = PRESENTATION_LAYER_ASSIGNMENT (  '', '', ( #3465 ) ) ;
#3251 = AXIS2_PLACEMENT_3D ( 'NONE', #3437, #285, #1350 ) ;
#3252 = EDGE_CURVE ( 'NONE', #4017, #1227, #3888, .T. ) ;
#3253 = ORIENTED_EDGE ( 'NONE', *, *, #760, .T. ) ;
#3254 =( NAMED_UNIT ( * ) SI_UNIT ( $, .STERADIAN. ) SOLID_ANGLE_UNIT ( ) );
#3255 = VERTEX_POINT ( 'NONE', #438 ) ;
#3256 = CARTESIAN_POINT ( 'NONE',  ( 13.29877818578985504, 1.675969005689324609, -0.2097028635276713127 ) ) ;
#3257 = FILL_AREA_STYLE_COLOUR ( '', #3931 ) ;
#3258 = CARTESIAN_POINT ( 'NONE',  ( 0.000000000000000000, 6.200000000000001066, 13.40000000000000036 ) ) ;
#3259 =( BOUNDED_CURVE ( )  B_SPLINE_CURVE ( 3, ( #97, #1142, #2177, #3937 ),
 .UNSPECIFIED., .F., .T. ) 
 B_SPLINE_CURVE_WITH_KNOTS ( ( 4, 4 ),
 ( 1.475336245587861139, 1.535749532822195063 ),
 .UNSPECIFIED. ) 
 CURVE ( )  GEOMETRIC_REPRESENTATION_ITEM ( )  RATIONAL_B_SPLINE_CURVE ( ( 1.000000000000000000, 0.9996958760194571969, 0.9996958760194571969, 1.000000000000000000 ) ) 
 REPRESENTATION_ITEM ( '' )  );
#3260 = VERTEX_POINT ( 'NONE', #1840 ) ;
#3261 = CARTESIAN_POINT ( 'NONE',  ( -5.840411229460643838, 6.293795175475212389, -14.10000000000000142 ) ) ;
#3262 = CARTESIAN_POINT ( 'NONE',  ( 0.000000000000000000, 6.731295175475212389, 14.09999999999999964 ) ) ;
#3263 = DIRECTION ( 'NONE',  ( -0.000000000000000000, -0.000000000000000000, 1.000000000000000000 ) ) ;
#3264 =( LENGTH_UNIT ( ) NAMED_UNIT ( * ) SI_UNIT ( .MILLI., .METRE. ) );
#3265 = CARTESIAN_POINT ( 'NONE',  ( -9.970205614730319965, 7.343704824524790453, 9.970205614730319965 ) ) ;
#3266 = DIRECTION ( 'NONE',  ( -1.000000000000000000, 0.000000000000000000, -0.000000000000000000 ) ) ;
#3267 = UNCERTAINTY_MEASURE_WITH_UNIT (LENGTH_MEASURE( 1.000000000000000082E-05 ), #4157, 'distance_accuracy_value', 'NONE');
#3268 = CARTESIAN_POINT ( 'NONE',  ( 0.000000000000000000, 8.468704824524790453, 14.09999999999999964 ) ) ;
#3269 = EDGE_CURVE ( 'NONE', #2466, #2720, #750, .T. ) ;
#3270 = CARTESIAN_POINT ( 'NONE',  ( 13.29877818578855475, 0.3846598658757187650, -0.2118841006327477350 ) ) ;
#3271 = DIRECTION ( 'NONE',  ( -1.000000000000000000, -0.000000000000000000, -0.000000000000000000 ) ) ;
#3272 = EDGE_CURVE ( 'NONE', #2255, #4529, #1820, .T. ) ;
#3273 = ORIENTED_EDGE ( 'NONE', *, *, #1330, .F. ) ;
#3274 = CARTESIAN_POINT ( 'NONE',  ( -4.962382004931043866, 0.6999999999999999556, 11.50959012463679620 ) ) ;
#3275 = EDGE_LOOP ( 'NONE', ( #2779, #72, #2668, #2017 ) ) ;
#3276 = ADVANCED_FACE ( 'NONE', ( #2574 ), #1937, .T. ) ;
#3277 = CARTESIAN_POINT ( 'NONE',  ( 0.000000000000000000, -1.300000000000000044, 0.000000000000000000 ) ) ;
#3278 =( NAMED_UNIT ( * ) PLANE_ANGLE_UNIT ( ) SI_UNIT ( $, .RADIAN. ) );
#3279 = CARTESIAN_POINT ( 'NONE',  ( 9.475230867899735898, 5.575000000000000178, -9.475230867899739451 ) ) ;
#3280 = ORIENTED_EDGE ( 'NONE', *, *, #2293, .F. ) ;
#3281 = AXIS2_PLACEMENT_3D ( 'NONE', #3121, #329, #2782 ) ;
#3282 = CARTESIAN_POINT ( 'NONE',  ( 5.840411229460650056, 6.793795175475212389, 14.09999999999999609 ) ) ;
#3283 = CARTESIAN_POINT ( 'NONE',  ( -9.970205614730319965, 8.093704824524790453, -9.970205614730319965 ) ) ;
#3284 =( NAMED_UNIT ( * ) PLANE_ANGLE_UNIT ( ) SI_UNIT ( $, .RADIAN. ) );
#3285 = CARTESIAN_POINT ( 'NONE',  ( -4.962382004931043866, 1.600000000000000755, 11.50959012463679620 ) ) ;
#3286 = CARTESIAN_POINT ( 'NONE',  ( 5.550461735799471441, 5.637500000000000178, -13.40000000000000391 ) ) ;
#3287 =( LENGTH_UNIT ( ) NAMED_UNIT ( * ) SI_UNIT ( .MILLI., .METRE. ) );
#3288 = COLOUR_RGB ( '',0.2941176470588235392, 0.2745098039215686514, 1.000000000000000000 ) ;
#3289 = CARTESIAN_POINT ( 'NONE',  ( 13.29877818578986215, -0.2028445512820512553, -0.4695309063963780116 ) ) ;
#3290 = EDGE_CURVE ( 'NONE', #759, #1062, #126, .T. ) ;
#3291 = ORIENTED_EDGE ( 'NONE', *, *, #1162, .T. ) ;
#3292 = FACE_OUTER_BOUND ( 'NONE', #1440, .T. ) ;
#3293 = VERTEX_POINT ( 'NONE', #3331 ) ;
#3294 = CARTESIAN_POINT ( 'NONE',  ( -12.53396428571428700, 3.400000000000000355, -1.288308691439584264 ) ) ;
#3295 = EDGE_CURVE ( 'NONE', #4222, #3849, #661, .T. ) ;
#3296 = DIRECTION ( 'NONE',  ( 0.006627662448678010854, -0.000000000000000000, -0.9999780368040421807 ) ) ;
#3297 = DIRECTION ( 'NONE',  ( 0.000000000000000000, -1.000000000000000000, 0.000000000000000000 ) ) ;
#3298 = CARTESIAN_POINT ( 'NONE',  ( -9.475230867899737675, 5.825000000000000178, -9.475230867899735898 ) ) ;
#3299 = AXIS2_PLACEMENT_3D ( 'NONE', #776, #2170, #439 ) ;
#3300 = MECHANICAL_DESIGN_GEOMETRIC_PRESENTATION_REPRESENTATION (  '', ( #443 ), #1392 ) ;
#3301 = ORIENTED_EDGE ( 'NONE', *, *, #615, .F. ) ;
#3302 = CARTESIAN_POINT ( 'NONE',  ( -14.09999999999999964, 8.218704824524790453, 8.633759933988839975E-16 ) ) ;
#3303 = PLANE ( 'NONE',  #4364 ) ;
#3304 = CARTESIAN_POINT ( 'NONE',  ( 0.000000000000000000, -2.160025235603923566, 0.000000000000000000 ) ) ;
#3305 = CARTESIAN_POINT ( 'NONE',  ( 9.475230867899735898, 6.575000000000001066, -9.475230867899739451 ) ) ;
#3306 = COLOUR_RGB ( '',0.2941176470588235392, 0.2745098039215686514, 1.000000000000000000 ) ;
#3307 = FILL_AREA_STYLE_COLOUR ( '', #3288 ) ;
#3308 = UNCERTAINTY_MEASURE_WITH_UNIT (LENGTH_MEASURE( 1.000000000000000082E-05 ), #286, 'distance_accuracy_value', 'NONE');
#3309 = PRESENTATION_LAYER_ASSIGNMENT (  '', '', ( #4117 ) ) ;
#3310 = APPLICATION_PROTOCOL_DEFINITION ( 'draft international standard', 'automotive_design', 1998, #2464 ) ;
#3311 = CARTESIAN_POINT ( 'NONE',  ( -0.09630342289866861138, 0.3987179487179490778, 13.29790144351676950 ) ) ;
#3312 = DIRECTION ( 'NONE',  ( -0.000000000000000000, -1.000000000000000000, -0.000000000000000000 ) ) ;
#3313 = AXIS2_PLACEMENT_3D ( 'NONE', #3069, #2011, #1752 ) ;
#3314 = ORIENTED_EDGE ( 'NONE', *, *, #3080, .T. ) ;
#3315 = VECTOR ( 'NONE', #3582, 1000.000000000000000 ) ;
#3316 = CIRCLE ( 'NONE', #1701, 13.40000000000000036 ) ;
#3317 = LINE ( 'NONE', #873, #2662 ) ;
#3318 = ORIENTED_EDGE ( 'NONE', *, *, #615, .T. ) ;
#3319 = DIRECTION ( 'NONE',  ( 0.000000000000000000, 0.000000000000000000, -1.000000000000000000 ) ) ;
#3320 = CARTESIAN_POINT ( 'NONE',  ( 0.000000000000000000, 10.00000000000000000, 0.000000000000000000 ) ) ;
#3321 = CIRCLE ( 'NONE', #536, 13.40000000000000036 ) ;
#3322 = CARTESIAN_POINT ( 'NONE',  ( 13.29877818578986215, 0.3538461538461538103, 0.4054690936036221549 ) ) ;
#3323 = CARTESIAN_POINT ( 'NONE',  ( -5.875951837458691429, -1.300000000000000044, 10.55720291093416563 ) ) ;
#3324 = CARTESIAN_POINT ( 'NONE',  ( 9.970205614730319965, 7.843704824524790453, -9.970205614730321741 ) ) ;
#3325 = LINE ( 'NONE', #3345, #455 ) ;
#3326 = VERTEX_POINT ( 'NONE', #843 ) ;
#3327 = CARTESIAN_POINT ( 'NONE',  ( 0.000000000000000000, 6.468704824524791341, 14.09999999999999964 ) ) ;
#3328 = DIRECTION ( 'NONE',  ( 0.000000000000000000, -1.000000000000000000, -0.000000000000000000 ) ) ;
#3329 = CARTESIAN_POINT ( 'NONE',  ( -13.40000000000000036, 5.012500000000001066, 5.550461735799474106 ) ) ;
#3330 = ADVANCED_FACE ( 'NONE', ( #3999 ), #2595, .T. ) ;
#3331 = CARTESIAN_POINT ( 'NONE',  ( 11.67609591196360164, 0.6999999999999999556, 4.420361200519161926 ) ) ;
#3332 = DIRECTION ( 'NONE',  ( 1.099124939299452348E-12, 1.000000000000000000, 0.000000000000000000 ) ) ;
#3333 = DIRECTION ( 'NONE',  ( 0.000000000000000000, 0.000000000000000000, 1.000000000000000000 ) ) ;
#3334 = UNCERTAINTY_MEASURE_WITH_UNIT (LENGTH_MEASURE( 1.000000000000000082E-05 ), #2743, 'distance_accuracy_value', 'NONE');
#3335 = FILL_AREA_STYLE ('',( #1943 ) ) ;
#3336 = CARTESIAN_POINT ( 'NONE',  ( 13.40000000000000036, 6.250000000000000888, -2.461540066286179870E-15 ) ) ;
#3337 = SURFACE_SIDE_STYLE ('',( #583 ) ) ;
#3338 = ORIENTED_EDGE ( 'NONE', *, *, #2727, .T. ) ;
#3339 = CARTESIAN_POINT ( 'NONE',  ( 6.553560065129619971, 0.6999999999999999556, 10.62646034016815122 ) ) ;
#3340 = SURFACE_STYLE_FILL_AREA ( #542 ) ;
#3341 = AXIS2_PLACEMENT_3D ( 'NONE', #1648, #630, #268 ) ;
#3342 = SURFACE_SIDE_STYLE ('',( #2966 ) ) ;
#3343 = CYLINDRICAL_SURFACE ( 'NONE', #2175, 12.52591063589761156 ) ;
#3344 = CARTESIAN_POINT ( 'NONE',  ( 13.40000000000000036, 5.450000000000001066, -2.461540066286179870E-15 ) ) ;
#3345 = CARTESIAN_POINT ( 'NONE',  ( -0.09630342289866861138, -0.2294871794871792547, 13.29790144351676950 ) ) ;
#3346 = EDGE_CURVE ( 'NONE', #3293, #1519, #2261, .T. ) ;
#3347 = ORIENTED_EDGE ( 'NONE', *, *, #1357, .T. ) ;
#3348 = CARTESIAN_POINT ( 'NONE',  ( -14.10000000000000320, 7.156204824524791341, -5.840411229460639397 ) ) ;
#3349 = DIRECTION ( 'NONE',  ( 0.000000000000000000, 0.000000000000000000, 1.000000000000000000 ) ) ;
#3350 = CARTESIAN_POINT ( 'NONE',  ( 0.000000000000000000, 4.200000000000000178, 13.40000000000000036 ) ) ;
#3351 = DIRECTION ( 'NONE',  ( 0.000000000000000000, -1.000000000000000000, 0.000000000000000000 ) ) ;
#3352 = EDGE_CURVE ( 'NONE', #3440, #2627, #1596, .T. ) ;
#3353 = UNCERTAINTY_MEASURE_WITH_UNIT (LENGTH_MEASURE( 1.000000000000000082E-05 ), #4482, 'distance_accuracy_value', 'NONE');
#3354 = FILL_AREA_STYLE_COLOUR ( '', #3779 ) ;
#3355 = FACE_BOUND ( 'NONE', #628, .T. ) ;
#3356 = FILL_AREA_STYLE ('',( #4047 ) ) ;
#3357 = ADVANCED_FACE ( 'NONE', ( #1908 ), #2007, .T. ) ;
#3358 = EDGE_LOOP ( 'NONE', ( #3733, #4345, #2248, #4523 ) ) ;
#3359 = CARTESIAN_POINT ( 'NONE',  ( 5.550461735799482987, 6.062500000000001776, 13.39999999999999680 ) ) ;
#3360 = AXIS2_PLACEMENT_3D ( 'NONE', #1022, #2776, #3816 ) ;
#3361 = CARTESIAN_POINT ( 'NONE',  ( 13.29877818578986215, -0.2028445512820512553, -0.4695309063963780116 ) ) ;
#3362 = EDGE_LOOP ( 'NONE', ( #3769, #4326, #4488, #3578 ) ) ;
#3363 = CARTESIAN_POINT ( 'NONE',  ( -12.53396428571428700, 13.15621570892968606, -1.288308691439584264 ) ) ;
#3364 =( NAMED_UNIT ( * ) PLANE_ANGLE_UNIT ( ) SI_UNIT ( $, .RADIAN. ) );
#3365 = CARTESIAN_POINT ( 'NONE',  ( 9.970205614730319965, 8.106295175475212389, -9.970205614730321741 ) ) ;
#3366 = SURFACE_SIDE_STYLE ('',( #2319 ) ) ;
#3367 = CARTESIAN_POINT ( 'NONE',  ( -5.840411229460643838, 5.031204824524792230, -14.10000000000000142 ) ) ;
#3368 = DIRECTION ( 'NONE',  ( 0.000000000000000000, 1.000000000000000000, 0.000000000000000000 ) ) ;
#3369 = ORIENTED_EDGE ( 'NONE', *, *, #1634, .T. ) ;
#3370 = CARTESIAN_POINT ( 'NONE',  ( -14.10000000000000320, 7.281204824524791341, 5.840411229460642950 ) ) ;
#3371 = CARTESIAN_POINT ( 'NONE',  ( -1.641026710857453312E-15, 5.700000000000000178, -13.40000000000000036 ) ) ;
#3372 = CARTESIAN_POINT ( 'NONE',  ( -14.09999999999999964, 7.481295175475212389, 8.633759933988839975E-16 ) ) ;
#3373 = FACE_BOUND ( 'NONE', #4441, .T. ) ;
#3374 = CARTESIAN_POINT ( 'NONE',  ( 13.40231090494580179, -0.7830470312227375551, -0.06482122548875562940 ) ) ;
#3375 = ORIENTED_EDGE ( 'NONE', *, *, #1503, .T. ) ;
#3376 = CARTESIAN_POINT ( 'NONE',  ( 9.475230867899739451, 7.125000000000000888, 9.475230867899734122 ) ) ;
#3377 = DIRECTION ( 'NONE',  ( 0.000000000000000000, 0.000000000000000000, -1.000000000000000000 ) ) ;
#3378 = AXIS2_PLACEMENT_3D ( 'NONE', #3023, #3749, #3377 ) ;
#3379 = ORIENTED_EDGE ( 'NONE', *, *, #955, .F. ) ;
#3380 = EDGE_CURVE ( 'NONE', #957, #2627, #604, .T. ) ;
#3381 = DIRECTION ( 'NONE',  ( 0.000000000000000000, 0.000000000000000000, 1.000000000000000000 ) ) ;
#3382 = STYLED_ITEM ( 'NONE', ( #664 ), #2318 ) ;
#3383 = CARTESIAN_POINT ( 'NONE',  ( 5.840411229460650056, 4.793795175475213277, 14.09999999999999609 ) ) ;
#3384 = FACE_OUTER_BOUND ( 'NONE', #1407, .T. ) ;
#3385 = CARTESIAN_POINT ( 'NONE',  ( -9.970205614730319965, 7.093704824524791341, -9.970205614730319965 ) ) ;
#3386 = VERTEX_POINT ( 'NONE', #2361 ) ;
#3387 = CARTESIAN_POINT ( 'NONE',  ( 13.29877818578986215, 0.7058092948717948900, -1.120171932037403506 ) ) ;
#3388 = VECTOR ( 'NONE', #2158, 1000.000000000000000 ) ;
#3389 = ORIENTED_EDGE ( 'NONE', *, *, #180, .F. ) ;
#3390 = CARTESIAN_POINT ( 'NONE',  ( 14.09999999999999964, 5.656204824524791341, 5.840411229460643838 ) ) ;
#3391 = DIRECTION ( 'NONE',  ( -1.635972270951187597E-16, 0.000000000000000000, 1.000000000000000000 ) ) ;
#3392 = SURFACE_STYLE_FILL_AREA ( #1016 ) ;
#3393 = FILL_AREA_STYLE_COLOUR ( '', #3904 ) ;
#3394 = CARTESIAN_POINT ( 'NONE',  ( 14.09999999999999964, 5.981295175475212389, -2.590127980196652091E-15 ) ) ;
#3395 = UNCERTAINTY_MEASURE_WITH_UNIT (LENGTH_MEASURE( 1.000000000000000082E-05 ), #3854, 'distance_accuracy_value', 'NONE');
#3396 = ORIENTED_EDGE ( 'NONE', *, *, #4079, .T. ) ;
#3397 = CARTESIAN_POINT ( 'NONE',  ( 12.84528761740791758, 3.218914651395904158, 0.3479741744251523272 ) ) ;
#3398 = DIRECTION ( 'NONE',  ( 0.000000000000000000, 1.000000000000000000, 0.000000000000000000 ) ) ;
#3399 = SURFACE_STYLE_FILL_AREA ( #3839 ) ;
#3400 = EDGE_CURVE ( 'NONE', #947, #4052, #3002, .T. ) ;
#3401 =( NAMED_UNIT ( * ) PLANE_ANGLE_UNIT ( ) SI_UNIT ( $, .RADIAN. ) );
#3402 = CARTESIAN_POINT ( 'NONE',  ( 13.40103461748984159, 0.7142227564102565651, -0.4919668038322754233 ) ) ;
#3403 = CARTESIAN_POINT ( 'NONE',  ( -13.29877818578986215, -1.171794871794871851, 0.1177190332752888480 ) ) ;
#3404 = EDGE_LOOP ( 'NONE', ( #311 ) ) ;
#3405 = DIRECTION ( 'NONE',  ( 0.000000000000000000, -1.000000000000000000, 0.000000000000000000 ) ) ;
#3406 = CARTESIAN_POINT ( 'NONE',  ( -3.777794512114691194, 0.6999999999999999556, 12.02032730936375593 ) ) ;
#3407 = EDGE_CURVE ( 'NONE', #1312, #3974, #4073, .T. ) ;
#3408 =( GEOMETRIC_REPRESENTATION_CONTEXT ( 3 ) GLOBAL_UNCERTAINTY_ASSIGNED_CONTEXT ( ( #1278 ) ) GLOBAL_UNIT_ASSIGNED_CONTEXT ( ( #1280, #3041, #4402 ) ) REPRESENTATION_CONTEXT ( 'NONE', 'WORKASPACE' ) );
#3409 = CARTESIAN_POINT ( 'NONE',  ( 9.970205614730321741, 6.856295175475212389, 9.970205614730318189 ) ) ;
#3410 = FILL_AREA_STYLE_COLOUR ( '', #3990 ) ;
#3411 = PRESENTATION_LAYER_ASSIGNMENT (  '', '', ( #3051 ) ) ;
#3412 = CARTESIAN_POINT ( 'NONE',  ( -14.09999999999999964, 5.218704824524790453, 8.633759933988839975E-16 ) ) ;
#3413 = ORIENTED_EDGE ( 'NONE', *, *, #551, .T. ) ;
#3414 = CARTESIAN_POINT ( 'NONE',  ( -13.29877818578986215, 1.700000000000000178, 0.1177190332752888480 ) ) ;
#3415 = STYLED_ITEM ( 'NONE', ( #4039 ), #1365 ) ;
#3416 = ORIENTED_EDGE ( 'NONE', *, *, #344, .T. ) ;
#3417 = CARTESIAN_POINT ( 'NONE',  ( 13.40214012082286388, 1.675969005689324609, -0.2097028635276713127 ) ) ;
#3418 = DIRECTION ( 'NONE',  ( -1.000000000000000000, 0.000000000000000000, -0.000000000000000000 ) ) ;
#3419 = LINE ( 'NONE', #263, #210 ) ;
#3420 = CARTESIAN_POINT ( 'NONE',  ( -9.970205614730319965, 7.356295175475213277, -9.970205614730319965 ) ) ;
#3421 = ORIENTED_EDGE ( 'NONE', *, *, #920, .F. ) ;
#3422 = DIRECTION ( 'NONE',  ( 0.000000000000000000, 0.000000000000000000, 1.000000000000000000 ) ) ;
#3423 = FILL_AREA_STYLE ('',( #4451 ) ) ;
#3424 = FACE_OUTER_BOUND ( 'NONE', #1859, .T. ) ;
#3425 = CARTESIAN_POINT ( 'NONE',  ( 13.29877818578985860, 1.051675504853140319, -0.1638421155088778114 ) ) ;
#3426 =( GEOMETRIC_REPRESENTATION_CONTEXT ( 3 ) GLOBAL_UNCERTAINTY_ASSIGNED_CONTEXT ( ( #2684 ) ) GLOBAL_UNIT_ASSIGNED_CONTEXT ( ( #723, #1084, #1814 ) ) REPRESENTATION_CONTEXT ( 'NONE', 'WORKASPACE' ) );
#3427 = ORIENTED_EDGE ( 'NONE', *, *, #411, .F. ) ;
#3428 = CARTESIAN_POINT ( 'NONE',  ( -6.146969497747394762, 13.15621570892968606, 10.99885293990983293 ) ) ;
#3429 = COLOUR_RGB ( '',0.2941176470588235392, 0.2745098039215686514, 1.000000000000000000 ) ;
#3430 = DIRECTION ( 'NONE',  ( -1.000000000000000000, 0.000000000000000000, 0.000000000000000000 ) ) ;
#3431 = CARTESIAN_POINT ( 'NONE',  ( 14.09999999999999609, 6.781204824524792230, -5.840411229460648279 ) ) ;
#3432 = VERTEX_POINT ( 'NONE', #3045 ) ;
#3433 = EDGE_CURVE ( 'NONE', #2211, #2008, #611, .T. ) ;
#3434 = LINE ( 'NONE', #4197, #2155 ) ;
#3435 = EDGE_LOOP ( 'NONE', ( #3123, #3776 ) ) ;
#3436 = CARTESIAN_POINT ( 'NONE',  ( 13.40214012082287454, 1.540178763785471583, -0.6759757648964135335 ) ) ;
#3437 = CARTESIAN_POINT ( 'NONE',  ( 0.000000000000000000, -1.300000000000000044, 0.000000000000000000 ) ) ;
#3438 = SURFACE_SIDE_STYLE ('',( #3489 ) ) ;
#3439 = CARTESIAN_POINT ( 'NONE',  ( 5.840411229460637621, 5.168795175475214165, -14.10000000000000497 ) ) ;
#3440 = VERTEX_POINT ( 'NONE', #251 ) ;
#3441 = DIRECTION ( 'NONE',  ( 0.000000000000000000, 1.000000000000000000, 0.000000000000000000 ) ) ;
#3442 = FACE_OUTER_BOUND ( 'NONE', #897, .T. ) ;
#3443 = COLOUR_RGB ( '',0.2549019607843137081, 0.2549019607843137081, 0.4980392156862745168 ) ;
#3444 = CARTESIAN_POINT ( 'NONE',  ( 13.29877818578986393, -0.1929303691669448650, -0.4960920265535260221 ) ) ;
#3445 =( NAMED_UNIT ( * ) SI_UNIT ( $, .STERADIAN. ) SOLID_ANGLE_UNIT ( ) );
#3446 =( LENGTH_UNIT ( ) NAMED_UNIT ( * ) SI_UNIT ( .MILLI., .METRE. ) );
#3447 = CARTESIAN_POINT ( 'NONE',  ( 13.29877818578986393, 1.057333811605842833, -0.1194954309300397255 ) ) ;
#3448 = VERTEX_POINT ( 'NONE', #1285 ) ;
#3449 = LINE ( 'NONE', #2731, #4483 ) ;
#3450 = AXIS2_PLACEMENT_3D ( 'NONE', #2429, #4521, #3496 ) ;
#3451 = CARTESIAN_POINT ( 'NONE',  ( -6.146969497747394762, 0.6999999999999999556, 10.99885293990983293 ) ) ;
#3452 = CARTESIAN_POINT ( 'NONE',  ( 9.970205614730321741, 5.593704824524791341, 9.970205614730318189 ) ) ;
#3453 = ORIENTED_EDGE ( 'NONE', *, *, #1864, .T. ) ;
#3454 = SURFACE_SIDE_STYLE ('',( #2416 ) ) ;
#3455 = MECHANICAL_DESIGN_GEOMETRIC_PRESENTATION_REPRESENTATION (  '', ( #1896 ), #2671 ) ;
#3456 = MECHANICAL_DESIGN_GEOMETRIC_PRESENTATION_REPRESENTATION (  '', ( #978 ), #1187 ) ;
#3457 = ADVANCED_FACE ( 'NONE', ( #2667 ), #4511, .F. ) ;
#3458 = ORIENTED_EDGE ( 'NONE', *, *, #922, .F. ) ;
#3459 = FACE_OUTER_BOUND ( 'NONE', #230, .T. ) ;
#3460 = CARTESIAN_POINT ( 'NONE',  ( 12.09710106324518541, 1.766390046959026572, 4.333894999377839952 ) ) ;
#3461 = CARTESIAN_POINT ( 'NONE',  ( 11.73452407141603437, 0.6999999999999999556, -4.395247113234060699 ) ) ;
#3462 = MECHANICAL_DESIGN_GEOMETRIC_PRESENTATION_REPRESENTATION (  '', ( #3106 ), #3756 ) ;
#3463 = LINE ( 'NONE', #949, #2805 ) ;
#3464 =( NAMED_UNIT ( * ) SI_UNIT ( $, .STERADIAN. ) SOLID_ANGLE_UNIT ( ) );
#3465 = STYLED_ITEM ( 'NONE', ( #4075 ), #2692 ) ;
#3466 = CARTESIAN_POINT ( 'NONE',  ( -14.10000000000000320, 6.418795175475212389, -5.840411229460639397 ) ) ;
#3467 = VECTOR ( 'NONE', #3213, 1000.000000000000000 ) ;
#3468 = VERTEX_POINT ( 'NONE', #194 ) ;
#3469 = PRESENTATION_LAYER_ASSIGNMENT (  '', '', ( #2898 ) ) ;
#3470 = DIRECTION ( 'NONE',  ( 0.9999844766847799660, 0.000000000000000000, 0.005571928702579167884 ) ) ;
#3471 = DIRECTION ( 'NONE',  ( 0.8712137661464369742, -0.000000000000000000, 0.4909038334306846108 ) ) ;
#3472 = EDGE_CURVE ( 'NONE', #2015, #4298, #1530, .T. ) ;
#3473 = CARTESIAN_POINT ( 'NONE',  ( 13.29877818578986037, 0.2610844822614369898, -1.029785615983588976 ) ) ;
#3474 = APPLICATION_CONTEXT ( 'automotive_design' ) ;
#3475 = EDGE_CURVE ( 'NONE', #4392, #3260, #4447, .T. ) ;
#3476 = DIRECTION ( 'NONE',  ( 0.000000000000000000, -1.000000000000000000, 0.000000000000000000 ) ) ;
#3477 = CARTESIAN_POINT ( 'NONE',  ( 13.29877818578986037, 1.071229492710954245, 0.1187064517434583688 ) ) ;
#3478 = VERTEX_POINT ( 'NONE', #600 ) ;
#3479 = SURFACE_SIDE_STYLE ('',( #4192 ) ) ;
#3480 = SURFACE_STYLE_FILL_AREA ( #354 ) ;
#3481 = CARTESIAN_POINT ( 'NONE',  ( 13.39999999999999680, 5.312500000000000888, -5.550461735799482099 ) ) ;
#3482 = ORIENTED_EDGE ( 'NONE', *, *, #3802, .T. ) ;
#3483 = DIRECTION ( 'NONE',  ( 0.000000000000000000, 0.000000000000000000, -1.000000000000000000 ) ) ;
#3484 = ORIENTED_EDGE ( 'NONE', *, *, #3346, .T. ) ;
#3485 = LINE ( 'NONE', #2018, #1039 ) ;
#3486 = CARTESIAN_POINT ( 'NONE',  ( -9.970205614730319965, 5.093704824524791341, -9.970205614730319965 ) ) ;
#3487 = CARTESIAN_POINT ( 'NONE',  ( 0.9806196540244083160, 1.700000000000000178, 13.36407067828291062 ) ) ;
#3488 = CIRCLE ( 'NONE', #2554, 13.40000000000000036 ) ;
#3489 = SURFACE_STYLE_FILL_AREA ( #950 ) ;
#3490 = EDGE_CURVE ( 'NONE', #3255, #2711, #651, .T. ) ;
#3491 = ORIENTED_EDGE ( 'NONE', *, *, #576, .T. ) ;
#3492 = CARTESIAN_POINT ( 'NONE',  ( -15.67069872835678801, 3.218914651395904158, -11.31245942397727688 ) ) ;
#3493 = CARTESIAN_POINT ( 'NONE',  ( -0.7245085511037967496, -1.800000000000000044, 13.29790144351676950 ) ) ;
#3494 = ADVANCED_FACE ( 'NONE', ( #3833 ), #1017, .T. ) ;
#3495 = B_SPLINE_SURFACE_WITH_KNOTS ( 'NONE', 3, 1, ( 
 ( #580, #1378 ),
 ( #3796, #247 ),
 ( #2029, #4499 ),
 ( #1282, #4474 ),
 ( #1649, #4116 ),
 ( #4094, #3723 ),
 ( #321, #1358 ),
 ( #3473, #981 ),
 ( #2796, #2004 ),
 ( #2381, #2403 ),
 ( #226, #1626 ),
 ( #2332, #3135 ),
 ( #3746, #631 ),
 ( #2049, #1672 ),
 ( #3087, #2077 ),
 ( #1337, #657 ),
 ( #2428, #4186 ),
 ( #3444, #4432 ),
 ( #293, #1700 ) ),
 .UNSPECIFIED., .F., .F., .F.,
 ( 4, 1, 1, 1, 1, 1, 1, 1, 1, 1, 1, 1, 1, 1, 1, 1, 4 ),
 ( 2, 2 ),
 ( 0.000000000000000000, 0.06874126307936560820, 0.1347890881950341846, 0.1985360495606905973, 0.2603856506059203935, 0.3209615782321963429, 0.3799038495841488006, 0.4385029357752678325, 0.4961543439762688967, 0.5542654832084994432, 0.6127487608156945154, 0.6725134425261788396, 0.7336464018979735879, 0.7967896194814542143, 0.8619356990410245167, 0.9293977347748985096, 1.000000000000000000 ),
 ( 0.000000000000000000, 1.000000000000000000 ),
 .UNSPECIFIED. ) ;
#3496 = DIRECTION ( 'NONE',  ( -0.000000000000000000, 0.000000000000000000, 1.000000000000000000 ) ) ;
#3497 = CARTESIAN_POINT ( 'NONE',  ( 13.29877818578986393, 1.070067423431870557, 0.04997292408614821546 ) ) ;
#3498 = ORIENTED_EDGE ( 'NONE', *, *, #1311, .F. ) ;
#3499 = DIRECTION ( 'NONE',  ( 0.000000000000000000, 0.000000000000000000, 1.000000000000000000 ) ) ;
#3500 = STYLED_ITEM ( 'NONE', ( #3217 ), #1756 ) ;
#3501 = SURFACE_SIDE_STYLE ('',( #27 ) ) ;
#3502 = CARTESIAN_POINT ( 'NONE',  ( 0.000000000000000000, 5.000000000000000888, 13.40000000000000036 ) ) ;
#3503 = ORIENTED_EDGE ( 'NONE', *, *, #835, .F. ) ;
#3504 = FILL_AREA_STYLE_COLOUR ( '', #3542 ) ;
#3505 = CARTESIAN_POINT ( 'NONE',  ( 13.40214012082288164, 1.661296530094058976, -0.3114474517125430109 ) ) ;
#3506 = CARTESIAN_POINT ( 'NONE',  ( 13.29877818578986215, 0.3538461538461538103, 0.4054690936036221549 ) ) ;
#3507 = SURFACE_SIDE_STYLE ('',( #2902 ) ) ;
#3508 = CARTESIAN_POINT ( 'NONE',  ( -13.40000000000000036, 7.887500000000000178, -5.550461735799474106 ) ) ;
#3509 = AXIS2_PLACEMENT_3D ( 'NONE', #2619, #3351, #865 ) ;
#3510 = SURFACE_STYLE_FILL_AREA ( #3577 ) ;
#3511 = VERTEX_POINT ( 'NONE', #1717 ) ;
#3512 = SURFACE_SIDE_STYLE ('',( #2524 ) ) ;
#3513 = CARTESIAN_POINT ( 'NONE',  ( -5.840411229460643838, 8.293795175475212389, -14.10000000000000320 ) ) ;
#3514 = CARTESIAN_POINT ( 'NONE',  ( 13.40098148851336823, 1.695777420121121759, -0.03089966212596337650 ) ) ;
#3515 = DIRECTION ( 'NONE',  ( 0.006627662448678010854, 0.000000000000000000, -0.9999780368040421807 ) ) ;
#3516 = CARTESIAN_POINT ( 'NONE',  ( 5.840411229460650056, 6.531204824524792230, 14.09999999999999787 ) ) ;
#3517 = FILL_AREA_STYLE_COLOUR ( '', #881 ) ;
#3518 = DIRECTION ( 'NONE',  ( 0.000000000000000000, 0.000000000000000000, 1.000000000000000000 ) ) ;
#3519 = PRESENTATION_STYLE_ASSIGNMENT (( #4288 ) ) ;
#3520 = ORIENTED_EDGE ( 'NONE', *, *, #3290, .T. ) ;
#3521 = CARTESIAN_POINT ( 'NONE',  ( -5.875951837458691429, -1.300000000000000044, 10.55720291093416563 ) ) ;
#3522 = STYLED_ITEM ( 'NONE', ( #1594 ), #3865 ) ;
#3523 = SURFACE_STYLE_FILL_AREA ( #275 ) ;
#3524 = CARTESIAN_POINT ( 'NONE',  ( 0.000000000000000000, 7.000000000000000888, 13.40000000000000036 ) ) ;
#3525 = ORIENTED_EDGE ( 'NONE', *, *, #3774, .T. ) ;
#3526 = ADVANCED_FACE ( 'NONE', ( #3058 ), #2446, .T. ) ;
#3527 = FILL_AREA_STYLE_COLOUR ( '', #1549 ) ;
#3528 = CARTESIAN_POINT ( 'NONE',  ( 13.40214012082286921, 1.202086020166140523, -1.001640809316218794 ) ) ;
#3529 = DIRECTION ( 'NONE',  ( 0.000000000000000000, 0.000000000000000000, -1.000000000000000000 ) ) ;
#3530 = SURFACE_STYLE_FILL_AREA ( #2545 ) ;
#3531 = STYLED_ITEM ( 'NONE', ( #4517 ), #3494 ) ;
#3532 = DIRECTION ( 'NONE',  ( -0.000000000000000000, -0.000000000000000000, 1.000000000000000000 ) ) ;
#3533 = ORIENTED_EDGE ( 'NONE', *, *, #3745, .T. ) ;
#3534 = COLOUR_RGB ( '',0.2941176470588235392, 0.2745098039215686514, 1.000000000000000000 ) ;
#3535 = FILL_AREA_STYLE ('',( #4279 ) ) ;
#3536 = CARTESIAN_POINT ( 'NONE',  ( 9.970205614730319965, 7.106295175475212389, -9.970205614730321741 ) ) ;
#3537 = CARTESIAN_POINT ( 'NONE',  ( 13.39536878983330048, 1.654081320482670092, -0.3613893873057231754 ) ) ;
#3538 = FACE_OUTER_BOUND ( 'NONE', #3275, .T. ) ;
#3539 = AXIS2_PLACEMENT_3D ( 'NONE', #3277, #73, #2229 ) ;
#3540 = CARTESIAN_POINT ( 'NONE',  ( -9.475230867899737675, 8.075000000000001066, 9.475230867899737675 ) ) ;
#3541 = DIRECTION ( 'NONE',  ( 0.000000000000000000, 0.000000000000000000, -1.000000000000000000 ) ) ;
#3542 = COLOUR_RGB ( '',0.2941176470588235392, 0.2745098039215686514, 1.000000000000000000 ) ;
#3543 = CARTESIAN_POINT ( 'NONE',  ( 13.40214012082287454, 0.7840612400302273688, -1.119438051062437101 ) ) ;
#3544 = DIRECTION ( 'NONE',  ( 0.000000000000000000, 1.000000000000000000, 0.000000000000000000 ) ) ;
#3545 =( NAMED_UNIT ( * ) SI_UNIT ( $, .STERADIAN. ) SOLID_ANGLE_UNIT ( ) );
#3546 = EDGE_CURVE ( 'NONE', #2353, #1297, #700, .T. ) ;
#3547 = DIRECTION ( 'NONE',  ( 0.000000000000000000, 1.000000000000000000, -0.000000000000000000 ) ) ;
#3548 = AXIS2_PLACEMENT_3D ( 'NONE', #2036, #2783, #1345 ) ;
#3549 = CARTESIAN_POINT ( 'NONE',  ( 9.475230867899735898, 7.375000000000001776, -9.475230867899739451 ) ) ;
#3550 = EDGE_LOOP ( 'NONE', ( #4376, #4383, #2417, #3680 ) ) ;
#3551 = EDGE_CURVE ( 'NONE', #3610, #3610, #451, .T. ) ;
#3552 = CARTESIAN_POINT ( 'NONE',  ( -4.962382004931043866, 3.400000000000000355, 11.50959012463679620 ) ) ;
#3553 = FILL_AREA_STYLE ('',( #1737 ) ) ;
#3554 = CARTESIAN_POINT ( 'NONE',  ( 14.09999999999999964, 4.918795175475214165, 5.840411229460643838 ) ) ;
#3555 = EDGE_LOOP ( 'NONE', ( #500, #1962, #1894, #3040, #214, #2129 ) ) ;
#3556 = DIRECTION ( 'NONE',  ( 0.000000000000000000, 1.000000000000000000, 0.000000000000000000 ) ) ;
#3557 = CARTESIAN_POINT ( 'NONE',  ( -5.840411229460643838, 6.293795175475211501, -14.10000000000000320 ) ) ;
#3558 =( GEOMETRIC_REPRESENTATION_CONTEXT ( 3 ) GLOBAL_UNCERTAINTY_ASSIGNED_CONTEXT ( ( #2352 ) ) GLOBAL_UNIT_ASSIGNED_CONTEXT ( ( #4537, #998, #4519 ) ) REPRESENTATION_CONTEXT ( 'NONE', 'WORKASPACE' ) );
#3559 = PLANE ( 'NONE',  #3708 ) ;
#3560 = AXIS2_PLACEMENT_3D ( 'NONE', #53, #1416, #1395 ) ;
#3561 = CARTESIAN_POINT ( 'NONE',  ( 14.09999999999999964, 6.656204824524792230, 5.840411229460643838 ) ) ;
#3562 = CARTESIAN_POINT ( 'NONE',  ( -0.09630342289866861138, 10.00000000000000000, 13.39965393772309454 ) ) ;
#3563 = COLOUR_RGB ( '',0.2941176470588235392, 0.2745098039215686514, 1.000000000000000000 ) ;
#3564 = LINE ( 'NONE', #3957, #365 ) ;
#3565 = CARTESIAN_POINT ( 'NONE',  ( 13.40129048890767116, 0.3650310396993430295, -0.08361842437796433714 ) ) ;
#3566 = LINE ( 'NONE', #2147, #3200 ) ;
#3567 = LINE ( 'NONE', #2829, #3876 ) ;
#3568 = ORIENTED_EDGE ( 'NONE', *, *, #323, .T. ) ;
#3569 = CARTESIAN_POINT ( 'NONE',  ( 13.29877818578986215, -1.800000000000000044, -1.277223214088685666 ) ) ;
#3570 = CARTESIAN_POINT ( 'NONE',  ( -5.550461735799475882, 6.562500000000000888, -13.40000000000000036 ) ) ;
#3571 = ORIENTED_EDGE ( 'NONE', *, *, #2344, .T. ) ;
#3572 = CARTESIAN_POINT ( 'NONE',  ( 13.29877818578986215, 1.644000109340785221, -0.4025112207873073888 ) ) ;
#3573 = ADVANCED_FACE ( 'NONE', ( #2349 ), #3739, .T. ) ;
#3574 = PRESENTATION_STYLE_ASSIGNMENT (( #4201 ) ) ;
#3575 = CARTESIAN_POINT ( 'NONE',  ( 0.000000000000000000, -1.171794871794870962, 0.000000000000000000 ) ) ;
#3576 = CARTESIAN_POINT ( 'NONE',  ( 13.39999999999999680, 7.512500000000001066, -5.550461735799482099 ) ) ;
#3577 = FILL_AREA_STYLE ('',( #391 ) ) ;
#3578 = ORIENTED_EDGE ( 'NONE', *, *, #2620, .T. ) ;
#3579 = STYLED_ITEM ( 'NONE', ( #269 ), #3134 ) ;
#3580 =( NAMED_UNIT ( * ) PLANE_ANGLE_UNIT ( ) SI_UNIT ( $, .RADIAN. ) );
#3581 = CARTESIAN_POINT ( 'NONE',  ( 0.000000000000000000, 1.600000000000000311, 0.000000000000000000 ) ) ;
#3582 = DIRECTION ( 'NONE',  ( 1.000000000000000000, -0.000000000000000000, -0.000000000000000000 ) ) ;
#3583 = CARTESIAN_POINT ( 'NONE',  ( 9.970205614730321741, 6.593704824524791341, 9.970205614730318189 ) ) ;
#3584 = ADVANCED_FACE ( 'NONE', ( #510 ), #4362, .F. ) ;
#3585 = PLANE ( 'NONE',  #1306 ) ;
#3586 = UNCERTAINTY_MEASURE_WITH_UNIT (LENGTH_MEASURE( 1.000000000000000082E-05 ), #905, 'distance_accuracy_value', 'NONE');
#3587 = FACE_OUTER_BOUND ( 'NONE', #3792, .T. ) ;
#3588 = PRESENTATION_STYLE_ASSIGNMENT (( #2195 ) ) ;
#3589 = DIRECTION ( 'NONE',  ( 0.000000000000000000, 1.000000000000000000, -0.000000000000000000 ) ) ;
#3590 =( LENGTH_UNIT ( ) NAMED_UNIT ( * ) SI_UNIT ( .MILLI., .METRE. ) );
#3591 = UNCERTAINTY_MEASURE_WITH_UNIT (LENGTH_MEASURE( 1.000000000000000082E-05 ), #1299, 'distance_accuracy_value', 'NONE');
#3592 = STYLED_ITEM ( 'NONE', ( #3588 ), #85 ) ;
#3593 = VERTEX_POINT ( 'NONE', #2686 ) ;
#3594 = ORIENTED_EDGE ( 'NONE', *, *, #2127, .T. ) ;
#3595 = SURFACE_STYLE_FILL_AREA ( #1435 ) ;
#3596 = AXIS2_PLACEMENT_3D ( 'NONE', #773, #3202, #3515 ) ;
#3597 = STYLED_ITEM ( 'NONE', ( #3867 ), #781 ) ;
#3598 = LINE ( 'NONE', #4271, #691 ) ;
#3599 = SURFACE_STYLE_USAGE ( .BOTH. , #2630 ) ;
#3600 = CARTESIAN_POINT ( 'NONE',  ( 0.000000000000000000, 8.468704824524790453, 14.09999999999999964 ) ) ;
#3601 = EDGE_CURVE ( 'NONE', #1520, #3988, #850, .T. ) ;
#3602 = AXIS2_PLACEMENT_3D ( 'NONE', #878, #2650, #1164 ) ;
#3603 = ORIENTED_EDGE ( 'NONE', *, *, #3272, .F. ) ;
#3604 = CARTESIAN_POINT ( 'NONE',  ( -5.840411229460643838, 8.293795175475212389, -14.10000000000000142 ) ) ;
#3605 = CARTESIAN_POINT ( 'NONE',  ( -1.726751986797767995E-15, 7.231295175475213277, -14.09999999999999964 ) ) ;
#3606 = LINE ( 'NONE', #1399, #2435 ) ;
#3607 = CARTESIAN_POINT ( 'NONE',  ( 14.09999999999999964, 4.718704824524791341, -2.590127980196652091E-15 ) ) ;
#3608 = PRESENTATION_LAYER_ASSIGNMENT (  '', '', ( #1778 ) ) ;
#3609 =( GEOMETRIC_REPRESENTATION_CONTEXT ( 3 ) GLOBAL_UNCERTAINTY_ASSIGNED_CONTEXT ( ( #1154 ) ) GLOBAL_UNIT_ASSIGNED_CONTEXT ( ( #1366, #3188, #1783 ) ) REPRESENTATION_CONTEXT ( 'NONE', 'WORKASPACE' ) );
#3610 = VERTEX_POINT ( 'NONE', #1138 ) ;
#3611 = ADVANCED_FACE ( 'NONE', ( #3355, #2242 ), #1941, .T. ) ;
#3612 = CARTESIAN_POINT ( 'NONE',  ( 13.40129048890766761, 0.6985440019472269890, -0.4915899101806478488 ) ) ;
#3613 = PLANE ( 'NONE',  #2915 ) ;
#3614 = B_SPLINE_CURVE_WITH_KNOTS ( 'NONE', 3,
 ( #4532, #4295, #1456, #2880, #429, #2544, #1762, #766, #409, #362, #4202, #1829, #2111, #3238, #789, #3879, #3172, #2159, #1147 ),
 .UNSPECIFIED., .F., .F.,
 ( 4, 1, 1, 1, 1, 1, 1, 1, 1, 1, 1, 1, 1, 1, 1, 1, 4 ),
 ( 0.000000000000000000, 0.1055399964402575219, 0.2020864154635872989, 0.2906848989424217766, 0.3705526096211915199, 0.4426702615663767881, 0.5076749275738738909, 0.5655732034810464492, 0.6164546657486228431, 0.6633313570051059260, 0.7088620244966143957, 0.7534118003496284022, 0.7985150107871089586, 0.8450643214401184489, 0.8938731190084056033, 0.9447078060036521174, 1.000000000000000000 ),
 .UNSPECIFIED. ) ;
#3615 = ORIENTED_EDGE ( 'NONE', *, *, #3546, .F. ) ;
#3616 = SURFACE_SIDE_STYLE ('',( #48 ) ) ;
#3617 = FILL_AREA_STYLE_COLOUR ( '', #141 ) ;
#3618 = ORIENTED_EDGE ( 'NONE', *, *, #1554, .T. ) ;
#3619 = CARTESIAN_POINT ( 'NONE',  ( 9.475230867899739451, 4.325000000000001066, 9.475230867899734122 ) ) ;
#3620 = VERTEX_POINT ( 'NONE', #2331 ) ;
#3621 = CARTESIAN_POINT ( 'NONE',  ( 0.000000000000000000, 7.731295175475212389, 14.09999999999999964 ) ) ;
#3622 = CARTESIAN_POINT ( 'NONE',  ( -5.840411229460641174, 8.406204824524790453, 14.10000000000000320 ) ) ;
#3623 = PRESENTATION_STYLE_ASSIGNMENT (( #1969 ) ) ;
#3624 = EDGE_CURVE ( 'NONE', #620, #272, #3755, .T. ) ;
#3625 = CARTESIAN_POINT ( 'NONE',  ( -9.475230867899737675, 5.825000000000000178, -9.475230867899735898 ) ) ;
#3626 = UNCERTAINTY_MEASURE_WITH_UNIT (LENGTH_MEASURE( 1.000000000000000082E-05 ), #468, 'distance_accuracy_value', 'NONE');
#3627 = PRESENTATION_LAYER_ASSIGNMENT (  '', '', ( #1070 ) ) ;
#3628 = MECHANICAL_DESIGN_GEOMETRIC_PRESENTATION_REPRESENTATION (  '', ( #1570 ), #1724 ) ;
#3629 = SHAPE_DEFINITION_REPRESENTATION ( #683, #4010 ) ;
#3630 = COLOUR_RGB ( '',0.2941176470588235392, 0.2745098039215686514, 1.000000000000000000 ) ;
#3631 = DIRECTION ( 'NONE',  ( 0.000000000000000000, 1.000000000000000000, 0.000000000000000000 ) ) ;
#3632 = PRESENTATION_STYLE_ASSIGNMENT (( #225 ) ) ;
#3633 = EDGE_CURVE ( 'NONE', #2755, #3090, #4403, .T. ) ;
#3634 = CARTESIAN_POINT ( 'NONE',  ( -13.78568851628465808, 1.766390046959026572, -14.65781290106666823 ) ) ;
#3635 = ORIENTED_EDGE ( 'NONE', *, *, #2387, .T. ) ;
#3636 = CARTESIAN_POINT ( 'NONE',  ( 0.000000000000000000, 0.3538461538461542544, 0.000000000000000000 ) ) ;
#3637 = ORIENTED_EDGE ( 'NONE', *, *, #2887, .T. ) ;
#3638 = CARTESIAN_POINT ( 'NONE',  ( 0.000000000000000000, -1.300000000000000044, 0.000000000000000000 ) ) ;
#3639 = CARTESIAN_POINT ( 'NONE',  ( -13.39948290902319528, 1.700000000000000178, 0.1177190332752888480 ) ) ;
#3640 = CARTESIAN_POINT ( 'NONE',  ( 13.39999999999999680, 4.512500000000001066, -5.550461735799482099 ) ) ;
#3641 = ORIENTED_EDGE ( 'NONE', *, *, #3433, .F. ) ;
#3642 = SURFACE_STYLE_FILL_AREA ( #3712 ) ;
#3643 = EDGE_LOOP ( 'NONE', ( #1914, #3827, #1638, #1946 ) ) ;
#3644 = VECTOR ( 'NONE', #3556, 1000.000000000000000 ) ;
#3645 = CARTESIAN_POINT ( 'NONE',  ( -9.970205614730319965, 5.356295175475213277, -9.970205614730319965 ) ) ;
#3646 = CARTESIAN_POINT ( 'NONE',  ( 14.09999999999999787, 5.043795175475213277, -5.840411229460648279 ) ) ;
#3647 = CARTESIAN_POINT ( 'NONE',  ( 13.29877818578986215, -1.800000000000000044, -1.277223214088685666 ) ) ;
#3648 = CARTESIAN_POINT ( 'NONE',  ( 13.40000000000000036, 4.450000000000001066, -2.461540066286179870E-15 ) ) ;
#3649 = CARTESIAN_POINT ( 'NONE',  ( 11.73452407141603437, 0.6999999999999999556, -4.395247113234060699 ) ) ;
#3650 = AXIS2_PLACEMENT_3D ( 'NONE', #1073, #3960, #2489 ) ;
#3651 =( NAMED_UNIT ( * ) SI_UNIT ( $, .STERADIAN. ) SOLID_ANGLE_UNIT ( ) );
#3652 = PRESENTATION_STYLE_ASSIGNMENT (( #509 ) ) ;
#3653 = CARTESIAN_POINT ( 'NONE',  ( 13.29877818578986748, 1.542249423834383792, -0.6708290824216057713 ) ) ;
#3654 =( LENGTH_UNIT ( ) NAMED_UNIT ( * ) SI_UNIT ( .MILLI., .METRE. ) );
#3655 = CARTESIAN_POINT ( 'NONE',  ( 5.550461735799482987, 8.062500000000000000, 13.39999999999999680 ) ) ;
#3656 = CARTESIAN_POINT ( 'NONE',  ( -13.29877818578986215, -1.800000000000000044, 1.104898520454776101 ) ) ;
#3657 = ORIENTED_EDGE ( 'NONE', *, *, #489, .T. ) ;
#3658 = CARTESIAN_POINT ( 'NONE',  ( 13.39096593468623020, 0.7142227564102565651, -0.4919668038322754233 ) ) ;
#3659 = AXIS2_PLACEMENT_3D ( 'NONE', #846, #1909, #465 ) ;
#3660 = DIRECTION ( 'NONE',  ( 1.000000000000000000, 0.000000000000000000, 0.000000000000000000 ) ) ;
#3661 = ADVANCED_FACE ( 'NONE', ( #2310, #3700 ), #556, .F. ) ;
#3662 = CARTESIAN_POINT ( 'NONE',  ( 0.000000000000000000, 4.200000000000000178, 13.40000000000000036 ) ) ;
#3663 = COLOUR_RGB ( '',0.2941176470588235392, 0.2745098039215686514, 1.000000000000000000 ) ;
#3664 = CARTESIAN_POINT ( 'NONE',  ( 13.29877818578986037, 0.2610844822614369898, -1.029785615983588976 ) ) ;
#3665 = AXIS2_PLACEMENT_3D ( 'NONE', #3903, #717, #2160 ) ;
#3666 = ORIENTED_EDGE ( 'NONE', *, *, #3740, .T. ) ;
#3667 = CARTESIAN_POINT ( 'NONE',  ( 0.000000000000000000, 8.468704824524790453, 14.09999999999999964 ) ) ;
#3668 = CARTESIAN_POINT ( 'NONE',  ( -0.09630342289866861138, -0.2294871794871792547, 13.29790144351676950 ) ) ;
#3669 = SURFACE_SIDE_STYLE ('',( #549 ) ) ;
#3670 = CARTESIAN_POINT ( 'NONE',  ( -13.40000000000000036, 4.887500000000001954, -5.550461735799473217 ) ) ;
#3671 = PRESENTATION_LAYER_ASSIGNMENT (  '', '', ( #2061 ) ) ;
#3672 = UNCERTAINTY_MEASURE_WITH_UNIT (LENGTH_MEASURE( 1.000000000000000082E-05 ), #1650, 'distance_accuracy_value', 'NONE');
#3673 = PRESENTATION_LAYER_ASSIGNMENT (  '', '', ( #3972 ) ) ;
#3674 = DIRECTION ( 'NONE',  ( 0.000000000000000000, -0.000000000000000000, -1.000000000000000000 ) ) ;
#3675 = FILL_AREA_STYLE ('',( #2285 ) ) ;
#3676 = ORIENTED_EDGE ( 'NONE', *, *, #927, .F. ) ;
#3677 = COLOUR_RGB ( '',0.2941176470588235392, 0.2745098039215686514, 1.000000000000000000 ) ;
#3678 = CARTESIAN_POINT ( 'NONE',  ( 13.39999999999999680, 8.312500000000000000, -5.550461735799481211 ) ) ;
#3679 = PLANE ( 'NONE',  #2217 ) ;
#3680 = ORIENTED_EDGE ( 'NONE', *, *, #3690, .T. ) ;
#3681 = ADVANCED_FACE ( 'NONE', ( #979 ), #3062, .T. ) ;
#3682 = PRESENTATION_LAYER_ASSIGNMENT (  '', '', ( #4204 ) ) ;
#3683 = DIRECTION ( 'NONE',  ( -0.000000000000000000, -1.000000000000000000, -0.000000000000000000 ) ) ;
#3684 = COLOUR_RGB ( '',0.2941176470588235392, 0.2745098039215686514, 1.000000000000000000 ) ;
#3685 = FILL_AREA_STYLE_COLOUR ( '', #3178 ) ;
#3686 = CIRCLE ( 'NONE', #1261, 12.52591063589761156 ) ;
#3687 = FILL_AREA_STYLE_COLOUR ( '', #2442 ) ;
#3688 =( NAMED_UNIT ( * ) SI_UNIT ( $, .STERADIAN. ) SOLID_ANGLE_UNIT ( ) );
#3689 = CARTESIAN_POINT ( 'NONE',  ( -13.78568851628465808, 3.218914651395904158, -14.65781290106666823 ) ) ;
#3690 = EDGE_CURVE ( 'NONE', #1062, #2254, #1996, .T. ) ;
#3691 = CARTESIAN_POINT ( 'NONE',  ( 13.29877818578985860, 0.4686227173570997606, -1.099032634711902379 ) ) ;
#3692 = VERTEX_POINT ( 'NONE', #2076 ) ;
#3693 = CARTESIAN_POINT ( 'NONE',  ( 5.840411229460650056, 7.531204824524791341, 14.09999999999999787 ) ) ;
#3694 =( NAMED_UNIT ( * ) SI_UNIT ( $, .STERADIAN. ) SOLID_ANGLE_UNIT ( ) );
#3695 = FACE_OUTER_BOUND ( 'NONE', #2916, .T. ) ;
#3696 = CARTESIAN_POINT ( 'NONE',  ( 9.475230867899739451, 6.325000000000001066, 9.475230867899734122 ) ) ;
#3697 = SURFACE_STYLE_FILL_AREA ( #818 ) ;
#3698 = PRESENTATION_STYLE_ASSIGNMENT (( #1623 ) ) ;
#3699 = CARTESIAN_POINT ( 'NONE',  ( 13.39861970183025264, -0.2743589743589742724, 0.1923280679625963552 ) ) ;
#3700 = FACE_OUTER_BOUND ( 'NONE', #1636, .T. ) ;
#3701 = VECTOR ( 'NONE', #1229, 1000.000000000000000 ) ;
#3702 = ORIENTED_EDGE ( 'NONE', *, *, #1000, .T. ) ;
#3703 = CARTESIAN_POINT ( 'NONE',  ( 0.000000000000000000, 7.000000000000000888, 13.40000000000000036 ) ) ;
#3704 =( LENGTH_UNIT ( ) NAMED_UNIT ( * ) SI_UNIT ( .MILLI., .METRE. ) );
#3705 = ORIENTED_EDGE ( 'NONE', *, *, #1056, .T. ) ;
#3706 = CARTESIAN_POINT ( 'NONE',  ( 13.29877818578986215, -1.800000000000000044, -0.5789059063963778451 ) ) ;
#3707 = DIRECTION ( 'NONE',  ( 0.000000000000000000, 1.000000000000000000, 0.000000000000000000 ) ) ;
#3708 = AXIS2_PLACEMENT_3D ( 'NONE', #3180, #414, #1106 ) ;
#3709 = CARTESIAN_POINT ( 'NONE',  ( -3.777794512114691194, 13.15621570892968606, 12.02032730936375593 ) ) ;
#3710 = PLANE ( 'NONE',  #2334 ) ;
#3711 = CARTESIAN_POINT ( 'NONE',  ( -1.641026710857453312E-15, 8.500000000000000000, -13.40000000000000036 ) ) ;
#3712 = FILL_AREA_STYLE ('',( #522 ) ) ;
#3713 = EDGE_LOOP ( 'NONE', ( #2051, #3389, #1348, #857 ) ) ;
#3714 = CARTESIAN_POINT ( 'NONE',  ( 9.970205614730321741, 4.856295175475212389, 9.970205614730318189 ) ) ;
#3715 = CARTESIAN_POINT ( 'NONE',  ( -5.875951837458691429, -1.300000000000000044, 10.55720291093416563 ) ) ;
#3716 = DIRECTION ( 'NONE',  ( 1.000000000000000000, -0.000000000000000000, -0.000000000000000000 ) ) ;
#3717 = CARTESIAN_POINT ( 'NONE',  ( 5.550461735799471441, 6.637500000000001066, -13.40000000000000391 ) ) ;
#3718 = CARTESIAN_POINT ( 'NONE',  ( -5.840411229460643838, 8.293795175475212389, -14.10000000000000320 ) ) ;
#3719 = UNCERTAINTY_MEASURE_WITH_UNIT (LENGTH_MEASURE( 1.000000000000000082E-05 ), #1891, 'distance_accuracy_value', 'NONE');
#3720 = AXIS2_PLACEMENT_3D ( 'NONE', #1731, #2831, #3144 ) ;
#3721 = DIRECTION ( 'NONE',  ( 1.000000000000000000, 0.000000000000000000, 0.000000000000000000 ) ) ;
#3722 = ADVANCED_FACE ( 'NONE', ( #3442 ), #3815, .T. ) ;
#3723 = CARTESIAN_POINT ( 'NONE',  ( 13.39232934043298329, 0.3962547413334445157, -1.080203934138411315 ) ) ;
#3724 = ORIENTED_EDGE ( 'NONE', *, *, #4357, .F. ) ;
#3725 = CARTESIAN_POINT ( 'NONE',  ( 0.000000000000000000, 8.000000000000000000, 13.40000000000000036 ) ) ;
#3726 = VECTOR ( 'NONE', #1492, 1000.000000000000000 ) ;
#3727 = VERTEX_POINT ( 'NONE', #2795 ) ;
#3728 = SURFACE_STYLE_USAGE ( .BOTH. , #165 ) ;
#3729 = SURFACE_STYLE_USAGE ( .BOTH. , #187 ) ;
#3730 = CARTESIAN_POINT ( 'NONE',  ( 0.000000000000000000, 5.731295175475212389, 14.09999999999999964 ) ) ;
#3731 =( NAMED_UNIT ( * ) SI_UNIT ( $, .STERADIAN. ) SOLID_ANGLE_UNIT ( ) );
#3732 = CARTESIAN_POINT ( 'NONE',  ( -14.09999999999999964, 7.218704824524790453, 8.633759933988839975E-16 ) ) ;
#3733 = ORIENTED_EDGE ( 'NONE', *, *, #4286, .T. ) ;
#3734 = CARTESIAN_POINT ( 'NONE',  ( 13.29877818578985682, 0.1986129861764537319, -0.9973077326003525478 ) ) ;
#3735 = EDGE_LOOP ( 'NONE', ( #4545, #1250, #3413, #3702 ) ) ;
#3736 = CARTESIAN_POINT ( 'NONE',  ( 14.09999999999999964, 4.656204824524791341, 5.840411229460643838 ) ) ;
#3737 =( NAMED_UNIT ( * ) SI_UNIT ( $, .STERADIAN. ) SOLID_ANGLE_UNIT ( ) );
#3738 = LINE ( 'NONE', #598, #2357 ) ;
#3739 = PLANE ( 'NONE',  #1 ) ;
#3740 = EDGE_CURVE ( 'NONE', #2724, #1286, #3795, .T. ) ;
#3741 = CARTESIAN_POINT ( 'NONE',  ( 14.09999999999999787, 6.043795175475212389, -5.840411229460648279 ) ) ;
#3742 = COLOUR_RGB ( '',0.2941176470588235392, 0.2745098039215686514, 1.000000000000000000 ) ;
#3743 = ORIENTED_EDGE ( 'NONE', *, *, #1634, .F. ) ;
#3744 = MECHANICAL_DESIGN_GEOMETRIC_PRESENTATION_REPRESENTATION (  '', ( #1534 ), #1766 ) ;
#3745 = EDGE_CURVE ( 'NONE', #1981, #1967, #1837, .T. ) ;
#3746 = CARTESIAN_POINT ( 'NONE',  ( 13.29877818578986926, -0.01564490576276861278, -0.8142303834617529157 ) ) ;
#3747 = ADVANCED_FACE ( 'NONE', ( #1462 ), #2192, .F. ) ;
#3748 = CARTESIAN_POINT ( 'NONE',  ( 5.550461735799471441, 5.437500000000002665, -13.40000000000000391 ) ) ;
#3749 = DIRECTION ( 'NONE',  ( 0.000000000000000000, 1.000000000000000000, -0.000000000000000000 ) ) ;
#3750 = VECTOR ( 'NONE', #4468, 1000.000000000000000 ) ;
#3751 = AXIS2_PLACEMENT_3D ( 'NONE', #3320, #564, #3381 ) ;
#3752 = VERTEX_POINT ( 'NONE', #1136 ) ;
#3753 = DIRECTION ( 'NONE',  ( 0.000000000000000000, 1.000000000000000000, 0.000000000000000000 ) ) ;
#3754 = CARTESIAN_POINT ( 'NONE',  ( 13.29877818578986570, 1.043691763358374214, -0.2021378443598821073 ) ) ;
#3755 = CIRCLE ( 'NONE', #3028, 12.84999999999999964 ) ;
#3756 =( GEOMETRIC_REPRESENTATION_CONTEXT ( 3 ) GLOBAL_UNCERTAINTY_ASSIGNED_CONTEXT ( ( #2596 ) ) GLOBAL_UNIT_ASSIGNED_CONTEXT ( ( #792, #3905, #3152 ) ) REPRESENTATION_CONTEXT ( 'NONE', 'WORKASPACE' ) );
#3757 = CARTESIAN_POINT ( 'NONE',  ( -14.09999999999999964, 5.481295175475212389, 8.633759933988839975E-16 ) ) ;
#3758 = CARTESIAN_POINT ( 'NONE',  ( 14.09999999999999787, 6.656204824524792230, 5.840411229460643838 ) ) ;
#3759 = ORIENTED_EDGE ( 'NONE', *, *, #1632, .T. ) ;
#3760 = EDGE_CURVE ( 'NONE', #4052, #1297, #1804, .T. ) ;
#3761 = AXIS2_PLACEMENT_3D ( 'NONE', #4168, #1343, #2433 ) ;
#3762 = EDGE_LOOP ( 'NONE', ( #1550, #1355, #3273, #279, #1413, #4369, #3939, #612, #252, #1560 ) ) ;
#3763 = FILL_AREA_STYLE ('',( #2738 ) ) ;
#3764 =( NAMED_UNIT ( * ) SI_UNIT ( $, .STERADIAN. ) SOLID_ANGLE_UNIT ( ) );
#3765 = DIRECTION ( 'NONE',  ( 0.000000000000000000, 0.000000000000000000, 1.000000000000000000 ) ) ;
#3766 =( NAMED_UNIT ( * ) SI_UNIT ( $, .STERADIAN. ) SOLID_ANGLE_UNIT ( ) );
#3767 = SURFACE_SIDE_STYLE ('',( #3790 ) ) ;
#3768 = CARTESIAN_POINT ( 'NONE',  ( 5.840411229460637621, 7.168795175475213277, -14.10000000000000497 ) ) ;
#3769 = ORIENTED_EDGE ( 'NONE', *, *, #1052, .T. ) ;
#3770 =( GEOMETRIC_REPRESENTATION_CONTEXT ( 3 ) GLOBAL_UNCERTAINTY_ASSIGNED_CONTEXT ( ( #4398 ) ) GLOBAL_UNIT_ASSIGNED_CONTEXT ( ( #3969, #565, #4331 ) ) REPRESENTATION_CONTEXT ( 'NONE', 'WORKASPACE' ) );
#3771 = DIRECTION ( 'NONE',  ( 1.000000000000000000, -0.000000000000000000, -0.000000000000000000 ) ) ;
#3772 =( NAMED_UNIT ( * ) PLANE_ANGLE_UNIT ( ) SI_UNIT ( $, .RADIAN. ) );
#3773 = FILL_AREA_STYLE ('',( #3042 ) ) ;
#3774 = EDGE_CURVE ( 'NONE', #2724, #2408, #1065, .T. ) ;
#3775 = CARTESIAN_POINT ( 'NONE',  ( 13.40129048890766938, 0.3541830831092775411, 0.1308620165343556963 ) ) ;
#3776 = ORIENTED_EDGE ( 'NONE', *, *, #903, .F. ) ;
#3777 = DIRECTION ( 'NONE',  ( 0.000000000000000000, 1.000000000000000000, -0.000000000000000000 ) ) ;
#3778 = CARTESIAN_POINT ( 'NONE',  ( 13.29877818578986215, 0.9535903604883861906, -0.3853873851655121863 ) ) ;
#3779 = COLOUR_RGB ( '',0.2549019607843137081, 0.2549019607843137081, 0.4980392156862745168 ) ;
#3780 = PLANE ( 'NONE',  #3720 ) ;
#3781 = SURFACE_STYLE_FILL_AREA ( #305 ) ;
#3782 = STYLED_ITEM ( 'NONE', ( #1544 ), #1718 ) ;
#3783 = CARTESIAN_POINT ( 'NONE',  ( 9.970205614730319965, 4.843704824524791341, -9.970205614730321741 ) ) ;
#3784 = EDGE_LOOP ( 'NONE', ( #4450, #1003, #4173, #2718, #4518, #2090, #1387, #3, #2314, #2882 ) ) ;
#3785 = FILL_AREA_STYLE ('',( #3504 ) ) ;
#3786 = ORIENTED_EDGE ( 'NONE', *, *, #3475, .T. ) ;
#3787 = DIRECTION ( 'NONE',  ( 0.000000000000000000, 0.000000000000000000, -1.000000000000000000 ) ) ;
#3788 = FACE_OUTER_BOUND ( 'NONE', #334, .T. ) ;
#3789 = CARTESIAN_POINT ( 'NONE',  ( -12.60000000000000142, 0.6999999999999999556, 0.000000000000000000 ) ) ;
#3790 = SURFACE_STYLE_FILL_AREA ( #264 ) ;
#3791 = CARTESIAN_POINT ( 'NONE',  ( -5.840411229460643838, 5.293795175475214165, -14.10000000000000320 ) ) ;
#3792 = EDGE_LOOP ( 'NONE', ( #3724, #405, #4161, #2735, #1220, #2501, #2540, #1604, #1459, #2872 ) ) ;
#3793 = FILL_AREA_STYLE_COLOUR ( '', #2150 ) ;
#3794 = CYLINDRICAL_SURFACE ( 'NONE', #557, 12.47768620486444391 ) ;
#3795 = LINE ( 'NONE', #795, #2959 ) ;
#3796 = CARTESIAN_POINT ( 'NONE',  ( 13.29877818578986393, 0.6782190362826261421, -1.119527969859622107 ) ) ;
#3797 = UNCERTAINTY_MEASURE_WITH_UNIT (LENGTH_MEASURE( 1.000000000000000082E-05 ), #1512, 'distance_accuracy_value', 'NONE');
#3798 = CARTESIAN_POINT ( 'NONE',  ( 13.29877818578986570, 0.7840612400302273688, -1.119438051062437101 ) ) ;
#3799 = CARTESIAN_POINT ( 'NONE',  ( 13.29877818578986215, 0.7692081590232864308, -0.4898545755309412497 ) ) ;
#3800 = ORIENTED_EDGE ( 'NONE', *, *, #3163, .F. ) ;
#3801 = CARTESIAN_POINT ( 'NONE',  ( 13.40016819104460133, 0.3553017093060962805, 0.01965914748652125912 ) ) ;
#3802 = EDGE_CURVE ( 'NONE', #947, #1981, #4303, .T. ) ;
#3803 = FILL_AREA_STYLE_COLOUR ( '', #834 ) ;
#3804 = COLOUR_RGB ( '',0.2941176470588235392, 0.2745098039215686514, 1.000000000000000000 ) ;
#3805 = DIRECTION ( 'NONE',  ( 0.000000000000000000, 1.000000000000000000, 0.000000000000000000 ) ) ;
#3806 = ORIENTED_EDGE ( 'NONE', *, *, #3886, .F. ) ;
#3807 = AXIS2_PLACEMENT_3D ( 'NONE', #4356, #2659, #2976 ) ;
#3808 = EDGE_CURVE ( 'NONE', #2627, #759, #3953, .T. ) ;
#3809 = ORIENTED_EDGE ( 'NONE', *, *, #170, .F. ) ;
#3810 = CARTESIAN_POINT ( 'NONE',  ( 9.970205614730319965, 5.843704824524790453, -9.970205614730321741 ) ) ;
#3811 = CARTESIAN_POINT ( 'NONE',  ( 11.73452407141603437, -1.300000000000000044, -4.395247113234060699 ) ) ;
#3812 = FILL_AREA_STYLE_COLOUR ( '', #3024 ) ;
#3813 = CARTESIAN_POINT ( 'NONE',  ( -9.970205614730319965, 8.356295175475212389, -9.970205614730319965 ) ) ;
#3814 = EDGE_LOOP ( 'NONE', ( #2834, #2604, #2896, #1584 ) ) ;
#3815 = PLANE ( 'NONE',  #2225 ) ;
#3816 = DIRECTION ( 'NONE',  ( 0.000000000000000000, 0.000000000000000000, -1.000000000000000000 ) ) ;
#3817 = CARTESIAN_POINT ( 'NONE',  ( 13.29877818578986215, 0.7322425620223513842, -1.119924029294171453 ) ) ;
#3818 = PRESENTATION_LAYER_ASSIGNMENT (  '', '', ( #3088 ) ) ;
#3819 =( LENGTH_UNIT ( ) NAMED_UNIT ( * ) SI_UNIT ( .MILLI., .METRE. ) );
#3820 = ORIENTED_EDGE ( 'NONE', *, *, #2868, .T. ) ;
#3821 = CARTESIAN_POINT ( 'NONE',  ( -0.09630342289866861138, -1.799999999999999600, 13.39965393772309454 ) ) ;
#3822 = CARTESIAN_POINT ( 'NONE',  ( 13.29877818578986037, 1.067227213828343624, -0.01267730726121114523 ) ) ;
#3823 = VECTOR ( 'NONE', #1204, 1000.000000000000000 ) ;
#3824 = PRESENTATION_LAYER_ASSIGNMENT (  '', '', ( #1120 ) ) ;
#3825 = EDGE_CURVE ( 'NONE', #4298, #1711, #3606, .T. ) ;
#3826 = CARTESIAN_POINT ( 'NONE',  ( 9.475230867899735898, 8.375000000000000000, -9.475230867899739451 ) ) ;
#3827 = ORIENTED_EDGE ( 'NONE', *, *, #4257, .T. ) ;
#3828 = FACE_OUTER_BOUND ( 'NONE', #2376, .T. ) ;
#3829 = VERTEX_POINT ( 'NONE', #1771 ) ;
#3830 = EDGE_CURVE ( 'NONE', #3933, #3933, #966, .T. ) ;
#3831 = FILL_AREA_STYLE ('',( #4108 ) ) ;
#3832 = CARTESIAN_POINT ( 'NONE',  ( -5.550461735799474994, 7.137500000000000178, 13.40000000000000036 ) ) ;
#3833 = FACE_OUTER_BOUND ( 'NONE', #2088, .T. ) ;
#3834 = FACE_OUTER_BOUND ( 'NONE', #4333, .T. ) ;
#3835 = AXIS2_PLACEMENT_3D ( 'NONE', #3552, #2565, #1790 ) ;
#3836 = ORIENTED_EDGE ( 'NONE', *, *, #4286, .F. ) ;
#3837 = CARTESIAN_POINT ( 'NONE',  ( -5.875951837458691429, 0.6999999999999999556, 10.55720291093416563 ) ) ;
#3838 = FACE_OUTER_BOUND ( 'NONE', #853, .T. ) ;
#3839 = FILL_AREA_STYLE ('',( #4141 ) ) ;
#3840 = SURFACE_STYLE_USAGE ( .BOTH. , #3337 ) ;
#3841 = FILL_AREA_STYLE_COLOUR ( '', #4317 ) ;
#3842 = CARTESIAN_POINT ( 'NONE',  ( 13.40214012082286743, 0.8603374611566679819, -1.110985552951445188 ) ) ;
#3843 = SURFACE_STYLE_FILL_AREA ( #4453 ) ;
#3844 = CARTESIAN_POINT ( 'NONE',  ( 13.40103461748984337, 0.7327718675465506593, -0.4912542518522088897 ) ) ;
#3845 = ORIENTED_EDGE ( 'NONE', *, *, #427, .T. ) ;
#3846 = DIRECTION ( 'NONE',  ( -0.000000000000000000, -0.000000000000000000, 1.000000000000000000 ) ) ;
#3847 = LINE ( 'NONE', #4171, #877 ) ;
#3848 = CARTESIAN_POINT ( 'NONE',  ( -5.550461735799475882, 7.562500000000001776, -13.40000000000000036 ) ) ;
#3849 = VERTEX_POINT ( 'NONE', #3885 ) ;
#3850 =( NAMED_UNIT ( * ) SI_UNIT ( $, .STERADIAN. ) SOLID_ANGLE_UNIT ( ) );
#3851 =( GEOMETRIC_REPRESENTATION_CONTEXT ( 3 ) GLOBAL_UNCERTAINTY_ASSIGNED_CONTEXT ( ( #4090 ) ) GLOBAL_UNIT_ASSIGNED_CONTEXT ( ( #1877, #2277, #3688 ) ) REPRESENTATION_CONTEXT ( 'NONE', 'WORKASPACE' ) );
#3852 = DIRECTION ( 'NONE',  ( -1.000000000000000000, -0.000000000000000000, -0.000000000000000000 ) ) ;
#3853 = CARTESIAN_POINT ( 'NONE',  ( -12.60000000000000142, 3.400000000000000355, 0.000000000000000000 ) ) ;
#3854 =( LENGTH_UNIT ( ) NAMED_UNIT ( * ) SI_UNIT ( .MILLI., .METRE. ) );
#3855 = DIRECTION ( 'NONE',  ( 0.000000000000000000, 1.000000000000000000, 0.000000000000000000 ) ) ;
#3856 =( LENGTH_UNIT ( ) NAMED_UNIT ( * ) SI_UNIT ( .MILLI., .METRE. ) );
#3857 = SURFACE_SIDE_STYLE ('',( #3510 ) ) ;
#3858 = ORIENTED_EDGE ( 'NONE', *, *, #1357, .F. ) ;
#3859 =( NAMED_UNIT ( * ) SI_UNIT ( $, .STERADIAN. ) SOLID_ANGLE_UNIT ( ) );
#3860 = CARTESIAN_POINT ( 'NONE',  ( -9.970205614730319965, 8.606295175475212389, 9.970205614730319965 ) ) ;
#3861 = CARTESIAN_POINT ( 'NONE',  ( 13.38671665360051932, 1.582851952817294849, -0.6008397864099586094 ) ) ;
#3862 = SURFACE_SIDE_STYLE ('',( #2844 ) ) ;
#3863 = CARTESIAN_POINT ( 'NONE',  ( 5.840411229460637621, 4.906204824524791341, -14.10000000000000497 ) ) ;
#3864 = FACE_OUTER_BOUND ( 'NONE', #1133, .T. ) ;
#3865 = ADVANCED_FACE ( 'NONE', ( #3538 ), #747, .T. ) ;
#3866 =( LENGTH_UNIT ( ) NAMED_UNIT ( * ) SI_UNIT ( .MILLI., .METRE. ) );
#3867 = PRESENTATION_STYLE_ASSIGNMENT (( #4118 ) ) ;
#3868 = ORIENTED_EDGE ( 'NONE', *, *, #1380, .F. ) ;
#3869 = CARTESIAN_POINT ( 'NONE',  ( 13.39658841923350430, 1.011454490755925972, -0.3101608227493570236 ) ) ;
#3870 = LINE ( 'NONE', #1569, #300 ) ;
#3871 =( GEOMETRIC_REPRESENTATION_CONTEXT ( 3 ) GLOBAL_UNCERTAINTY_ASSIGNED_CONTEXT ( ( #508 ) ) GLOBAL_UNIT_ASSIGNED_CONTEXT ( ( #4235, #2477, #3859 ) ) REPRESENTATION_CONTEXT ( 'NONE', 'WORKASPACE' ) );
#3872 = FACE_OUTER_BOUND ( 'NONE', #490, .T. ) ;
#3873 = CARTESIAN_POINT ( 'NONE',  ( 0.000000000000000000, 4.334352412262395760, 13.75000000000000000 ) ) ;
#3874 = ORIENTED_EDGE ( 'NONE', *, *, #4350, .T. ) ;
#3875 = CARTESIAN_POINT ( 'NONE',  ( 13.29877818578986215, 0.7058092948717948900, -1.120171932037403506 ) ) ;
#3876 = VECTOR ( 'NONE', #2151, 1000.000000000000000 ) ;
#3877 = CARTESIAN_POINT ( 'NONE',  ( 13.29877818578986393, 1.139203165526752715, -1.033713779362037233 ) ) ;
#3878 = DIRECTION ( 'NONE',  ( -0.000000000000000000, -0.000000000000000000, 1.000000000000000000 ) ) ;
#3879 = CARTESIAN_POINT ( 'NONE',  ( 13.29877818578986215, 0.6248452648580149482, -0.4845789647351528284 ) ) ;
#3880 = PRESENTATION_LAYER_ASSIGNMENT (  '', '', ( #1094 ) ) ;
#3881 = CARTESIAN_POINT ( 'NONE',  ( 13.29877818578986215, 1.071794871794871984, 0.1916269461677245489 ) ) ;
#3882 = ORIENTED_EDGE ( 'NONE', *, *, #1115, .F. ) ;
#3883 = CARTESIAN_POINT ( 'NONE',  ( -0.09630342289866861138, 0.3987179487179490778, 13.29790144351676950 ) ) ;
#3884 = CARTESIAN_POINT ( 'NONE',  ( 13.35378051971933466, 0.8714032036414688376, -1.112136608691889794 ) ) ;
#3885 = CARTESIAN_POINT ( 'NONE',  ( 13.38414768492802587, 3.218914651395904158, 0.6516062829929561984 ) ) ;
#3886 = EDGE_CURVE ( 'NONE', #3478, #1097, #2585, .T. ) ;
#3887 = CARTESIAN_POINT ( 'NONE',  ( 14.09999999999999964, 5.718704824524791341, -2.590127980196652091E-15 ) ) ;
#3888 = LINE ( 'NONE', #3562, #4098 ) ;
#3889 = FACE_OUTER_BOUND ( 'NONE', #1368, .T. ) ;
#3890 = CARTESIAN_POINT ( 'NONE',  ( 13.29877818578855475, 0.4587868311936371679, -0.3849191791662754381 ) ) ;
#3891 = EDGE_CURVE ( 'NONE', #3260, #185, #1906, .T. ) ;
#3892 = CARTESIAN_POINT ( 'NONE',  ( -12.60000000000000142, 10.00000000000000000, 0.000000000000000000 ) ) ;
#3893 = VECTOR ( 'NONE', #932, 1000.000000000000000 ) ;
#3894 = DIRECTION ( 'NONE',  ( 0.000000000000000000, 1.000000000000000000, 0.000000000000000000 ) ) ;
#3895 = CARTESIAN_POINT ( 'NONE',  ( 13.39999999999999680, 8.312500000000000000, -5.550461735799482099 ) ) ;
#3896 = ORIENTED_EDGE ( 'NONE', *, *, #3252, .T. ) ;
#3897 = VECTOR ( 'NONE', #1924, 1000.000000000000227 ) ;
#3898 = CARTESIAN_POINT ( 'NONE',  ( -3.367574150264197819, 10.00000000000000000, 12.96994388355140160 ) ) ;
#3899 = MECHANICAL_DESIGN_GEOMETRIC_PRESENTATION_REPRESENTATION (  '', ( #2597 ), #2430 ) ;
#3900 =( GEOMETRIC_REPRESENTATION_CONTEXT ( 3 ) GLOBAL_UNCERTAINTY_ASSIGNED_CONTEXT ( ( #892 ) ) GLOBAL_UNIT_ASSIGNED_CONTEXT ( ( #106, #3580, #60 ) ) REPRESENTATION_CONTEXT ( 'NONE', 'WORKASPACE' ) );
#3901 = CARTESIAN_POINT ( 'NONE',  ( 0.000000000000000000, 3.218914651395904158, 0.000000000000000000 ) ) ;
#3902 =( NAMED_UNIT ( * ) PLANE_ANGLE_UNIT ( ) SI_UNIT ( $, .RADIAN. ) );
#3903 = CARTESIAN_POINT ( 'NONE',  ( 0.000000000000000000, -1.799999999999999600, 0.000000000000000000 ) ) ;
#3904 = COLOUR_RGB ( '',0.2941176470588235392, 0.2745098039215686514, 1.000000000000000000 ) ;
#3905 =( NAMED_UNIT ( * ) PLANE_ANGLE_UNIT ( ) SI_UNIT ( $, .RADIAN. ) );
#3906 = ORIENTED_EDGE ( 'NONE', *, *, #786, .T. ) ;
#3907 = CARTESIAN_POINT ( 'NONE',  ( -14.09999999999999964, 6.481295175475212389, 8.633759933988839975E-16 ) ) ;
#3908 = AXIS2_PLACEMENT_3D ( 'NONE', #4183, #4208, #2773 ) ;
#3909 = CARTESIAN_POINT ( 'NONE',  ( 13.35309757482044191, 0.7058092948717948900, -1.120171932037403506 ) ) ;
#3910 = VECTOR ( 'NONE', #327, 1000.000000000000000 ) ;
#3911 = CARTESIAN_POINT ( 'NONE',  ( -1.726751986797767995E-15, 4.968704824524791341, -14.09999999999999964 ) ) ;
#3912 = VECTOR ( 'NONE', #3237, 1000.000000000000227 ) ;
#3913 = DIRECTION ( 'NONE',  ( -0.000000000000000000, -1.000000000000000000, -0.000000000000000000 ) ) ;
#3914 = CARTESIAN_POINT ( 'NONE',  ( 0.000000000000000000, 9.000000000000001776, 13.40000000000000036 ) ) ;
#3915 = CARTESIAN_POINT ( 'NONE',  ( 13.29877818578855475, 0.6248452648580149482, -0.4845789647351528284 ) ) ;
#3916 = CARTESIAN_POINT ( 'NONE',  ( -0.7245085511037967496, -1.800000000000000044, 13.29790144351676950 ) ) ;
#3917 =( LENGTH_UNIT ( ) NAMED_UNIT ( * ) SI_UNIT ( .MILLI., .METRE. ) );
#3918 = EDGE_CURVE ( 'NONE', #2932, #2932, #4390, .T. ) ;
#3919 = ORIENTED_EDGE ( 'NONE', *, *, #4442, .F. ) ;
#3920 = FILL_AREA_STYLE_COLOUR ( '', #4340 ) ;
#3921 = CARTESIAN_POINT ( 'NONE',  ( -9.475230867899737675, 7.625000000000001776, -9.475230867899735898 ) ) ;
#3922 = VERTEX_POINT ( 'NONE', #1955 ) ;
#3923 = CARTESIAN_POINT ( 'NONE',  ( 13.29877818578985860, 1.419936286090328181, -0.8348847527686903414 ) ) ;
#3924 = ADVANCED_FACE ( 'NONE', ( #1193 ), #4354, .T. ) ;
#3925 = CARTESIAN_POINT ( 'NONE',  ( 0.000000000000000000, 0.6999999999999999556, 0.000000000000000000 ) ) ;
#3926 = CARTESIAN_POINT ( 'NONE',  ( -7.121753946748072828, 3.237935071945527543, 14.09999999999999964 ) ) ;
#3927 = VERTEX_POINT ( 'NONE', #108 ) ;
#3928 = CARTESIAN_POINT ( 'NONE',  ( -9.970205614730319965, 7.356295175475213277, -9.970205614730319965 ) ) ;
#3929 = FILL_AREA_STYLE_COLOUR ( '', #3563 ) ;
#3930 = CARTESIAN_POINT ( 'NONE',  ( 13.35835565054385654, 0.3106041620035916995, -1.055964199667529080 ) ) ;
#3931 = COLOUR_RGB ( '',0.2941176470588235392, 0.2745098039215686514, 1.000000000000000000 ) ;
#3932 = CARTESIAN_POINT ( 'NONE',  ( -14.10000000000000320, 6.281204824524792230, 5.840411229460642950 ) ) ;
#3933 = VERTEX_POINT ( 'NONE', #2263 ) ;
#3934 = CARTESIAN_POINT ( 'NONE',  ( 13.40129048890766761, 0.7142227564102565651, -0.4919668038322754233 ) ) ;
#3935 = CARTESIAN_POINT ( 'NONE',  ( 13.40011586102393437, 1.070748157381836263, 0.04629644285401868231 ) ) ;
#3936 = ORIENTED_EDGE ( 'NONE', *, *, #5, .T. ) ;
#3937 = CARTESIAN_POINT ( 'NONE',  ( 13.39177138126016153, -0.2028445512820512553, -0.4695309063963780116 ) ) ;
#3938 = SURFACE_STYLE_USAGE ( .BOTH. , #4011 ) ;
#3939 = ORIENTED_EDGE ( 'NONE', *, *, #1052, .F. ) ;
#3940 = EDGE_CURVE ( 'NONE', #1981, #2755, #2993, .T. ) ;
#3941 = CARTESIAN_POINT ( 'NONE',  ( 13.29877818578986037, 1.202086020166140523, -1.001640809316218794 ) ) ;
#3942 = B_SPLINE_CURVE_WITH_KNOTS ( 'NONE', 3,
 ( #1314, #4524, #254, #1028, #1075, #3162, #3778, #4548, #2434, #3142, #3754, #2732, #1409, #4218, #3822, #1006, #2410, #1730, #303 ),
 .UNSPECIFIED., .F., .F.,
 ( 4, 1, 1, 1, 1, 1, 1, 1, 1, 1, 1, 1, 1, 1, 1, 1, 4 ),
 ( 0.000000000000000000, 0.06376895995774015113, 0.1252623047603752537, 0.1854135826663911302, 0.2468067624960847140, 0.3094223888496971941, 0.3725326822170092478, 0.4377332507368583703, 0.5057495167426340199, 0.5440132631112708506, 0.5883695992066306779, 0.6403890193945120934, 0.6978974005877083275, 0.7632716192950986800, 0.8349786038393131049, 0.9138736558434376045, 1.000000000000000000 ),
 .UNSPECIFIED. ) ;
#3943 = PRESENTATION_LAYER_ASSIGNMENT (  '', '', ( #1374 ) ) ;
#3944 = CARTESIAN_POINT ( 'NONE',  ( -3.367574150264197819, 3.237935071945527543, 14.09999999999999964 ) ) ;
#3945 = DIRECTION ( 'NONE',  ( 0.000000000000000000, -1.000000000000000000, 0.000000000000000000 ) ) ;
#3946 = CARTESIAN_POINT ( 'NONE',  ( 13.39999999999999858, 4.387500000000001066, 5.550461735799477658 ) ) ;
#3947 = ADVANCED_FACE ( 'NONE', ( #3695 ), #2282, .T. ) ;
#3948 = ORIENTED_EDGE ( 'NONE', *, *, #3380, .T. ) ;
#3949 = CARTESIAN_POINT ( 'NONE',  ( 9.970205614730319965, 6.106295175475211501, -9.970205614730321741 ) ) ;
#3950 = MECHANICAL_DESIGN_GEOMETRIC_PRESENTATION_REPRESENTATION (  '', ( #733 ), #1226 ) ;
#3951 = CARTESIAN_POINT ( 'NONE',  ( -1.726751986797767995E-15, 8.231295175475212389, -14.09999999999999964 ) ) ;
#3952 = SURFACE_SIDE_STYLE ('',( #2165 ) ) ;
#3953 = LINE ( 'NONE', #2215, #1238 ) ;
#3954 = CARTESIAN_POINT ( 'NONE',  ( -14.09999999999999964, 5.218704824524790453, 8.633759933988839975E-16 ) ) ;
#3955 = DIRECTION ( 'NONE',  ( 0.000000000000000000, -1.000000000000000000, 0.000000000000000000 ) ) ;
#3956 = UNCERTAINTY_MEASURE_WITH_UNIT (LENGTH_MEASURE( 1.000000000000000082E-05 ), #2553, 'distance_accuracy_value', 'NONE');
#3957 = CARTESIAN_POINT ( 'NONE',  ( 0.9806196540244083160, 10.00000000000000000, 13.36407067828291062 ) ) ;
#3958 = CARTESIAN_POINT ( 'NONE',  ( 0.9806196540244083160, 0.3987179487179490778, 13.29790144351676950 ) ) ;
#3959 = CARTESIAN_POINT ( 'NONE',  ( 13.29877818578986215, 1.700000000000000178, 1.033674221808750238 ) ) ;
#3960 = DIRECTION ( 'NONE',  ( 0.000000000000000000, 1.000000000000000000, 0.000000000000000000 ) ) ;
#3961 = AXIS2_PLACEMENT_3D ( 'NONE', #629, #605, #2453 ) ;
#3962 = ORIENTED_EDGE ( 'NONE', *, *, #2127, .F. ) ;
#3963 = DIRECTION ( 'NONE',  ( 0.8712137661464369742, -0.000000000000000000, 0.4909038334306846108 ) ) ;
#3964 = ORIENTED_EDGE ( 'NONE', *, *, #720, .F. ) ;
#3965 = CARTESIAN_POINT ( 'NONE',  ( 13.29877818578986393, 1.139203165526752715, -1.033713779362037233 ) ) ;
#3966 = PRESENTATION_LAYER_ASSIGNMENT (  '', '', ( #3522 ) ) ;
#3967 = ADVANCED_FACE ( 'NONE', ( #4086 ), #4446, .T. ) ;
#3968 =( GEOMETRIC_REPRESENTATION_CONTEXT ( 3 ) GLOBAL_UNCERTAINTY_ASSIGNED_CONTEXT ( ( #295 ) ) GLOBAL_UNIT_ASSIGNED_CONTEXT ( ( #2608, #852, #1893 ) ) REPRESENTATION_CONTEXT ( 'NONE', 'WORKASPACE' ) );
#3969 =( LENGTH_UNIT ( ) NAMED_UNIT ( * ) SI_UNIT ( .MILLI., .METRE. ) );
#3970 = SURFACE_STYLE_FILL_AREA ( #2923 ) ;
#3971 = CARTESIAN_POINT ( 'NONE',  ( -5.550461735799474994, 6.137500000000000178, 13.40000000000000036 ) ) ;
#3972 = STYLED_ITEM ( 'NONE', ( #1748 ), #33 ) ;
#3973 = EDGE_CURVE ( 'NONE', #3922, #3692, #4492, .T. ) ;
#3974 = VERTEX_POINT ( 'NONE', #2067 ) ;
#3975 = CARTESIAN_POINT ( 'NONE',  ( 5.840411229460650056, 7.793795175475212389, 14.09999999999999609 ) ) ;
#3976 = CARTESIAN_POINT ( 'NONE',  ( 14.09999999999999787, 6.043795175475212389, -5.840411229460648279 ) ) ;
#3978 = FILL_AREA_STYLE_COLOUR ( '', #2917 ) ;
#3977 = AXIS2_PLACEMENT_3D ( 'NONE', #3403, #1583, #1241 ) ;
#3979 = CARTESIAN_POINT ( 'NONE',  ( 5.550461735799482987, 4.262500000000001066, 13.39999999999999680 ) ) ;
#3980 = AXIS2_PLACEMENT_3D ( 'NONE', #4497, #2028, #291 ) ;
#3981 = CARTESIAN_POINT ( 'NONE',  ( 13.29877818578855475, 0.6985440019472269890, -0.4915899101806478488 ) ) ;
#3982 = LINE ( 'NONE', #46, #4301 ) ;
#3983 = CARTESIAN_POINT ( 'NONE',  ( 0.000000000000000000, 1.700000000000000178, 0.000000000000000000 ) ) ;
#3984 = PRESENTATION_LAYER_ASSIGNMENT (  '', '', ( #1411 ) ) ;
#3985 = VERTEX_POINT ( 'NONE', #2374 ) ;
#3986 = UNCERTAINTY_MEASURE_WITH_UNIT (LENGTH_MEASURE( 1.000000000000000082E-05 ), #3819, 'distance_accuracy_value', 'NONE');
#3987 = LINE ( 'NONE', #3208, #156 ) ;
#3988 = VERTEX_POINT ( 'NONE', #1037 ) ;
#3989 = CARTESIAN_POINT ( 'NONE',  ( 13.39108072468966171, 0.6430485133035405143, -0.4889182717417420165 ) ) ;
#3990 = COLOUR_RGB ( '',0.2941176470588235392, 0.2745098039215686514, 1.000000000000000000 ) ;
#3991 = PRESENTATION_STYLE_ASSIGNMENT (( #120 ) ) ;
#3992 = CARTESIAN_POINT ( 'NONE',  ( -13.40000000000000036, 5.887500000000000178, -5.550461735799474106 ) ) ;
#3993 = ORIENTED_EDGE ( 'NONE', *, *, #3490, .F. ) ;
#3994 = CARTESIAN_POINT ( 'NONE',  ( 5.840411229460650056, 5.793795175475212389, 14.09999999999999609 ) ) ;
#3995 = CARTESIAN_POINT ( 'NONE',  ( 5.840411229460637621, 6.168795175475211501, -14.10000000000000497 ) ) ;
#3996 = FACE_OUTER_BOUND ( 'NONE', #382, .T. ) ;
#3997 = SURFACE_STYLE_USAGE ( .BOTH. , #1863 ) ;
#3998 = CARTESIAN_POINT ( 'NONE',  ( 9.475230867899735898, 4.575000000000001066, -9.475230867899739451 ) ) ;
#3999 = FACE_OUTER_BOUND ( 'NONE', #836, .T. ) ;
#4000 = UNCERTAINTY_MEASURE_WITH_UNIT (LENGTH_MEASURE( 1.000000000000000082E-05 ), #1101, 'distance_accuracy_value', 'NONE');
#4001 = VECTOR ( 'NONE', #2977, 1000.000000000000000 ) ;
#4002 = SURFACE_SIDE_STYLE ('',( #1886 ) ) ;
#4003 = VECTOR ( 'NONE', #2231, 1000.000000000000000 ) ;
#4004 = LINE ( 'NONE', #1910, #936 ) ;
#4005 = SURFACE_STYLE_FILL_AREA ( #1913 ) ;
#4006 = VECTOR ( 'NONE', #16, 1000.000000000000000 ) ;
#4007 = EDGE_CURVE ( 'NONE', #1097, #671, #3419, .T. ) ;
#4008 = ORIENTED_EDGE ( 'NONE', *, *, #4024, .T. ) ;
#4009 = CARTESIAN_POINT ( 'NONE',  ( -13.40000000000000036, 8.750000000000000000, 8.205133554287266562E-16 ) ) ;
#4010 = ADVANCED_BREP_SHAPE_REPRESENTATION ( 'Pedestal Housing_TY', ( #1793, #3659 ), #1315 ) ;
#4011 = SURFACE_SIDE_STYLE ('',( #2579 ) ) ;
#4012 = ORIENTED_EDGE ( 'NONE', *, *, #1233, .T. ) ;
#4013 = LINE ( 'NONE', #495, #380 ) ;
#4014 = CARTESIAN_POINT ( 'NONE',  ( 0.000000000000000000, -1.300000000000000044, 0.000000000000000000 ) ) ;
#4015 = DIRECTION ( 'NONE',  ( 0.9999844766847799660, 0.000000000000000000, 0.005571928702579167884 ) ) ;
#4016 = CARTESIAN_POINT ( 'NONE',  ( 13.29877818578986926, -0.01564490576276861278, -0.8142303834617529157 ) ) ;
#4017 = VERTEX_POINT ( 'NONE', #674 ) ;
#4018 = CARTESIAN_POINT ( 'NONE',  ( 5.840411229460650056, 5.793795175475213277, 14.09999999999999787 ) ) ;
#4019 = FACE_OUTER_BOUND ( 'NONE', #3147, .T. ) ;
#4020 = FILL_AREA_STYLE_COLOUR ( '', #591 ) ;
#4021 = CARTESIAN_POINT ( 'NONE',  ( -13.40000000000000036, 5.950000000000000178, 8.205133554287266562E-16 ) ) ;
#4022 = SURFACE_SIDE_STYLE ('',( #3697 ) ) ;
#4023 = CIRCLE ( 'NONE', #2044, 13.40000000000000036 ) ;
#4024 = EDGE_CURVE ( 'NONE', #4464, #1453, #3463, .T. ) ;
#4025 = FACE_BOUND ( 'NONE', #3814, .T. ) ;
#4026 =( NAMED_UNIT ( * ) SI_UNIT ( $, .STERADIAN. ) SOLID_ANGLE_UNIT ( ) );
#4027 = DIRECTION ( 'NONE',  ( 0.000000000000000000, -0.000000000000000000, -1.000000000000000000 ) ) ;
#4028 = EDGE_CURVE ( 'NONE', #1307, #3974, #217, .T. ) ;
#4029 = PRESENTATION_STYLE_ASSIGNMENT (( #609 ) ) ;
#4030 = CARTESIAN_POINT ( 'NONE',  ( 13.40000000000000036, 8.250000000000000000, -2.461540066286179870E-15 ) ) ;
#4031 = FILL_AREA_STYLE ('',( #3617 ) ) ;
#4032 = VERTEX_POINT ( 'NONE', #1619 ) ;
#4033 = LINE ( 'NONE', #167, #221 ) ;
#4034 = MECHANICAL_DESIGN_GEOMETRIC_PRESENTATION_REPRESENTATION (  '', ( #1458 ), #1035 ) ;
#4035 = CARTESIAN_POINT ( 'NONE',  ( -13.78568851628465808, 3.218914651395904158, -14.65781290106666823 ) ) ;
#4036 = STYLED_ITEM ( 'NONE', ( #1776 ), #4498 ) ;
#4037 = ORIENTED_EDGE ( 'NONE', *, *, #2803, .F. ) ;
#4038 = CARTESIAN_POINT ( 'NONE',  ( 14.09999999999999964, 5.918795175475213277, 5.840411229460643838 ) ) ;
#4039 = PRESENTATION_STYLE_ASSIGNMENT (( #2656 ) ) ;
#4040 = CARTESIAN_POINT ( 'NONE',  ( -13.40000000000000036, 8.012500000000001066, 5.550461735799474106 ) ) ;
#4041 = DIRECTION ( 'NONE',  ( 0.000000000000000000, 1.000000000000000000, 0.000000000000000000 ) ) ;
#4042 = UNCERTAINTY_MEASURE_WITH_UNIT (LENGTH_MEASURE( 1.000000000000000082E-05 ), #4339, 'distance_accuracy_value', 'NONE');
#4043 = VECTOR ( 'NONE', #3878, 1000.000000000000000 ) ;
#4044 =( GEOMETRIC_REPRESENTATION_CONTEXT ( 3 ) GLOBAL_UNCERTAINTY_ASSIGNED_CONTEXT ( ( #1499 ) ) GLOBAL_UNIT_ASSIGNED_CONTEXT ( ( #3446, #2081, #4214 ) ) REPRESENTATION_CONTEXT ( 'NONE', 'WORKASPACE' ) );
#4045 = PRESENTATION_LAYER_ASSIGNMENT (  '', '', ( #148 ) ) ;
#4046 = DIRECTION ( 'NONE',  ( 0.000000000000000000, 0.000000000000000000, -1.000000000000000000 ) ) ;
#4047 = FILL_AREA_STYLE_COLOUR ( '', #1023 ) ;
#4048 = AXIS2_PLACEMENT_3D ( 'NONE', #1276, #2707, #4087 ) ;
#4049 = STYLED_ITEM ( 'NONE', ( #1678 ), #2244 ) ;
#4050 = CARTESIAN_POINT ( 'NONE',  ( -9.475230867899737675, 7.875000000000000000, 9.475230867899737675 ) ) ;
#4051 = CARTESIAN_POINT ( 'NONE',  ( -14.10000000000000320, 8.281204824524790453, 5.840411229460642950 ) ) ;
#4052 = VERTEX_POINT ( 'NONE', #315 ) ;
#4053 = DIRECTION ( 'NONE',  ( -1.000000000000000000, 0.000000000000000000, -0.000000000000000000 ) ) ;
#4054 = CIRCLE ( 'NONE', #3835, 1.289999999999904112 ) ;
#4055 = CARTESIAN_POINT ( 'NONE',  ( -13.29877818578986215, -1.171794871794871851, 0.1177190332752888480 ) ) ;
#4056 = PRESENTATION_LAYER_ASSIGNMENT (  '', '', ( #160 ) ) ;
#4057 =( NAMED_UNIT ( * ) SI_UNIT ( $, .STERADIAN. ) SOLID_ANGLE_UNIT ( ) );
#4058 = FACE_OUTER_BOUND ( 'NONE', #595, .T. ) ;
#4059 = CARTESIAN_POINT ( 'NONE',  ( -13.40000000000000036, 8.687500000000000000, -5.550461735799474106 ) ) ;
#4060 = SURFACE_SIDE_STYLE ('',( #3642 ) ) ;
#4061 = EDGE_CURVE ( 'NONE', #3102, #3210, #822, .T. ) ;
#4062 = ORIENTED_EDGE ( 'NONE', *, *, #67, .T. ) ;
#4063 = CARTESIAN_POINT ( 'NONE',  ( 14.09999999999999964, 7.718704824524791341, -2.590127980196652091E-15 ) ) ;
#4064 = DIRECTION ( 'NONE',  ( 0.000000000000000000, -1.000000000000000000, 0.000000000000000000 ) ) ;
#4065 = CARTESIAN_POINT ( 'NONE',  ( -5.550461735799474994, 6.762500000000001954, -13.40000000000000036 ) ) ;
#4066 = CARTESIAN_POINT ( 'NONE',  ( -14.09999999999999964, 8.481295175475212389, 8.633759933988839975E-16 ) ) ;
#4067 = PLANE ( 'NONE',  #2021 ) ;
#4068 = FILL_AREA_STYLE_COLOUR ( '', #4405 ) ;
#4069 = COLOUR_RGB ( '',0.2941176470588235392, 0.2745098039215686514, 1.000000000000000000 ) ;
#4070 = DIRECTION ( 'NONE',  ( 0.000000000000000000, -1.000000000000000000, 0.000000000000000000 ) ) ;
#4071 = SURFACE_SIDE_STYLE ('',( #871 ) ) ;
#4072 = CARTESIAN_POINT ( 'NONE',  ( -13.40000000000000036, 5.750000000000000888, 8.205133554287266562E-16 ) ) ;
#4073 = LINE ( 'NONE', #2482, #3247 ) ;
#4074 = ORIENTED_EDGE ( 'NONE', *, *, #486, .F. ) ;
#4075 = PRESENTATION_STYLE_ASSIGNMENT (( #2250 ) ) ;
#4076 = CYLINDRICAL_SURFACE ( 'NONE', #3313, 12.60000000000000142 ) ;
#4077 = CARTESIAN_POINT ( 'NONE',  ( -14.10000000000000142, 8.418795175475212389, -5.840411229460639397 ) ) ;
#4078 = CYLINDRICAL_SURFACE ( 'NONE', #2210, 12.60000000000000142 ) ;
#4079 = EDGE_CURVE ( 'NONE', #3692, #957, #573, .T. ) ;
#4080 = CARTESIAN_POINT ( 'NONE',  ( 5.840411229460650056, 4.531204824524791341, 14.09999999999999609 ) ) ;
#4081 = VERTEX_POINT ( 'NONE', #2348 ) ;
#4082 = CARTESIAN_POINT ( 'NONE',  ( -13.39027273609030289, 10.00000000000000000, -0.5104860949298393180 ) ) ;
#4083 = VERTEX_POINT ( 'NONE', #2705 ) ;
#4084 = EDGE_CURVE ( 'NONE', #1319, #1735, #3738, .T. ) ;
#4085 = FILL_AREA_STYLE_COLOUR ( '', #4069 ) ;
#4086 = FACE_OUTER_BOUND ( 'NONE', #3435, .T. ) ;
#4087 = DIRECTION ( 'NONE',  ( 0.000000000000000000, 0.000000000000000000, 1.000000000000000000 ) ) ;
#4088 = EDGE_CURVE ( 'NONE', #2946, #1307, #2445, .T. ) ;
#4089 = CARTESIAN_POINT ( 'NONE',  ( 9.970205614730319965, 7.106295175475212389, -9.970205614730321741 ) ) ;
#4090 = UNCERTAINTY_MEASURE_WITH_UNIT (LENGTH_MEASURE( 1.000000000000000082E-05 ), #1877, 'distance_accuracy_value', 'NONE');
#4091 = EDGE_LOOP ( 'NONE', ( #2990 ) ) ;
#4092 = PLANE ( 'NONE',  #1951 ) ;
#4093 = CARTESIAN_POINT ( 'NONE',  ( -13.29877818578986215, -1.800000000000000044, 1.104898520454776101 ) ) ;
#4094 = CARTESIAN_POINT ( 'NONE',  ( 13.29877818578986393, 0.3962547413334445157, -1.080203934138411315 ) ) ;
#4095 = STYLED_ITEM ( 'NONE', ( #2484 ), #3212 ) ;
#4096 = ORIENTED_EDGE ( 'NONE', *, *, #4224, .F. ) ;
#4097 = CARTESIAN_POINT ( 'NONE',  ( -1.641026710857453312E-15, 7.500000000000001776, -13.40000000000000036 ) ) ;
#4098 = VECTOR ( 'NONE', #2456, 1000.000000000000000 ) ;
#4099 = ORIENTED_EDGE ( 'NONE', *, *, #1033, .T. ) ;
#4100 = DIRECTION ( 'NONE',  ( 0.000000000000000000, 0.000000000000000000, -1.000000000000000000 ) ) ;
#4101 = CARTESIAN_POINT ( 'NONE',  ( 5.840411229460638509, 7.168795175475213277, -14.10000000000000320 ) ) ;
#4102 = CARTESIAN_POINT ( 'NONE',  ( 0.000000000000000000, -2.160025235603923566, 0.000000000000000000 ) ) ;
#4103 = CARTESIAN_POINT ( 'NONE',  ( 9.970205614730319965, 5.843704824524790453, -9.970205614730321741 ) ) ;
#4104 = ORIENTED_EDGE ( 'NONE', *, *, #3940, .T. ) ;
#4105 =( NAMED_UNIT ( * ) PLANE_ANGLE_UNIT ( ) SI_UNIT ( $, .RADIAN. ) );
#4106 = EDGE_CURVE ( 'NONE', #4151, #2269, #4273, .T. ) ;
#4107 = ORIENTED_EDGE ( 'NONE', *, *, #641, .F. ) ;
#4108 = FILL_AREA_STYLE_COLOUR ( '', #75 ) ;
#4109 = DIRECTION ( 'NONE',  ( 0.000000000000000000, 1.000000000000000000, 0.000000000000000000 ) ) ;
#4110 = CARTESIAN_POINT ( 'NONE',  ( -0.09630342289866861138, 1.071794871794871984, 13.29790144351676950 ) ) ;
#4111 = CARTESIAN_POINT ( 'NONE',  ( -14.10000000000000320, 7.543795175475211501, 5.840411229460642950 ) ) ;
#4112 = EDGE_CURVE ( 'NONE', #3090, #1967, #2286, .T. ) ;
#4113 = VERTEX_POINT ( 'NONE', #1059 ) ;
#4114 =( NAMED_UNIT ( * ) SI_UNIT ( $, .STERADIAN. ) SOLID_ANGLE_UNIT ( ) );
#4115 = CIRCLE ( 'NONE', #2593, 12.60000000000000142 ) ;
#4116 = CARTESIAN_POINT ( 'NONE',  ( 13.39232934043297796, 0.4686227173570997606, -1.099032634711902379 ) ) ;
#4117 = STYLED_ITEM ( 'NONE', ( #2030 ), #20 ) ;
#4118 = SURFACE_STYLE_USAGE ( .BOTH. , #1675 ) ;
#4119 = MECHANICAL_DESIGN_GEOMETRIC_PRESENTATION_REPRESENTATION (  '', ( #4400 ), #525 ) ;
#4120 = PRESENTATION_LAYER_ASSIGNMENT (  '', '', ( #4049 ) ) ;
#4121 = ORIENTED_EDGE ( 'NONE', *, *, #3624, .F. ) ;
#4122 = VECTOR ( 'NONE', #914, 1000.000000000000000 ) ;
#4123 = MECHANICAL_DESIGN_GEOMETRIC_PRESENTATION_REPRESENTATION (  '', ( #1928 ), #1338 ) ;
#4124 = SURFACE_STYLE_USAGE ( .BOTH. , #1385 ) ;
#4125 =( NAMED_UNIT ( * ) SI_UNIT ( $, .STERADIAN. ) SOLID_ANGLE_UNIT ( ) );
#4126 = STYLED_ITEM ( 'NONE', ( #2563 ), #2663 ) ;
#4127 = CARTESIAN_POINT ( 'NONE',  ( 14.09999999999999787, 4.656204824524791341, 5.840411229460643838 ) ) ;
#4128 = ORIENTED_EDGE ( 'NONE', *, *, #3433, .T. ) ;
#4129 = DIRECTION ( 'NONE',  ( 1.000000000000000000, -0.000000000000000000, -0.000000000000000000 ) ) ;
#4130 = AXIS2_PLACEMENT_3D ( 'NONE', #2969, #1613, #593 ) ;
#4131 = ORIENTED_EDGE ( 'NONE', *, *, #2944, .F. ) ;
#4132 = CARTESIAN_POINT ( 'NONE',  ( 13.40214012082287098, 1.699828267867757425, 0.2533199975026420026 ) ) ;
#4133 = CARTESIAN_POINT ( 'NONE',  ( 0.000000000000000000, 5.468704824524791341, 14.09999999999999964 ) ) ;
#4134 = CARTESIAN_POINT ( 'NONE',  ( 12.09710106324518541, 1.600000000000000311, 4.333894999377839952 ) ) ;
#4135 = DIRECTION ( 'NONE',  ( 0.000000000000000000, 0.000000000000000000, -1.000000000000000000 ) ) ;
#4136 = DIRECTION ( 'NONE',  ( 1.000000000000000000, -0.000000000000000000, -0.000000000000000000 ) ) ;
#4137 = CARTESIAN_POINT ( 'NONE',  ( -5.840411229460643838, 6.293795175475211501, -14.10000000000000320 ) ) ;
#4138 = ORIENTED_EDGE ( 'NONE', *, *, #1958, .F. ) ;
#4139 = STYLED_ITEM ( 'NONE', ( #1709 ), #694 ) ;
#4140 = FILL_AREA_STYLE ('',( #606 ) ) ;
#4141 = FILL_AREA_STYLE_COLOUR ( '', #2820 ) ;
#4142 = FILL_AREA_STYLE_COLOUR ( '', #2733 ) ;
#4143 = CARTESIAN_POINT ( 'NONE',  ( 13.40103461748984515, 1.043691763358374214, -0.2021378443598821073 ) ) ;
#4144 = ORIENTED_EDGE ( 'NONE', *, *, #4228, .T. ) ;
#4145 = CARTESIAN_POINT ( 'NONE',  ( 0.000000000000000000, -1.300000000000000044, 0.000000000000000000 ) ) ;
#4146 = ADVANCED_FACE ( 'NONE', ( #699 ), #2471, .F. ) ;
#4147 = CIRCLE ( 'NONE', #2173, 12.60000000000000142 ) ;
#4148 = FILL_AREA_STYLE ('',( #2389 ) ) ;
#4149 = PLANE ( 'NONE',  #2756 ) ;
#4150 = CARTESIAN_POINT ( 'NONE',  ( -13.40000000000000036, 8.812500000000000000, 5.550461735799474994 ) ) ;
#4151 = VERTEX_POINT ( 'NONE', #1811 ) ;
#4152 = PRESENTATION_STYLE_ASSIGNMENT (( #4 ) ) ;
#4153 = CIRCLE ( 'NONE', #2706, 1.289999999999904112 ) ;
#4154 = ORIENTED_EDGE ( 'NONE', *, *, #4357, .T. ) ;
#4155 = CARTESIAN_POINT ( 'NONE',  ( 13.29877818578986215, 1.261929886947140256, -0.9653505588420876471 ) ) ;
#4156 = SURFACE_STYLE_FILL_AREA ( #3831 ) ;
#4157 =( LENGTH_UNIT ( ) NAMED_UNIT ( * ) SI_UNIT ( .MILLI., .METRE. ) );
#4158 = CARTESIAN_POINT ( 'NONE',  ( 13.29877818578986215, 0.7142227564102565651, -0.4919668038322754233 ) ) ;
#4159 = B_SPLINE_SURFACE_WITH_KNOTS ( 'NONE', 3, 1, ( 
 ( #2063, #696 ),
 ( #3126, #4132 ),
 ( #283, #2042 ),
 ( #2110, #623 ),
 ( #4200, #3148 ),
 ( #4465, #3417 ),
 ( #1662, #3505 ),
 ( #1736, #4513 ),
 ( #4530, #1014 ),
 ( #1371, #8 ),
 ( #994, #1391 ),
 ( #1323, #3436 ),
 ( #4489, #2418 ),
 ( #2813, #2395 ),
 ( #1055, #3103 ),
 ( #1349, #2788 ),
 ( #2763, #4176 ),
 ( #4155, #2469 ),
 ( #386, #3528 ),
 ( #3877, #2496 ),
 ( #740, #2131 ),
 ( #2405, #2777 ),
 ( #4259, #1447 ),
 ( #4165, #3842 ),
 ( #3798, #3543 ),
 ( #3817, #1725 ),
 ( #2122, #706 ) ),
 .UNSPECIFIED., .F., .F., .F.,
 ( 4, 1, 1, 1, 1, 1, 1, 1, 1, 1, 1, 1, 1, 1, 1, 1, 1, 1, 1, 1, 1, 1, 1, 1, 4 ),
 ( 2, 2 ),
 ( 0.000000000000000000, 0.07288902662003828026, 0.1401861299444943920, 0.2022774341249591601, 0.2588951317514626149, 0.3104829424654783065, 0.3570952441313353654, 0.3985135666534656007, 0.4350375108701160509, 0.4692514858292877178, 0.5028050278902745918, 0.5362104463185621839, 0.5693793599392057425, 0.6028014750483933204, 0.6366657983367766116, 0.6709286568940431295, 0.7058030002293127492, 0.7411890612458775784, 0.7763043110764616950, 0.8120043009129350731, 0.8479689758088955198, 0.8845217611964791837, 0.9219741585442050580, 0.9601981758096080899, 1.000000000000000000 ),
 ( 0.000000000000000000, 1.000000000000000000 ),
 .UNSPECIFIED. ) ;
#4160 = CARTESIAN_POINT ( 'NONE',  ( 5.840411229460637621, 8.168795175475212389, -14.10000000000000497 ) ) ;
#4161 = ORIENTED_EDGE ( 'NONE', *, *, #2344, .F. ) ;
#4162 = LINE ( 'NONE', #4472, #2669 ) ;
#4163 = CARTESIAN_POINT ( 'NONE',  ( 0.000000000000000000, -1.300000000000000044, 0.000000000000000000 ) ) ;
#4164 = EDGE_CURVE ( 'NONE', #3511, #1991, #1244, .T. ) ;
#4165 = CARTESIAN_POINT ( 'NONE',  ( 13.29877818578985860, 0.8603374611566679819, -1.110985552951445188 ) ) ;
#4166 = CARTESIAN_POINT ( 'NONE',  ( 13.40103461748983982, 1.067227213828343624, -0.01267730726121114523 ) ) ;
#4167 = ORIENTED_EDGE ( 'NONE', *, *, #138, .F. ) ;
#4168 = CARTESIAN_POINT ( 'NONE',  ( 0.000000000000000000, 1.600000000000000755, 0.000000000000000000 ) ) ;
#4169 = FACE_OUTER_BOUND ( 'NONE', #714, .T. ) ;
#4170 = EDGE_CURVE ( 'NONE', #2138, #3620, #4199, .T. ) ;
#4171 = CARTESIAN_POINT ( 'NONE',  ( 0.9806196540244083160, 0.3987179487179490778, 13.29790144351676950 ) ) ;
#4172 = CARTESIAN_POINT ( 'NONE',  ( 5.550461735799472329, 7.437500000000001776, -13.40000000000000391 ) ) ;
#4173 = ORIENTED_EDGE ( 'NONE', *, *, #3290, .F. ) ;
#4174 = CARTESIAN_POINT ( 'NONE',  ( -3.367574150264197819, 3.237935071945527543, 12.40088482095017142 ) ) ;
#4175 = ORIENTED_EDGE ( 'NONE', *, *, #2640, .T. ) ;
#4176 = CARTESIAN_POINT ( 'NONE',  ( 13.40214012082287454, 1.318816931889401189, -0.9255332735335836114 ) ) ;
#4177 = DIRECTION ( 'NONE',  ( -0.000000000000000000, 0.000000000000000000, 1.000000000000000000 ) ) ;
#4178 =( NAMED_UNIT ( * ) PLANE_ANGLE_UNIT ( ) SI_UNIT ( $, .RADIAN. ) );
#4179 = DIRECTION ( 'NONE',  ( 0.000000000000000000, 1.000000000000000000, 0.000000000000000000 ) ) ;
#4180 =( NAMED_UNIT ( * ) SI_UNIT ( $, .STERADIAN. ) SOLID_ANGLE_UNIT ( ) );
#4181 =( NAMED_UNIT ( * ) PLANE_ANGLE_UNIT ( ) SI_UNIT ( $, .RADIAN. ) );
#4182 = ORIENTED_EDGE ( 'NONE', *, *, #3110, .T. ) ;
#4183 = CARTESIAN_POINT ( 'NONE',  ( 0.000000000000000000, 10.00000000000000000, 0.000000000000000000 ) ) ;
#4184 = SURFACE_SIDE_STYLE ('',( #1041 ) ) ;
#4185 = AXIS2_PLACEMENT_3D ( 'NONE', #1801, #93, #2532 ) ;
#4186 = CARTESIAN_POINT ( 'NONE',  ( 13.39232934043297973, -0.1735429653926041371, -0.5480328881603317992 ) ) ;
#4187 = SURFACE_SIDE_STYLE ('',( #399 ) ) ;
#4188 = VECTOR ( 'NONE', #737, 1000.000000000000114 ) ;
#4189 = CARTESIAN_POINT ( 'NONE',  ( 13.29877818578986037, 1.067227213828343624, -0.01267730726121114523 ) ) ;
#4190 = VERTEX_POINT ( 'NONE', #2651 ) ;
#4191 = MECHANICAL_DESIGN_GEOMETRIC_PRESENTATION_REPRESENTATION (  '', ( #2523 ), #2220 ) ;
#4192 = SURFACE_STYLE_FILL_AREA ( #2085 ) ;
#4193 = SURFACE_SIDE_STYLE ('',( #1707 ) ) ;
#4194 = VECTOR ( 'NONE', #902, 1000.000000000000000 ) ;
#4195 = CARTESIAN_POINT ( 'NONE',  ( 13.40000000000000036, 7.250000000000000888, -2.461540066286179870E-15 ) ) ;
#4196 = ORIENTED_EDGE ( 'NONE', *, *, #4307, .F. ) ;
#4197 = CARTESIAN_POINT ( 'NONE',  ( -9.973682491052370480, 1.600000000000000311, -8.102355063046511319 ) ) ;
#4198 =( GEOMETRIC_REPRESENTATION_CONTEXT ( 3 ) GLOBAL_UNCERTAINTY_ASSIGNED_CONTEXT ( ( #1232 ) ) GLOBAL_UNIT_ASSIGNED_CONTEXT ( ( #3120, #2463, #3093 ) ) REPRESENTATION_CONTEXT ( 'NONE', 'WORKASPACE' ) );
#4199 =( BOUNDED_CURVE ( )  B_SPLINE_CURVE ( 2, ( #4250, #2881, #1396, #790, #2903, #3508, #1763, #1081, #2185, #4296, #389, #3576, #430, #1830, #2839, #3173, #1486, #3832, #1738, #3150, #4533, #10, #4230, #1792, #3195, #189, #1878, #1506, #2610, #2584, #1148, #2297, #3258, #3971, #477, #810, #879, #3992, #3298, #498, #904, #168, #3279, #1899, #3344, #2253, #2924, #2988, #1545, #544, #4316, #144, #2232, #856, #1185, #4374, #2968, #4349, #1205, #3640, #1588, #3946, #3619, #3005, #3662 ),
 .UNSPECIFIED., .F., .T. ) 
 B_SPLINE_CURVE_WITH_KNOTS ( ( 3, 2, 2, 2, 2, 2, 2, 2, 2, 2, 2, 2, 2, 2, 2, 2, 2, 2, 2, 2, 2, 2, 2, 2, 2, 2, 2, 2, 2, 2, 2, 2, 3 ),
 ( 0.000000000000000000, 0.03125000000000000000, 0.06250000000000000000, 0.09375000000000000000, 0.1250000000000000000, 0.1562500000000000000, 0.1875000000000000000, 0.2187500000000000000, 0.2500000000000000000, 0.2812500000000000000, 0.3125000000000000000, 0.3437500000000000000, 0.3750000000000000000, 0.4062500000000000000, 0.4375000000000000000, 0.4687500000000000000, 0.5000000000000000000, 0.5312500000000000000, 0.5625000000000000000, 0.5937500000000000000, 0.6250000000000000000, 0.6562500000000000000, 0.6875000000000000000, 0.7187500000000000000, 0.7500000000000000000, 0.7812500000000000000, 0.8125000000000000000, 0.8437500000000000000, 0.8750000000000000000, 0.9062500000000000000, 0.9375000000000000000, 0.9687500000000000000, 1.000000000000000000 ),
 .UNSPECIFIED. ) 
 CURVE ( )  GEOMETRIC_REPRESENTATION_ITEM ( )  RATIONAL_B_SPLINE_CURVE ( ( 1.000000000000000000, 0.9238795325112867385, 1.000000000000000000, 0.9238795325112867385, 1.000000000000000000, 0.9238795325112867385, 1.000000000000000000, 0.9238795325112867385, 1.000000000000000000, 0.9238795325112867385, 1.000000000000000000, 0.9238795325112867385, 1.000000000000000000, 0.9238795325112867385, 1.000000000000000000, 0.9238795325112867385, 1.000000000000000000, 0.9238795325112867385, 1.000000000000000000, 0.9238795325112867385, 1.000000000000000000, 0.9238795325112867385, 1.000000000000000000, 0.9238795325112867385, 1.000000000000000000, 0.9238795325112867385, 1.000000000000000000, 0.9238795325112867385, 1.000000000000000000, 0.9238795325112867385, 1.000000000000000000, 0.9238795325112867385, 1.000000000000000000, 0.9238795325112867385, 1.000000000000000000, 0.9238795325112867385, 1.000000000000000000, 0.9238795325112867385, 1.000000000000000000, 0.9238795325112867385, 1.000000000000000000, 0.9238795325112867385, 1.000000000000000000, 0.9238795325112867385, 1.000000000000000000, 0.9238795325112867385, 1.000000000000000000, 0.9238795325112867385, 1.000000000000000000, 0.9238795325112867385, 1.000000000000000000, 0.9238795325112867385, 1.000000000000000000, 0.9238795325112867385, 1.000000000000000000, 0.9238795325112867385, 1.000000000000000000, 0.9238795325112867385, 1.000000000000000000, 0.9238795325112867385, 1.000000000000000000, 0.9238795325112867385, 1.000000000000000000, 0.9238795325112867385, 1.000000000000000000 ) ) 
 REPRESENTATION_ITEM ( '' )  );
#4200 = CARTESIAN_POINT ( 'NONE',  ( 13.29877818578986748, 1.687035229855017526, -0.09717548437462161792 ) ) ;
#4201 = SURFACE_STYLE_USAGE ( .BOTH. , #361 ) ;
#4202 = CARTESIAN_POINT ( 'NONE',  ( 13.29877818578986215, 0.4587868311936371679, -0.3849191791662754381 ) ) ;
#4203 = FILL_AREA_STYLE_COLOUR ( '', #908 ) ;
#4204 = STYLED_ITEM ( 'NONE', ( #2010 ), #2836 ) ;
#4205 = DIRECTION ( 'NONE',  ( 0.000000000000000000, -1.000000000000000000, 0.000000000000000000 ) ) ;
#4206 = EDGE_CURVE ( 'NONE', #4190, #1341, #2207, .T. ) ;
#4207 = ORIENTED_EDGE ( 'NONE', *, *, #2752, .F. ) ;
#4208 = DIRECTION ( 'NONE',  ( 0.000000000000000000, 1.000000000000000000, 0.000000000000000000 ) ) ;
#4209 = CARTESIAN_POINT ( 'NONE',  ( 12.58291269623122055, 10.00000000000000000, 4.607635844880021203 ) ) ;
#4210 = DIRECTION ( 'NONE',  ( -1.000000000000000000, -0.000000000000000000, -0.000000000000000000 ) ) ;
#4211 = CARTESIAN_POINT ( 'NONE',  ( -9.970205614730319965, 8.343704824524790453, 9.970205614730319965 ) ) ;
#4212 = LINE ( 'NONE', #65, #2271 ) ;
#4213 = UNCERTAINTY_MEASURE_WITH_UNIT (LENGTH_MEASURE( 1.000000000000000082E-05 ), #312, 'distance_accuracy_value', 'NONE');
#4214 =( NAMED_UNIT ( * ) SI_UNIT ( $, .STERADIAN. ) SOLID_ANGLE_UNIT ( ) );
#4215 = CARTESIAN_POINT ( 'NONE',  ( -11.32179765614438516, 0.6999999999999999556, -5.244954800604855194 ) ) ;
#4216 = EDGE_LOOP ( 'NONE', ( #2450, #2771, #3666, #2312 ) ) ;
#4217 = CARTESIAN_POINT ( 'NONE',  ( -7.121753946748072828, 1.779508393036489666, 11.35079824162064277 ) ) ;
#4218 = CARTESIAN_POINT ( 'NONE',  ( 13.29877818578986215, 1.063335453108553708, -0.06906431130076491620 ) ) ;
#4219 = UNCERTAINTY_MEASURE_WITH_UNIT (LENGTH_MEASURE( 1.000000000000000082E-05 ), #2891, 'distance_accuracy_value', 'NONE');
#4220 =( LENGTH_UNIT ( ) NAMED_UNIT ( * ) SI_UNIT ( .MILLI., .METRE. ) );
#4221 = CARTESIAN_POINT ( 'NONE',  ( -7.121753946748072828, 10.00000000000000000, 11.35079824162064277 ) ) ;
#4222 = VERTEX_POINT ( 'NONE', #121 ) ;
#4223 = SURFACE_STYLE_USAGE ( .BOTH. , #3192 ) ;
#4224 = EDGE_CURVE ( 'NONE', #113, #1010, #2631, .T. ) ;
#4225 = AXIS2_PLACEMENT_3D ( 'NONE', #3575, #3945, #3529 ) ;
#4226 = PRESENTATION_STYLE_ASSIGNMENT (( #2441 ) ) ;
#4227 = DIRECTION ( 'NONE',  ( -0.000000000000000000, -1.000000000000000000, -0.000000000000000000 ) ) ;
#4228 = EDGE_CURVE ( 'NONE', #1890, #2936, #1166, .T. ) ;
#4229 = CARTESIAN_POINT ( 'NONE',  ( 13.29877818578986215, -1.800000000000000044, 0.4054690936036221549 ) ) ;
#4230 = CARTESIAN_POINT ( 'NONE',  ( -9.475230867899737675, 6.825000000000001066, -9.475230867899735898 ) ) ;
#4231 = STYLED_ITEM ( 'NONE', ( #1151 ), #1291 ) ;
#4232 = DIRECTION ( 'NONE',  ( -0.000000000000000000, -1.000000000000000000, -0.000000000000000000 ) ) ;
#4233 = EDGE_CURVE ( 'NONE', #4529, #1520, #440, .T. ) ;
#4234 = ORIENTED_EDGE ( 'NONE', *, *, #1162, .F. ) ;
#4235 =( LENGTH_UNIT ( ) NAMED_UNIT ( * ) SI_UNIT ( .MILLI., .METRE. ) );
#4236 = CARTESIAN_POINT ( 'NONE',  ( 14.09999999999999964, 7.918795175475211501, 5.840411229460643838 ) ) ;
#4237 = DIRECTION ( 'NONE',  ( 0.000000000000000000, 0.000000000000000000, 1.000000000000000000 ) ) ;
#4238 = CARTESIAN_POINT ( 'NONE',  ( 14.09999999999999964, 6.718704824524791341, -2.590127980196652091E-15 ) ) ;
#4239 =( NAMED_UNIT ( * ) PLANE_ANGLE_UNIT ( ) SI_UNIT ( $, .RADIAN. ) );
#4240 = CARTESIAN_POINT ( 'NONE',  ( 13.40129048890766938, 0.4158862584580907962, -0.3117549823513498519 ) ) ;
#4241 = DIRECTION ( 'NONE',  ( -0.000000000000000000, -0.000000000000000000, 1.000000000000000000 ) ) ;
#4242 = CARTESIAN_POINT ( 'NONE',  ( 13.39116759005415602, 0.7875579633250687772, -0.4865997547552611824 ) ) ;
#4243 =( NAMED_UNIT ( * ) PLANE_ANGLE_UNIT ( ) SI_UNIT ( $, .RADIAN. ) );
#4244 = CARTESIAN_POINT ( 'NONE',  ( 9.475230867899739451, 6.125000000000000888, 9.475230867899734122 ) ) ;
#4245 = ORIENTED_EDGE ( 'NONE', *, *, #3633, .T. ) ;
#4246 = CARTESIAN_POINT ( 'NONE',  ( 13.29877818578986393, 1.699497978603069281, 0.1602657242171739993 ) ) ;
#4247 = COLOUR_RGB ( '',0.2941176470588235392, 0.2745098039215686514, 1.000000000000000000 ) ;
#4248 = LINE ( 'NONE', #1079, #4043 ) ;
#4249 = DIRECTION ( 'NONE',  ( -0.000000000000000000, -1.000000000000000000, -0.000000000000000000 ) ) ;
#4250 = CARTESIAN_POINT ( 'NONE',  ( 0.000000000000000000, 8.200000000000001066, 13.40000000000000036 ) ) ;
#4251 =( GEOMETRIC_REPRESENTATION_CONTEXT ( 3 ) GLOBAL_UNCERTAINTY_ASSIGNED_CONTEXT ( ( #131 ) ) GLOBAL_UNIT_ASSIGNED_CONTEXT ( ( #2550, #1067, #797 ) ) REPRESENTATION_CONTEXT ( 'NONE', 'WORKASPACE' ) );
#4252 = LINE ( 'NONE', #2818, #531 ) ;
#4253 = ORIENTED_EDGE ( 'NONE', *, *, #260, .T. ) ;
#4254 = PRESENTATION_STYLE_ASSIGNMENT (( #82 ) ) ;
#4255 = CARTESIAN_POINT ( 'NONE',  ( -0.7245085511037967496, 1.700000000000000178, 13.29790144351676950 ) ) ;
#4256 = CARTESIAN_POINT ( 'NONE',  ( -5.840411229460641174, 5.406204824524791341, 14.10000000000000320 ) ) ;
#4257 = EDGE_CURVE ( 'NONE', #4527, #412, #1999, .T. ) ;
#4258 = CARTESIAN_POINT ( 'NONE',  ( 13.39862974760861292, 1.071794871794872206, 0.1916269461677245767 ) ) ;
#4259 = CARTESIAN_POINT ( 'NONE',  ( 13.29877818578986037, 0.9339448942567658563, -1.099440961670263173 ) ) ;
#4260 = DIRECTION ( 'NONE',  ( 0.000000000000000000, 1.000000000000000000, -0.000000000000000000 ) ) ;
#4261 = AXIS2_PLACEMENT_3D ( 'NONE', #3285, #528, #3349 ) ;
#4262 = SURFACE_SIDE_STYLE ('',( #2174 ) ) ;
#4263 =( GEOMETRIC_REPRESENTATION_CONTEXT ( 3 ) GLOBAL_UNCERTAINTY_ASSIGNED_CONTEXT ( ( #4213 ) ) GLOBAL_UNIT_ASSIGNED_CONTEXT ( ( #312, #715, #1758 ) ) REPRESENTATION_CONTEXT ( 'NONE', 'WORKASPACE' ) );
#4264 = ORIENTED_EDGE ( 'NONE', *, *, #1554, .F. ) ;
#4265 = DIRECTION ( 'NONE',  ( 0.000000000000000000, 0.000000000000000000, -1.000000000000000000 ) ) ;
#4266 = CARTESIAN_POINT ( 'NONE',  ( -5.550461735799474994, 7.937500000000000000, 13.40000000000000036 ) ) ;
#4267 = VERTEX_POINT ( 'NONE', #357 ) ;
#4268 = MECHANICAL_DESIGN_GEOMETRIC_PRESENTATION_REPRESENTATION (  '', ( #2061 ), #901 ) ;
#4269 = CARTESIAN_POINT ( 'NONE',  ( 13.29877818578986215, 1.699828267867757425, 0.2533199975026420026 ) ) ;
#4270 = AXIS2_PLACEMENT_3D ( 'NONE', #2725, #3154, #3422 ) ;
#4271 = CARTESIAN_POINT ( 'NONE',  ( 13.36007176639287763, 10.00000000000000000, 1.033674221808750238 ) ) ;
#4272 = SURFACE_STYLE_USAGE ( .BOTH. , #3507 ) ;
#4273 = LINE ( 'NONE', #1100, #1606 ) ;
#4274 = MECHANICAL_DESIGN_GEOMETRIC_PRESENTATION_REPRESENTATION (  '', ( #151 ), #1614 ) ;
#4275 = PRESENTATION_LAYER_ASSIGNMENT (  '', '', ( #756 ) ) ;
#4276 = CARTESIAN_POINT ( 'NONE',  ( -11.32179765614438516, -1.300000000000000044, -5.244954800604855194 ) ) ;
#4277 = EDGE_LOOP ( 'NONE', ( #1719 ) ) ;
#4278 = PRESENTATION_LAYER_ASSIGNMENT (  '', '', ( #384 ) ) ;
#4279 = FILL_AREA_STYLE_COLOUR ( '', #1516 ) ;
#4280 = CARTESIAN_POINT ( 'NONE',  ( -13.29877818578986215, -1.800000000000000044, -0.5104860949298393180 ) ) ;
#4281 = CARTESIAN_POINT ( 'NONE',  ( -14.10000000000000320, 7.281204824524791341, 5.840411229460642950 ) ) ;
#4282 = VECTOR ( 'NONE', #408, 1000.000000000000000 ) ;
#4283 = UNCERTAINTY_MEASURE_WITH_UNIT (LENGTH_MEASURE( 1.000000000000000082E-05 ), #3704, 'distance_accuracy_value', 'NONE');
#4284 = COLOUR_RGB ( '',0.2941176470588235392, 0.2745098039215686514, 1.000000000000000000 ) ;
#4285 =( NAMED_UNIT ( * ) SI_UNIT ( $, .STERADIAN. ) SOLID_ANGLE_UNIT ( ) );
#4286 = EDGE_CURVE ( 'NONE', #1312, #2946, #2833, .T. ) ;
#4287 = CARTESIAN_POINT ( 'NONE',  ( 13.29877818578855653, 0.4158862584580907962, -0.3117549823513498519 ) ) ;
#4288 = SURFACE_STYLE_USAGE ( .BOTH. , #2196 ) ;
#4289 = CARTESIAN_POINT ( 'NONE',  ( 13.39266726133306307, 0.8878566973985582145, -0.4438484132003823190 ) ) ;
#4290 = ORIENTED_EDGE ( 'NONE', *, *, #2506, .T. ) ;
#4291 =( NAMED_UNIT ( * ) PLANE_ANGLE_UNIT ( ) SI_UNIT ( $, .RADIAN. ) );
#4292 = ORIENTED_EDGE ( 'NONE', *, *, #1518, .F. ) ;
#4293 = EDGE_CURVE ( 'NONE', #3620, #1520, #2493, .T. ) ;
#4294 = DIRECTION ( 'NONE',  ( -0.000000000000000000, -1.000000000000000000, -0.000000000000000000 ) ) ;
#4295 = CARTESIAN_POINT ( 'NONE',  ( 13.29877818578986393, 0.3541830831092775411, 0.1308620165343556963 ) ) ;
#4296 = CARTESIAN_POINT ( 'NONE',  ( 5.550461735799472329, 7.637500000000000178, -13.40000000000000391 ) ) ;
#4297 = AXIS2_PLACEMENT_3D ( 'NONE', #2347, #597, #2741 ) ;
#4298 = VERTEX_POINT ( 'NONE', #2128 ) ;
#4299 = PLANE ( 'NONE',  #3066 ) ;
#4300 = CARTESIAN_POINT ( 'NONE',  ( 0.000000000000000000, 7.731295175475212389, 14.09999999999999964 ) ) ;
#4301 = VECTOR ( 'NONE', #3186, 1000.000000000000000 ) ;
#4302 = CARTESIAN_POINT ( 'NONE',  ( 13.36773185208240378, 1.330663156017398263, -0.9325978746401653030 ) ) ;
#4303 = LINE ( 'NONE', #1152, #2877 ) ;
#4304 = CARTESIAN_POINT ( 'NONE',  ( -5.840411229460641174, 7.406204824524791341, 14.10000000000000320 ) ) ;
#4305 = FILL_AREA_STYLE_COLOUR ( '', #478 ) ;
#4306 = CARTESIAN_POINT ( 'NONE',  ( 13.39203117124686848, 0.8555844495220229495, -0.4622227326698501448 ) ) ;
#4307 = EDGE_CURVE ( 'NONE', #3511, #1097, #4115, .T. ) ;
#4308 = EDGE_CURVE ( 'NONE', #3752, #3191, #3317, .T. ) ;
#4309 = EDGE_LOOP ( 'NONE', ( #770, #3055, #3637, #1646 ) ) ;
#4310 = SURFACE_STYLE_FILL_AREA ( #896 ) ;
#4311 = VERTEX_POINT ( 'NONE', #1219 ) ;
#4312 =( LENGTH_UNIT ( ) NAMED_UNIT ( * ) SI_UNIT ( .MILLI., .METRE. ) );
#4313 = EDGE_CURVE ( 'NONE', #96, #3849, #1160, .T. ) ;
#4314 = DIRECTION ( 'NONE',  ( 0.8712137661464369742, 0.000000000000000000, 0.4909038334306846108 ) ) ;
#4315 = SURFACE_SIDE_STYLE ('',( #3970 ) ) ;
#4316 = CARTESIAN_POINT ( 'NONE',  ( -9.475230867899737675, 5.075000000000000178, 9.475230867899737675 ) ) ;
#4317 = COLOUR_RGB ( '',0.2941176470588235392, 0.2745098039215686514, 1.000000000000000000 ) ;
#4318 = ORIENTED_EDGE ( 'NONE', *, *, #411, .T. ) ;
#4319 = CARTESIAN_POINT ( 'NONE',  ( 9.970205614730319965, 7.106295175475212389, -9.970205614730321741 ) ) ;
#4320 = DIRECTION ( 'NONE',  ( 0.000000000000000000, 0.000000000000000000, 1.000000000000000000 ) ) ;
#4321 = CARTESIAN_POINT ( 'NONE',  ( -9.970205614730319965, 7.093704824524791341, -9.970205614730319965 ) ) ;
#4322 = UNCERTAINTY_MEASURE_WITH_UNIT (LENGTH_MEASURE( 1.000000000000000082E-05 ), #3917, 'distance_accuracy_value', 'NONE');
#4323 =( NAMED_UNIT ( * ) PLANE_ANGLE_UNIT ( ) SI_UNIT ( $, .RADIAN. ) );
#4324 = DIRECTION ( 'NONE',  ( 1.000000000000000000, 0.000000000000000000, -0.000000000000000000 ) ) ;
#4325 = ORIENTED_EDGE ( 'NONE', *, *, #2506, .F. ) ;
#4326 = ORIENTED_EDGE ( 'NONE', *, *, #3633, .F. ) ;
#4327 = FILL_AREA_STYLE_COLOUR ( '', #1194 ) ;
#4328 = AXIS2_PLACEMENT_3D ( 'NONE', #3083, #1326, #4516 ) ;
#4329 = CIRCLE ( 'NONE', #1760, 13.40000000000000036 ) ;
#4330 = MECHANICAL_DESIGN_GEOMETRIC_PRESENTATION_REPRESENTATION (  '', ( #899 ), #3968 ) ;
#4331 =( NAMED_UNIT ( * ) SI_UNIT ( $, .STERADIAN. ) SOLID_ANGLE_UNIT ( ) );
#4332 = CARTESIAN_POINT ( 'NONE',  ( -14.10000000000000142, 8.156204824524790453, -5.840411229460639397 ) ) ;
#4333 = EDGE_LOOP ( 'NONE', ( #3845, #2587, #2785, #2971 ) ) ;
#4334 = CARTESIAN_POINT ( 'NONE',  ( 5.840411229460638509, 6.168795175475212389, -14.10000000000000320 ) ) ;
#4335 = CARTESIAN_POINT ( 'NONE',  ( -9.970205614730319965, 6.093704824524790453, -9.970205614730319965 ) ) ;
#4336 = AXIS2_PLACEMENT_3D ( 'NONE', #3926, #4205, #1061 ) ;
#4337 = CARTESIAN_POINT ( 'NONE',  ( 9.475230867899739451, 5.325000000000001066, 9.475230867899734122 ) ) ;
#4338 = ADVANCED_FACE ( 'NONE', ( #136 ), #3679, .F. ) ;
#4339 =( LENGTH_UNIT ( ) NAMED_UNIT ( * ) SI_UNIT ( .MILLI., .METRE. ) );
#4340 = COLOUR_RGB ( '',0.3333333333333333148, 0.3333333333333333148, 0.6666666666666666297 ) ;
#4341 = FACE_OUTER_BOUND ( 'NONE', #4091, .T. ) ;
#4342 = SURFACE_SIDE_STYLE ('',( #1213 ) ) ;
#4343 = CARTESIAN_POINT ( 'NONE',  ( 0.000000000000000000, 4.600000000000001421, 14.09999999999999964 ) ) ;
#4344 =( GEOMETRIC_REPRESENTATION_CONTEXT ( 3 ) GLOBAL_UNCERTAINTY_ASSIGNED_CONTEXT ( ( #4358 ) ) GLOBAL_UNIT_ASSIGNED_CONTEXT ( ( #1564, #875, #1585 ) ) REPRESENTATION_CONTEXT ( 'NONE', 'WORKASPACE' ) );
#4345 = ORIENTED_EDGE ( 'NONE', *, *, #4088, .T. ) ;
#4346 = CARTESIAN_POINT ( 'NONE',  ( -15.67069872835678801, 3.218914651395904158, -11.31245942397727688 ) ) ;
#4347 = VERTEX_POINT ( 'NONE', #1851 ) ;
#4348 = PRESENTATION_STYLE_ASSIGNMENT (( #3728 ) ) ;
#4349 = CARTESIAN_POINT ( 'NONE',  ( 5.550461735799472329, 4.637500000000001066, -13.40000000000000391 ) ) ;
#4350 = EDGE_CURVE ( 'NONE', #648, #2748, #2646, .T. ) ;
#4351 = EDGE_LOOP ( 'NONE', ( #161, #1189, #318, #3491 ) ) ;
#4352 = CARTESIAN_POINT ( 'NONE',  ( -5.840411229460641174, 5.668795175475212389, 14.10000000000000320 ) ) ;
#4353 = SURFACE_SIDE_STYLE ('',( #2949 ) ) ;
#4354 = PLANE ( 'NONE',  #749 ) ;
#4355 = CARTESIAN_POINT ( 'NONE',  ( -13.40000000000000036, 6.887500000000000178, -5.550461735799473217 ) ) ;
#4356 = CARTESIAN_POINT ( 'NONE',  ( -12.60000000000000142, 0.6999999999999999556, 0.000000000000000000 ) ) ;
#4357 = EDGE_CURVE ( 'NONE', #906, #3125, #4368, .T. ) ;
#4358 = UNCERTAINTY_MEASURE_WITH_UNIT (LENGTH_MEASURE( 1.000000000000000082E-05 ), #1564, 'distance_accuracy_value', 'NONE');
#4359 = PRESENTATION_LAYER_ASSIGNMENT (  '', '', ( #1642 ) ) ;
#4360 = MECHANICAL_DESIGN_GEOMETRIC_PRESENTATION_REPRESENTATION (  '', ( #710 ), #3851 ) ;
#4361 = DIRECTION ( 'NONE',  ( 0.000000000000000000, -1.000000000000000000, 0.000000000000000000 ) ) ;
#4362 = PLANE ( 'NONE',  #2603 ) ;
#4363 = CARTESIAN_POINT ( 'NONE',  ( -0.7245085511037967496, 1.700000000000000178, 13.29790144351676950 ) ) ;
#4364 = AXIS2_PLACEMENT_3D ( 'NONE', #3647, #1210, #2928 ) ;
#4365 = UNCERTAINTY_MEASURE_WITH_UNIT (LENGTH_MEASURE( 1.000000000000000082E-05 ), #654, 'distance_accuracy_value', 'NONE');
#4366 = CARTESIAN_POINT ( 'NONE',  ( -7.121753946748072828, 1.779508393036489666, 14.09999999999999964 ) ) ;
#4367 = CARTESIAN_POINT ( 'NONE',  ( -13.40000000000000036, 6.812500000000001776, 5.550461735799474106 ) ) ;
#4368 = LINE ( 'NONE', #1537, #4391 ) ;
#4369 = ORIENTED_EDGE ( 'NONE', *, *, #4112, .F. ) ;
#4370 = CARTESIAN_POINT ( 'NONE',  ( 13.39386407330357720, -0.2743589743589742724, 0.4054690936036221549 ) ) ;
#4371 = CARTESIAN_POINT ( 'NONE',  ( -0.09630342289866861138, -1.800000000000000044, 13.29790144351676950 ) ) ;
#4372 = FILL_AREA_STYLE_COLOUR ( '', #1247 ) ;
#4373 =( LENGTH_UNIT ( ) NAMED_UNIT ( * ) SI_UNIT ( .MILLI., .METRE. ) );
#4374 = CARTESIAN_POINT ( 'NONE',  ( -5.550461735799475882, 4.762500000000001066, -13.40000000000000036 ) ) ;
#4375 = CARTESIAN_POINT ( 'NONE',  ( 13.29877818578986393, 0.6782190362826261421, -1.119527969859622107 ) ) ;
#4376 = ORIENTED_EDGE ( 'NONE', *, *, #3080, .F. ) ;
#4377 = CARTESIAN_POINT ( 'NONE',  ( -9.970205614730319965, 5.356295175475213277, -9.970205614730319965 ) ) ;
#4378 = PRESENTATION_STYLE_ASSIGNMENT (( #2929 ) ) ;
#4379 = CARTESIAN_POINT ( 'NONE',  ( -5.550461735799474994, 7.762500000000000178, -13.40000000000000036 ) ) ;
#4380 = PRESENTATION_STYLE_ASSIGNMENT (( #890 ) ) ;
#4381 = EDGE_CURVE ( 'NONE', #2273, #3593, #473, .T. ) ;
#4382 = DIRECTION ( 'NONE',  ( -0.000000000000000000, -1.000000000000000000, -0.000000000000000000 ) ) ;
#4383 = ORIENTED_EDGE ( 'NONE', *, *, #2939, .T. ) ;
#4384 = CARTESIAN_POINT ( 'NONE',  ( -9.475230867899737675, 6.875000000000000888, 9.475230867899737675 ) ) ;
#4385 = ORIENTED_EDGE ( 'NONE', *, *, #4164, .T. ) ;
#4386 = ADVANCED_FACE ( 'NONE', ( #3292 ), #163, .T. ) ;
#4387 = MECHANICAL_DESIGN_GEOMETRIC_PRESENTATION_REPRESENTATION (  '', ( #3592 ), #3006 ) ;
#4388 = CARTESIAN_POINT ( 'NONE',  ( -0.09630342289866861138, -0.2294871794871792547, 13.29790144351676950 ) ) ;
#4389 = CARTESIAN_POINT ( 'NONE',  ( 0.000000000000000000, 7.468704824524791341, 14.09999999999999964 ) ) ;
#4390 = CIRCLE ( 'NONE', #4540, 13.40000000000000213 ) ;
#4391 = VECTOR ( 'NONE', #98, 1000.000000000000000 ) ;
#4392 = VERTEX_POINT ( 'NONE', #1414 ) ;
#4393 = CARTESIAN_POINT ( 'NONE',  ( 14.09999999999999964, 6.656204824524792230, 5.840411229460643838 ) ) ;
#4394 = FILL_AREA_STYLE ('',( #152 ) ) ;
#4395 = CARTESIAN_POINT ( 'NONE',  ( -9.475230867899737675, 7.075000000000000178, 9.475230867899737675 ) ) ;
#4396 = PRODUCT ( 'Pedestal Housing_TY', 'Pedestal Housing_TY', '', ( #819 ) ) ;
#4397 = CARTESIAN_POINT ( 'NONE',  ( 5.840411229460650056, 5.793795175475213277, 14.09999999999999787 ) ) ;
#4398 = UNCERTAINTY_MEASURE_WITH_UNIT (LENGTH_MEASURE( 1.000000000000000082E-05 ), #3969, 'distance_accuracy_value', 'NONE');
#4399 = VECTOR ( 'NONE', #4227, 1000.000000000000000 ) ;
#4400 = STYLED_ITEM ( 'NONE', ( #959 ), #3457 ) ;
#4401 = CARTESIAN_POINT ( 'NONE',  ( 0.000000000000000000, 10.00000000000000000, 0.000000000000000000 ) ) ;
#4402 =( NAMED_UNIT ( * ) SI_UNIT ( $, .STERADIAN. ) SOLID_ANGLE_UNIT ( ) );
#4403 = LINE ( 'NONE', #1260, #4122 ) ;
#4404 =( NAMED_UNIT ( * ) SI_UNIT ( $, .STERADIAN. ) SOLID_ANGLE_UNIT ( ) );
#4405 = COLOUR_RGB ( '',0.2549019607843137081, 0.2549019607843137081, 0.4980392156862745168 ) ;
#4406 = VECTOR ( 'NONE', #743, 1000.000000000000000 ) ;
#4407 = EDGE_CURVE ( 'NONE', #3468, #2724, #360, .T. ) ;
#4408 = EDGE_LOOP ( 'NONE', ( #191, #2875, #2514, #1279 ) ) ;
#4409 = CARTESIAN_POINT ( 'NONE',  ( -9.475230867899737675, 5.875000000000000888, 9.475230867899737675 ) ) ;
#4410 = FILL_AREA_STYLE ('',( #1400 ) ) ;
#4411 = ORIENTED_EDGE ( 'NONE', *, *, #517, .F. ) ;
#4412 = PRESENTATION_LAYER_ASSIGNMENT (  '', '', ( #4126 ) ) ;
#4413 = CARTESIAN_POINT ( 'NONE',  ( 0.000000000000000000, 10.00000000000000000, 0.000000000000000000 ) ) ;
#4414 =( GEOMETRIC_REPRESENTATION_CONTEXT ( 3 ) GLOBAL_UNCERTAINTY_ASSIGNED_CONTEXT ( ( #888 ) ) GLOBAL_UNIT_ASSIGNED_CONTEXT ( ( #1734, #1389, #3850 ) ) REPRESENTATION_CONTEXT ( 'NONE', 'WORKASPACE' ) );
#4415 = CARTESIAN_POINT ( 'NONE',  ( -1.726751986797767995E-15, 5.231295175475213277, -14.09999999999999964 ) ) ;
#4416 = LINE ( 'NONE', #2697, #2385 ) ;
#4417 = EDGE_CURVE ( 'NONE', #2211, #2819, #3485, .T. ) ;
#4418 = FILL_AREA_STYLE ('',( #208 ) ) ;
#4419 = CARTESIAN_POINT ( 'NONE',  ( -14.09999999999999964, 6.218704824524790453, 8.633759933988839975E-16 ) ) ;
#4420 = CARTESIAN_POINT ( 'NONE',  ( 13.29877818578986215, 0.08429546918749647455, -0.9164026799045478233 ) ) ;
#4421 = ORIENTED_EDGE ( 'NONE', *, *, #1298, .T. ) ;
#4422 = CARTESIAN_POINT ( 'NONE',  ( -9.970205614730319965, 6.343704824524790453, 9.970205614730319965 ) ) ;
#4423 = FILL_AREA_STYLE ('',( #4085 ) ) ;
#4424 = DIRECTION ( 'NONE',  ( -1.000000000000000000, -0.000000000000000000, -0.000000000000000000 ) ) ;
#4425 = CARTESIAN_POINT ( 'NONE',  ( -5.550461735799474994, 4.762500000000001066, -13.40000000000000036 ) ) ;
#4426 = CARTESIAN_POINT ( 'NONE',  ( 5.840411229460637621, 6.168795175475211501, -14.10000000000000497 ) ) ;
#4427 = EDGE_LOOP ( 'NONE', ( #2801, #2371, #2058, #929 ) ) ;
#4428 =( NAMED_UNIT ( * ) PLANE_ANGLE_UNIT ( ) SI_UNIT ( $, .RADIAN. ) );
#4429 = FACE_OUTER_BOUND ( 'NONE', #3358, .T. ) ;
#4430 =( NAMED_UNIT ( * ) PLANE_ANGLE_UNIT ( ) SI_UNIT ( $, .RADIAN. ) );
#4431 =( GEOMETRIC_REPRESENTATION_CONTEXT ( 3 ) GLOBAL_UNCERTAINTY_ASSIGNED_CONTEXT ( ( #3267 ) ) GLOBAL_UNIT_ASSIGNED_CONTEXT ( ( #4157, #1997, #3737 ) ) REPRESENTATION_CONTEXT ( 'NONE', 'WORKASPACE' ) );
#4432 = CARTESIAN_POINT ( 'NONE',  ( 13.39232934043298329, -0.1929303691669448650, -0.4960920265535260221 ) ) ;
#4433 =( NAMED_UNIT ( * ) SI_UNIT ( $, .STERADIAN. ) SOLID_ANGLE_UNIT ( ) );
#4434 = CARTESIAN_POINT ( 'NONE',  ( -9.475230867899737675, 6.625000000000000888, -9.475230867899735898 ) ) ;
#4435 = CARTESIAN_POINT ( 'NONE',  ( -13.29877818578986215, -1.171794871794871851, 0.1177190332752888480 ) ) ;
#4436 = ORIENTED_EDGE ( 'NONE', *, *, #2181, .T. ) ;
#4437 = ADVANCED_FACE ( 'NONE', ( #3459 ), #4159, .T. ) ;
#4438 = FACE_BOUND ( 'NONE', #2580, .T. ) ;
#4439 = CARTESIAN_POINT ( 'NONE',  ( 0.000000000000000000, 4.731295175475212389, 14.09999999999999964 ) ) ;
#4440 = CARTESIAN_POINT ( 'NONE',  ( -1.726751986797767995E-15, 5.968704824524790453, -14.09999999999999964 ) ) ;
#4441 = EDGE_LOOP ( 'NONE', ( #2938, #1077, #2157, #3416 ) ) ;
#4442 = EDGE_CURVE ( 'NONE', #2936, #113, #2458, .T. ) ;
#4443 = PLANE ( 'NONE',  #768 ) ;
#4444 = ORIENTED_EDGE ( 'NONE', *, *, #4224, .T. ) ;
#4445 = LINE ( 'NONE', #996, #32 ) ;
#4446 = PLANE ( 'NONE',  #2517 ) ;
#4447 = LINE ( 'NONE', #316, #3174 ) ;
#4448 = CARTESIAN_POINT ( 'NONE',  ( 14.09999999999999787, 7.043795175475213277, -5.840411229460648279 ) ) ;
#4449 = COLOUR_RGB ( '',0.2941176470588235392, 0.2745098039215686514, 1.000000000000000000 ) ;
#4450 = ORIENTED_EDGE ( 'NONE', *, *, #1233, .F. ) ;
#4451 = FILL_AREA_STYLE_COLOUR ( '', #2605 ) ;
#4452 = MECHANICAL_DESIGN_GEOMETRIC_PRESENTATION_REPRESENTATION (  '', ( #270 ), #1744 ) ;
#4453 = FILL_AREA_STYLE ('',( #2798 ) ) ;
#4454 =( NAMED_UNIT ( * ) PLANE_ANGLE_UNIT ( ) SI_UNIT ( $, .RADIAN. ) );
#4455 =( NAMED_UNIT ( * ) PLANE_ANGLE_UNIT ( ) SI_UNIT ( $, .RADIAN. ) );
#4456 = EDGE_LOOP ( 'NONE', ( #637, #261, #965, #149 ) ) ;
#4457 = FILL_AREA_STYLE ('',( #253 ) ) ;
#4458 = DIRECTION ( 'NONE',  ( 1.000000000000000000, -0.000000000000000000, -0.000000000000000000 ) ) ;
#4459 = CARTESIAN_POINT ( 'NONE',  ( 0.000000000000000000, 6.731295175475212389, 14.09999999999999964 ) ) ;
#4460 = DIRECTION ( 'NONE',  ( 0.000000000000000000, 0.000000000000000000, 1.000000000000000000 ) ) ;
#4461 = CARTESIAN_POINT ( 'NONE',  ( -1.726751986797767995E-15, 4.968704824524791341, -14.09999999999999964 ) ) ;
#4462 = ORIENTED_EDGE ( 'NONE', *, *, #927, .T. ) ;
#4463 = PRODUCT_DEFINITION_FORMATION_WITH_SPECIFIED_SOURCE ( 'ANY', '', #4396, .NOT_KNOWN. ) ;
#4464 = VERTEX_POINT ( 'NONE', #297 ) ;
#4465 = CARTESIAN_POINT ( 'NONE',  ( 13.29877818578985504, 1.675969005689324609, -0.2097028635276713127 ) ) ;
#4466 = MECHANICAL_DESIGN_GEOMETRIC_PRESENTATION_REPRESENTATION (  '', ( #3522 ), #512 ) ;
#4467 = PRESENTATION_STYLE_ASSIGNMENT (( #1641 ) ) ;
#4468 = DIRECTION ( 'NONE',  ( 1.000000000000000000, -0.000000000000000000, -0.000000000000000000 ) ) ;
#4469 = CARTESIAN_POINT ( 'NONE',  ( -5.840411229460641174, 5.668795175475212389, 14.10000000000000320 ) ) ;
#4470 = PRESENTATION_LAYER_ASSIGNMENT (  '', '', ( #1458 ) ) ;
#4471 = ORIENTED_EDGE ( 'NONE', *, *, #2002, .T. ) ;
#4472 = CARTESIAN_POINT ( 'NONE',  ( -3.367574150264197819, 1.600000000000000311, 12.40088482095017142 ) ) ;
#4473 = EDGE_CURVE ( 'NONE', #1711, #4347, #1464, .T. ) ;
#4474 = CARTESIAN_POINT ( 'NONE',  ( 13.39232934043297973, 0.5446518608247787885, -1.111463728859216848 ) ) ;
#4475 = STYLED_ITEM ( 'NONE', ( #4254 ), #229 ) ;
#4476 = CARTESIAN_POINT ( 'NONE',  ( 13.40103461748983982, 1.032978080797706699, -0.2445722683324284552 ) ) ;
#4477 = MECHANICAL_DESIGN_GEOMETRIC_PRESENTATION_REPRESENTATION (  '', ( #3531 ), #2447 ) ;
#4478 = ORIENTED_EDGE ( 'NONE', *, *, #955, .T. ) ;
#4479 = CARTESIAN_POINT ( 'NONE',  ( 13.39964301282230075, 0.3686386211161310489, -0.1202545603543726527 ) ) ;
#4480 = DIRECTION ( 'NONE',  ( -0.000000000000000000, -1.000000000000000000, 0.000000000000000000 ) ) ;
#4481 = PRESENTATION_LAYER_ASSIGNMENT (  '', '', ( #1928 ) ) ;
#4482 =( LENGTH_UNIT ( ) NAMED_UNIT ( * ) SI_UNIT ( .MILLI., .METRE. ) );
#4483 = VECTOR ( 'NONE', #3846, 1000.000000000000000 ) ;
#4484 = CARTESIAN_POINT ( 'NONE',  ( 0.000000000000000000, 9.000000000000001776, 13.40000000000000036 ) ) ;
#4485 = CIRCLE ( 'NONE', #3251, 12.53065251170244032 ) ;
#4486 = VERTEX_POINT ( 'NONE', #1381 ) ;
#4487 = LINE ( 'NONE', #310, #1706 ) ;
#4488 = ORIENTED_EDGE ( 'NONE', *, *, #2803, .T. ) ;
#4489 = CARTESIAN_POINT ( 'NONE',  ( 13.29877818578986037, 1.504567614949688048, -0.7321718335794040744 ) ) ;
#4490 = CARTESIAN_POINT ( 'NONE',  ( 13.29877818578986215, -0.2743589743589742724, 0.1923280679625963552 ) ) ;
#4491 = CYLINDRICAL_SURFACE ( 'NONE', #1869, 12.48482314205645238 ) ;
#4492 = LINE ( 'NONE', #1352, #1599 ) ;
#4493 = EDGE_CURVE ( 'NONE', #3985, #2269, #4542, .T. ) ;
#4494 = CARTESIAN_POINT ( 'NONE',  ( 0.000000000000000000, 5.000000000000000888, 13.40000000000000036 ) ) ;
#4495 = ORIENTED_EDGE ( 'NONE', *, *, #543, .F. ) ;
#4496 = FILL_AREA_STYLE ('',( #2726 ) ) ;
#4497 = CARTESIAN_POINT ( 'NONE',  ( 0.000000000000000000, 0.6999999999999992895, 0.000000000000000000 ) ) ;
#4498 = ADVANCED_FACE ( 'NONE', ( #3889 ), #22, .T. ) ;
#4499 = CARTESIAN_POINT ( 'NONE',  ( 13.39232934043297796, 0.6241195677580863022, -1.118265277396798485 ) ) ;
#4500 = CARTESIAN_POINT ( 'NONE',  ( 0.000000000000000000, 1.766390046959026572, 0.000000000000000000 ) ) ;
#4501 = CARTESIAN_POINT ( 'NONE',  ( 13.29877818578986215, 1.063335453108553708, -0.06906431130076491620 ) ) ;
#4502 = ORIENTED_EDGE ( 'NONE', *, *, #4493, .T. ) ;
#4503 = CARTESIAN_POINT ( 'NONE',  ( 0.000000000000000000, -1.799999999999999600, 0.000000000000000000 ) ) ;
#4504 = DIRECTION ( 'NONE',  ( 0.000000000000000000, 1.000000000000000000, 0.000000000000000000 ) ) ;
#4505 = VECTOR ( 'NONE', #3471, 1000.000000000000227 ) ;
#4506 = VECTOR ( 'NONE', #4249, 1000.000000000000000 ) ;
#4507 = CARTESIAN_POINT ( 'NONE',  ( 5.550461735799483876, 6.062500000000001776, 13.39999999999999680 ) ) ;
#4508 = EDGE_LOOP ( 'NONE', ( #940, #2323, #4128, #919 ) ) ;
#4509 = ADVANCED_FACE ( 'NONE', ( #3864 ), #2797, .T. ) ;
#4510 = VECTOR ( 'NONE', #3771, 1000.000000000000000 ) ;
#4511 =( BOUNDED_SURFACE ( )  B_SPLINE_SURFACE ( 1, 2, ( 
 ( #4539, #2823, #4211, #4051, #1066, #539, #1945, #1799, #2888, #774, #1088, #1425, #1865, #2909, #2865, #436, #415, #4304, #3265, #4281, #2193, #1137, #4321, #2549, #2846, #2930, #796, #1818, #4238, #3561, #3583, #3516, #2167, #1444, #3203, #3932, #3222, #43, #63, #2505, #815, #87, #1491, #1153, #3887, #748, #1838, #3245, #109, #4256, #1171, #1109, #3954, #2573, #2529, #2142, #3911, #3863, #2216, #727, #3607, #462, #2120, #369, #1772 ),
 ( #3182, #18, #3540, #4040, #864, #2658, #933, #4379, #910, #3010, #506, #1230, #2975, #174, #2636, #1255, #1936, #886, #4395, #2328, #2682, #4355, #1195, #4065, #2305, #3717, #3305, #1595, #218, #2260, #3696, #1553, #550, #2618, #842, #2238, #4021, #1882, #3625, #1907, #3371, #3286, #483, #574, #1212, #153, #4337, #1970, #129, #1620, #2283, #3329, #3037, #3670, #2951, #4425, #2994, #2592, #3998, #1575, #3648, #529, #1957, #3979, #3350 ) ),
 .UNSPECIFIED., .F., .F., .F. ) 
 B_SPLINE_SURFACE_WITH_KNOTS ( ( 2, 2 ),
 ( 3, 2, 2, 2, 2, 2, 2, 2, 2, 2, 2, 2, 2, 2, 2, 2, 2, 2, 2, 2, 2, 2, 2, 2, 2, 2, 2, 2, 2, 2, 2, 2, 3 ),
 ( 0.000000000000000000, 1.000000000000000000 ),
 ( 0.000000000000000000, 0.03125000000000000000, 0.06250000000000000000, 0.09375000000000000000, 0.1250000000000000000, 0.1562500000000000000, 0.1875000000000000000, 0.2187500000000000000, 0.2500000000000000000, 0.2812500000000000000, 0.3125000000000000000, 0.3437500000000000000, 0.3750000000000000000, 0.4062500000000000000, 0.4375000000000000000, 0.4687500000000000000, 0.5000000000000000000, 0.5312500000000000000, 0.5625000000000000000, 0.5937500000000000000, 0.6250000000000000000, 0.6562500000000000000, 0.6875000000000000000, 0.7187500000000000000, 0.7500000000000000000, 0.7812500000000000000, 0.8125000000000000000, 0.8437500000000000000, 0.8750000000000000000, 0.9062500000000000000, 0.9375000000000000000, 0.9687500000000000000, 1.000000000000000000 ),
 .UNSPECIFIED. ) 
 GEOMETRIC_REPRESENTATION_ITEM ( )  RATIONAL_B_SPLINE_SURFACE ( (
 ( 1.000000000000000000, 0.9238795325112867385, 1.000000000000000000, 0.9238795325112867385, 1.000000000000000000, 0.9238795325112867385, 1.000000000000000000, 0.9238795325112867385, 1.000000000000000000, 0.9238795325112867385, 1.000000000000000000, 0.9238795325112867385, 1.000000000000000000, 0.9238795325112867385, 1.000000000000000000, 0.9238795325112867385, 1.000000000000000000, 0.9238795325112867385, 1.000000000000000000, 0.9238795325112867385, 1.000000000000000000, 0.9238795325112867385, 1.000000000000000000, 0.9238795325112867385, 1.000000000000000000, 0.9238795325112867385, 1.000000000000000000, 0.9238795325112867385, 1.000000000000000000, 0.9238795325112867385, 1.000000000000000000, 0.9238795325112867385, 1.000000000000000000, 0.9238795325112867385, 1.000000000000000000, 0.9238795325112867385, 1.000000000000000000, 0.9238795325112867385, 1.000000000000000000, 0.9238795325112867385, 1.000000000000000000, 0.9238795325112867385, 1.000000000000000000, 0.9238795325112867385, 1.000000000000000000, 0.9238795325112867385, 1.000000000000000000, 0.9238795325112867385, 1.000000000000000000, 0.9238795325112867385, 1.000000000000000000, 0.9238795325112867385, 1.000000000000000000, 0.9238795325112867385, 1.000000000000000000, 0.9238795325112867385, 1.000000000000000000, 0.9238795325112867385, 1.000000000000000000, 0.9238795325112867385, 1.000000000000000000, 0.9238795325112867385, 1.000000000000000000, 0.9238795325112867385, 1.000000000000000000),
 ( 1.000000000000000000, 0.9238795325112867385, 1.000000000000000000, 0.9238795325112867385, 1.000000000000000000, 0.9238795325112867385, 1.000000000000000000, 0.9238795325112867385, 1.000000000000000000, 0.9238795325112867385, 1.000000000000000000, 0.9238795325112867385, 1.000000000000000000, 0.9238795325112867385, 1.000000000000000000, 0.9238795325112867385, 1.000000000000000000, 0.9238795325112867385, 1.000000000000000000, 0.9238795325112867385, 1.000000000000000000, 0.9238795325112867385, 1.000000000000000000, 0.9238795325112867385, 1.000000000000000000, 0.9238795325112867385, 1.000000000000000000, 0.9238795325112867385, 1.000000000000000000, 0.9238795325112867385, 1.000000000000000000, 0.9238795325112867385, 1.000000000000000000, 0.9238795325112867385, 1.000000000000000000, 0.9238795325112867385, 1.000000000000000000, 0.9238795325112867385, 1.000000000000000000, 0.9238795325112867385, 1.000000000000000000, 0.9238795325112867385, 1.000000000000000000, 0.9238795325112867385, 1.000000000000000000, 0.9238795325112867385, 1.000000000000000000, 0.9238795325112867385, 1.000000000000000000, 0.9238795325112867385, 1.000000000000000000, 0.9238795325112867385, 1.000000000000000000, 0.9238795325112867385, 1.000000000000000000, 0.9238795325112867385, 1.000000000000000000, 0.9238795325112867385, 1.000000000000000000, 0.9238795325112867385, 1.000000000000000000, 0.9238795325112867385, 1.000000000000000000, 0.9238795325112867385, 1.000000000000000000) ) ) 
 REPRESENTATION_ITEM ( '' )  SURFACE ( )  );
#4512 = ORIENTED_EDGE ( 'NONE', *, *, #223, .T. ) ;
#4513 = CARTESIAN_POINT ( 'NONE',  ( 13.40214012082287098, 1.644000109340785221, -0.4025112207873073888 ) ) ;
#4514 = CARTESIAN_POINT ( 'NONE',  ( 14.09999999999999964, 4.718704824524791341, -2.590127980196652091E-15 ) ) ;
#4515 = CARTESIAN_POINT ( 'NONE',  ( 13.39903543421899990, 0.3538461538461542544, 0.1607775871933657397 ) ) ;
#4516 = DIRECTION ( 'NONE',  ( 0.000000000000000000, 0.000000000000000000, 1.000000000000000000 ) ) ;
#4517 = PRESENTATION_STYLE_ASSIGNMENT (( #2422 ) ) ;
#4518 = ORIENTED_EDGE ( 'NONE', *, *, #3380, .F. ) ;
#4519 =( NAMED_UNIT ( * ) SI_UNIT ( $, .STERADIAN. ) SOLID_ANGLE_UNIT ( ) );
#4520 =( GEOMETRIC_REPRESENTATION_CONTEXT ( 3 ) GLOBAL_UNCERTAINTY_ASSIGNED_CONTEXT ( ( #2169 ) ) GLOBAL_UNIT_ASSIGNED_CONTEXT ( ( #2492, #1708, #1410 ) ) REPRESENTATION_CONTEXT ( 'NONE', 'WORKASPACE' ) );
#4521 = DIRECTION ( 'NONE',  ( -1.000000000000000000, 0.000000000000000000, -0.000000000000000000 ) ) ;
#4522 = CARTESIAN_POINT ( 'NONE',  ( 13.29877818578986393, 1.071794871794872206, 0.1916269461677245767 ) ) ;
#4523 = ORIENTED_EDGE ( 'NONE', *, *, #3407, .F. ) ;
#4524 = CARTESIAN_POINT ( 'NONE',  ( 13.29877818578986393, 0.7327718675465506593, -0.4912542518522088897 ) ) ;
#4525 = CARTESIAN_POINT ( 'NONE',  ( -0.09630342289866861138, 10.00000000000000000, 13.39965393772309454 ) ) ;
#4526 = CARTESIAN_POINT ( 'NONE',  ( -1.641026710857453312E-15, 6.500000000000000888, -13.40000000000000036 ) ) ;
#4527 = VERTEX_POINT ( 'NONE', #3914 ) ;
#4528 = ADVANCED_FACE ( 'NONE', ( #3587 ), #799, .F. ) ;
#4529 = VERTEX_POINT ( 'NONE', #3268 ) ;
#4530 = CARTESIAN_POINT ( 'NONE',  ( 13.29877818578986748, 1.624287129643757543, -0.4828915090478136940 ) ) ;
#4531 = FACE_OUTER_BOUND ( 'NONE', #3362, .T. ) ;
#4532 = CARTESIAN_POINT ( 'NONE',  ( 13.29877818578855653, 0.3538461538461538103, 0.1607775871933657397 ) ) ;
#4533 = CARTESIAN_POINT ( 'NONE',  ( -13.40000000000000036, 6.950000000000000178, 8.205133554287266562E-16 ) ) ;
#4534 = CARTESIAN_POINT ( 'NONE',  ( 14.09999999999999964, 4.981295175475212389, -2.590127980196652091E-15 ) ) ;
#4535 = EDGE_LOOP ( 'NONE', ( #1283, #2201, #1873, #2522 ) ) ;
#4536 =( LENGTH_UNIT ( ) NAMED_UNIT ( * ) SI_UNIT ( .MILLI., .METRE. ) );
#4537 =( LENGTH_UNIT ( ) NAMED_UNIT ( * ) SI_UNIT ( .MILLI., .METRE. ) );
#4538 = DIRECTION ( 'NONE',  ( -1.635972270951187597E-16, 0.000000000000000000, 1.000000000000000000 ) ) ;
#4539 = CARTESIAN_POINT ( 'NONE',  ( 0.000000000000000000, 8.468704824524790453, 14.09999999999999964 ) ) ;
#4540 = AXIS2_PLACEMENT_3D ( 'NONE', #3304, #4064, #2950 ) ;
#4541 = VECTOR ( 'NONE', #1823, 1000.000000000000000 ) ;
#4542 = CIRCLE ( 'NONE', #3167, 12.84999999999999964 ) ;
#4543 = DIRECTION ( 'NONE',  ( 0.000000000000000000, -1.000000000000000000, 0.000000000000000000 ) ) ;
#4544 = CARTESIAN_POINT ( 'NONE',  ( 13.40103461748984337, 1.070067423431870557, 0.04997292408614821546 ) ) ;
#4545 = ORIENTED_EDGE ( 'NONE', *, *, #2922, .T. ) ;
#4546 =( NAMED_UNIT ( * ) PLANE_ANGLE_UNIT ( ) SI_UNIT ( $, .RADIAN. ) );
#4547 = EDGE_CURVE ( 'NONE', #3021, #4032, #3564, .T. ) ;
#4548 = CARTESIAN_POINT ( 'NONE',  ( 13.29877818578986037, 0.9879234653943556044, -0.3415902213593820513 ) ) ;
ENDSEC;
END-ISO-10303-21;
